solid 
 facet normal -1.000000e+00  0.000000e+00  0.000000e+00
   outer loop
     vertex  2.449890e+01  1.021134e+02  1.010022e+02
     vertex  2.449890e+01  1.051134e+02  4.000000e+01
     vertex  2.449890e+01  1.021134e+02  4.000000e+01
   endloop
 endfacet
 facet normal -1.000000e+00  0.000000e+00  0.000000e+00
   outer loop
     vertex  2.449890e+01  1.021134e+02  1.010022e+02
     vertex  2.449890e+01  1.051134e+02  1.010022e+02
     vertex  2.449890e+01  1.051134e+02  4.000000e+01
   endloop
 endfacet
 facet normal  0.000000e+00 -1.000000e+00  0.000000e+00
   outer loop
     vertex  8.550110e+01  1.021134e+02  4.000000e+01
     vertex  2.779890e+01  1.021134e+02  4.330000e+01
     vertex  2.449890e+01  1.021134e+02  4.000000e+01
   endloop
 endfacet
 facet normal -0.000000e+00 -1.000000e+00  0.000000e+00
   outer loop
     vertex  2.779890e+01  1.021134e+02  9.770220e+01
     vertex  2.449890e+01  1.021134e+02  1.010022e+02
     vertex  2.449890e+01  1.021134e+02  4.000000e+01
   endloop
 endfacet
 facet normal  0.000000e+00 -1.000000e+00 -0.000000e+00
   outer loop
     vertex  2.779890e+01  1.021134e+02  9.770220e+01
     vertex  2.449890e+01  1.021134e+02  4.000000e+01
     vertex  2.779890e+01  1.021134e+02  4.330000e+01
   endloop
 endfacet
 facet normal  0.000000e+00 -1.000000e+00  0.000000e+00
   outer loop
     vertex  8.550110e+01  1.021134e+02  1.010022e+02
     vertex  2.779890e+01  1.021134e+02  9.770220e+01
     vertex  8.220110e+01  1.021134e+02  9.770220e+01
   endloop
 endfacet
 facet normal -0.000000e+00 -1.000000e+00  0.000000e+00
   outer loop
     vertex  8.550110e+01  1.021134e+02  1.010022e+02
     vertex  2.449890e+01  1.021134e+02  1.010022e+02
     vertex  2.779890e+01  1.021134e+02  9.770220e+01
   endloop
 endfacet
 facet normal  0.000000e+00 -1.000000e+00 -0.000000e+00
   outer loop
     vertex  8.550110e+01  1.021134e+02  1.010022e+02
     vertex  8.220110e+01  1.021134e+02  9.770220e+01
     vertex  8.550110e+01  1.021134e+02  4.000000e+01
   endloop
 endfacet
 facet normal  0.000000e+00 -1.000000e+00  0.000000e+00
   outer loop
     vertex  2.779890e+01  1.021134e+02  4.330000e+01
     vertex  8.550110e+01  1.021134e+02  4.000000e+01
     vertex  8.220110e+01  1.021134e+02  4.330000e+01
   endloop
 endfacet
 facet normal  0.000000e+00 -1.000000e+00  0.000000e+00
   outer loop
     vertex  8.550110e+01  1.021134e+02  4.000000e+01
     vertex  8.220110e+01  1.021134e+02  9.770220e+01
     vertex  8.220110e+01  1.021134e+02  4.330000e+01
   endloop
 endfacet
 facet normal  0.000000e+00  0.000000e+00  1.000000e+00
   outer loop
     vertex  8.550110e+01  1.051134e+02  1.010022e+02
     vertex  2.449890e+01  1.051134e+02  1.010022e+02
     vertex  2.449890e+01  1.021134e+02  1.010022e+02
   endloop
 endfacet
 facet normal  0.000000e+00  0.000000e+00  1.000000e+00
   outer loop
     vertex  8.550110e+01  1.051134e+02  1.010022e+02
     vertex  2.449890e+01  1.021134e+02  1.010022e+02
     vertex  8.550110e+01  1.021134e+02  1.010022e+02
   endloop
 endfacet
 facet normal  0.000000e+00  1.000000e+00  0.000000e+00
   outer loop
     vertex  8.550110e+01  1.051134e+02  1.010022e+02
     vertex  8.550110e+01  1.051134e+02  4.000000e+01
     vertex  2.449890e+01  1.051134e+02  4.000000e+01
   endloop
 endfacet
 facet normal  0.000000e+00  1.000000e+00  0.000000e+00
   outer loop
     vertex  8.550110e+01  1.051134e+02  1.010022e+02
     vertex  2.449890e+01  1.051134e+02  4.000000e+01
     vertex  2.449890e+01  1.051134e+02  1.010022e+02
   endloop
 endfacet
 facet normal -0.000000e+00  0.000000e+00 -1.000000e+00
   outer loop
     vertex  8.550110e+01  1.051134e+02  4.000000e+01
     vertex  2.449890e+01  1.021134e+02  4.000000e+01
     vertex  2.449890e+01  1.051134e+02  4.000000e+01
   endloop
 endfacet
 facet normal  0.000000e+00 -0.000000e+00 -1.000000e+00
   outer loop
     vertex  8.550110e+01  1.051134e+02  4.000000e+01
     vertex  8.550110e+01  1.021134e+02  4.000000e+01
     vertex  2.449890e+01  1.021134e+02  4.000000e+01
   endloop
 endfacet
 facet normal  1.000000e+00  0.000000e+00  0.000000e+00
   outer loop
     vertex  8.550110e+01  1.021134e+02  1.010022e+02
     vertex  8.550110e+01  1.021134e+02  4.000000e+01
     vertex  8.550110e+01  1.051134e+02  4.000000e+01
   endloop
 endfacet
 facet normal  1.000000e+00 -0.000000e+00  0.000000e+00
   outer loop
     vertex  8.550110e+01  1.021134e+02  1.010022e+02
     vertex  8.550110e+01  1.051134e+02  4.000000e+01
     vertex  8.550110e+01  1.051134e+02  1.010022e+02
   endloop
 endfacet
 facet normal -1.000000e+00  0.000000e+00  0.000000e+00
   outer loop
     vertex  2.779890e+01  9.611340e+01  9.770220e+01
     vertex  2.779890e+01  1.021134e+02  4.330000e+01
     vertex  2.779890e+01  9.611340e+01  4.330000e+01
   endloop
 endfacet
 facet normal -1.000000e+00  0.000000e+00  0.000000e+00
   outer loop
     vertex  2.779890e+01  9.611340e+01  9.770220e+01
     vertex  2.779890e+01  1.021134e+02  9.770220e+01
     vertex  2.779890e+01  1.021134e+02  4.330000e+01
   endloop
 endfacet
 facet normal  0.000000e+00  0.000000e+00  1.000000e+00
   outer loop
     vertex  8.220110e+01  1.021134e+02  9.770220e+01
     vertex  2.779890e+01  1.021134e+02  9.770220e+01
     vertex  2.779890e+01  9.611340e+01  9.770220e+01
   endloop
 endfacet
 facet normal  0.000000e+00  0.000000e+00  1.000000e+00
   outer loop
     vertex  8.220110e+01  1.021134e+02  9.770220e+01
     vertex  2.779890e+01  9.611340e+01  9.770220e+01
     vertex  8.220110e+01  9.611340e+01  9.770220e+01
   endloop
 endfacet
 facet normal  1.000000e+00  0.000000e+00  0.000000e+00
   outer loop
     vertex  8.220110e+01  9.611340e+01  9.770220e+01
     vertex  8.220110e+01  9.611340e+01  4.330000e+01
     vertex  8.220110e+01  1.021134e+02  4.330000e+01
   endloop
 endfacet
 facet normal  1.000000e+00 -0.000000e+00  0.000000e+00
   outer loop
     vertex  8.220110e+01  9.611340e+01  9.770220e+01
     vertex  8.220110e+01  1.021134e+02  4.330000e+01
     vertex  8.220110e+01  1.021134e+02  9.770220e+01
   endloop
 endfacet
 facet normal -0.000000e+00  0.000000e+00 -1.000000e+00
   outer loop
     vertex  8.220110e+01  1.021134e+02  4.330000e+01
     vertex  2.779890e+01  9.611340e+01  4.330000e+01
     vertex  2.779890e+01  1.021134e+02  4.330000e+01
   endloop
 endfacet
 facet normal  0.000000e+00 -0.000000e+00 -1.000000e+00
   outer loop
     vertex  8.220110e+01  1.021134e+02  4.330000e+01
     vertex  8.220110e+01  9.611340e+01  4.330000e+01
     vertex  2.779890e+01  9.611340e+01  4.330000e+01
   endloop
 endfacet
 facet normal  0.000000e+00 -1.000000e+00  0.000000e+00
   outer loop
     vertex  8.220110e+01  9.611340e+01  4.330000e+01
     vertex  2.779890e+01  9.611340e+01  9.770220e+01
     vertex  2.779890e+01  9.611340e+01  4.330000e+01
   endloop
 endfacet
 facet normal -0.000000e+00 -1.000000e+00 -0.000000e+00
   outer loop
     vertex  8.220110e+01  9.611340e+01  9.770220e+01
     vertex  2.779890e+01  9.611340e+01  9.770220e+01
     vertex  8.220110e+01  9.611340e+01  4.330000e+01
   endloop
 endfacet
 facet normal -9.999059e-01 -1.371831e-02  1.051137e-21
   outer loop
     vertex  3.404832e+01  1.016559e+02  5.200000e+01
     vertex  3.404890e+01  1.016134e+02  4.800000e+01
     vertex  3.404890e+01  1.016134e+02  5.200000e+01
   endloop
 endfacet
 facet normal -9.999059e-01 -1.371831e-02 -0.000000e+00
   outer loop
     vertex  3.404832e+01  1.016559e+02  5.200000e+01
     vertex  3.404832e+01  1.016559e+02  4.800000e+01
     vertex  3.404890e+01  1.016134e+02  4.800000e+01
   endloop
 endfacet
 facet normal -9.991532e-01 -4.114462e-02 -0.000000e+00
   outer loop
     vertex  3.404657e+01  1.016984e+02  5.200000e+01
     vertex  3.404657e+01  1.016984e+02  4.800000e+01
     vertex  3.404832e+01  1.016559e+02  4.800000e+01
   endloop
 endfacet
 facet normal -9.991532e-01 -4.114462e-02 -3.969944e-20
   outer loop
     vertex  3.404657e+01  1.016984e+02  5.200000e+01
     vertex  3.404832e+01  1.016559e+02  4.800000e+01
     vertex  3.404832e+01  1.016559e+02  5.200000e+01
   endloop
 endfacet
 facet normal -9.976484e-01 -6.853995e-02 -0.000000e+00
   outer loop
     vertex  3.404365e+01  1.017408e+02  5.200000e+01
     vertex  3.404365e+01  1.017408e+02  4.800000e+01
     vertex  3.404657e+01  1.016984e+02  4.800000e+01
   endloop
 endfacet
 facet normal -9.976484e-01 -6.853995e-02 -3.406517e-20
   outer loop
     vertex  3.404365e+01  1.017408e+02  5.200000e+01
     vertex  3.404657e+01  1.016984e+02  4.800000e+01
     vertex  3.404657e+01  1.016984e+02  5.200000e+01
   endloop
 endfacet
 facet normal -9.953925e-01 -9.588368e-02 -0.000000e+00
   outer loop
     vertex  3.403957e+01  1.017832e+02  5.200000e+01
     vertex  3.403957e+01  1.017832e+02  4.800000e+01
     vertex  3.404365e+01  1.017408e+02  4.800000e+01
   endloop
 endfacet
 facet normal -9.953925e-01 -9.588368e-02 -6.595887e-20
   outer loop
     vertex  3.403957e+01  1.017832e+02  5.200000e+01
     vertex  3.404365e+01  1.017408e+02  4.800000e+01
     vertex  3.404365e+01  1.017408e+02  5.200000e+01
   endloop
 endfacet
 facet normal -9.923874e-01 -1.231552e-01 -0.000000e+00
   outer loop
     vertex  3.403434e+01  1.018254e+02  5.200000e+01
     vertex  3.403434e+01  1.018254e+02  4.800000e+01
     vertex  3.403957e+01  1.017832e+02  4.800000e+01
   endloop
 endfacet
 facet normal -9.923874e-01 -1.231552e-01 -5.596501e-20
   outer loop
     vertex  3.403434e+01  1.018254e+02  5.200000e+01
     vertex  3.403957e+01  1.017832e+02  4.800000e+01
     vertex  3.403957e+01  1.017832e+02  5.200000e+01
   endloop
 endfacet
 facet normal -9.886353e-01 -1.503341e-01 -0.000000e+00
   outer loop
     vertex  3.402794e+01  1.018674e+02  5.200000e+01
     vertex  3.402794e+01  1.018674e+02  4.800000e+01
     vertex  3.403434e+01  1.018254e+02  4.800000e+01
   endloop
 endfacet
 facet normal -9.886353e-01 -1.503341e-01  9.986892e-20
   outer loop
     vertex  3.402794e+01  1.018674e+02  5.200000e+01
     vertex  3.403434e+01  1.018254e+02  4.800000e+01
     vertex  3.403434e+01  1.018254e+02  5.200000e+01
   endloop
 endfacet
 facet normal -9.841389e-01 -1.773998e-01 -0.000000e+00
   outer loop
     vertex  3.402040e+01  1.019093e+02  5.200000e+01
     vertex  3.402040e+01  1.019093e+02  4.800000e+01
     vertex  3.402794e+01  1.018674e+02  4.800000e+01
   endloop
 endfacet
 facet normal -9.841389e-01 -1.773998e-01  1.372972e-19
   outer loop
     vertex  3.402040e+01  1.019093e+02  5.200000e+01
     vertex  3.402794e+01  1.018674e+02  4.800000e+01
     vertex  3.402794e+01  1.018674e+02  5.200000e+01
   endloop
 endfacet
 facet normal -9.789017e-01 -2.043319e-01 -0.000000e+00
   outer loop
     vertex  3.401171e+01  1.019509e+02  5.200000e+01
     vertex  3.401171e+01  1.019509e+02  4.800000e+01
     vertex  3.402040e+01  1.019093e+02  4.800000e+01
   endloop
 endfacet
 facet normal -9.789017e-01 -2.043319e-01 -5.650377e-22
   outer loop
     vertex  3.401171e+01  1.019509e+02  5.200000e+01
     vertex  3.402040e+01  1.019093e+02  4.800000e+01
     vertex  3.402040e+01  1.019093e+02  5.200000e+01
   endloop
 endfacet
 facet normal -9.729276e-01 -2.311102e-01 -0.000000e+00
   outer loop
     vertex  3.400188e+01  1.019923e+02  5.200000e+01
     vertex  3.400188e+01  1.019923e+02  4.800000e+01
     vertex  3.401171e+01  1.019509e+02  4.800000e+01
   endloop
 endfacet
 facet normal -9.729276e-01 -2.311102e-01  7.192918e-20
   outer loop
     vertex  3.400188e+01  1.019923e+02  5.200000e+01
     vertex  3.401171e+01  1.019509e+02  4.800000e+01
     vertex  3.401171e+01  1.019509e+02  5.200000e+01
   endloop
 endfacet
 facet normal -9.662211e-01 -2.577146e-01 -6.964319e-20
   outer loop
     vertex  3.399092e+01  1.020334e+02  5.200000e+01
     vertex  3.400188e+01  1.019923e+02  4.800000e+01
     vertex  3.400188e+01  1.019923e+02  5.200000e+01
   endloop
 endfacet
 facet normal -9.662211e-01 -2.577146e-01 -0.000000e+00
   outer loop
     vertex  3.399092e+01  1.020334e+02  5.200000e+01
     vertex  3.399092e+01  1.020334e+02  4.800000e+01
     vertex  3.400188e+01  1.019923e+02  4.800000e+01
   endloop
 endfacet
 facet normal -9.587873e-01 -2.841250e-01  2.010122e-19
   outer loop
     vertex  3.397884e+01  1.020741e+02  5.200000e+01
     vertex  3.399092e+01  1.020334e+02  4.800000e+01
     vertex  3.399092e+01  1.020334e+02  5.200000e+01
   endloop
 endfacet
 facet normal -9.587873e-01 -2.841250e-01 -0.000000e+00
   outer loop
     vertex  3.397884e+01  1.020741e+02  5.200000e+01
     vertex  3.397884e+01  1.020741e+02  4.800000e+01
     vertex  3.399092e+01  1.020334e+02  4.800000e+01
   endloop
 endfacet
 facet normal -9.506317e-01 -3.103214e-01 -6.378417e-20
   outer loop
     vertex  3.396564e+01  1.021146e+02  5.200000e+01
     vertex  3.397884e+01  1.020741e+02  4.800000e+01
     vertex  3.397884e+01  1.020741e+02  5.200000e+01
   endloop
 endfacet
 facet normal -9.506317e-01 -3.103214e-01 -0.000000e+00
   outer loop
     vertex  3.396564e+01  1.021146e+02  5.200000e+01
     vertex  3.396564e+01  1.021146e+02  4.800000e+01
     vertex  3.397884e+01  1.020741e+02  4.800000e+01
   endloop
 endfacet
 facet normal -9.417605e-01 -3.362843e-01  1.081720e-19
   outer loop
     vertex  3.395134e+01  1.021546e+02  5.200000e+01
     vertex  3.396564e+01  1.021146e+02  4.800000e+01
     vertex  3.396564e+01  1.021146e+02  5.200000e+01
   endloop
 endfacet
 facet normal -9.417605e-01 -3.362843e-01 -0.000000e+00
   outer loop
     vertex  3.395134e+01  1.021546e+02  5.200000e+01
     vertex  3.395134e+01  1.021546e+02  4.800000e+01
     vertex  3.396564e+01  1.021146e+02  4.800000e+01
   endloop
 endfacet
 facet normal -9.321804e-01 -3.619940e-01 -6.438746e-20
   outer loop
     vertex  3.393595e+01  1.021943e+02  5.200000e+01
     vertex  3.395134e+01  1.021546e+02  4.800000e+01
     vertex  3.395134e+01  1.021546e+02  5.200000e+01
   endloop
 endfacet
 facet normal -9.321804e-01 -3.619940e-01 -0.000000e+00
   outer loop
     vertex  3.393595e+01  1.021943e+02  5.200000e+01
     vertex  3.393595e+01  1.021943e+02  4.800000e+01
     vertex  3.395134e+01  1.021546e+02  4.800000e+01
   endloop
 endfacet
 facet normal -9.218986e-01 -3.874313e-01 -0.000000e+00
   outer loop
     vertex  3.393595e+01  1.021943e+02  5.200000e+01
     vertex  3.391947e+01  1.022335e+02  4.800000e+01
     vertex  3.393595e+01  1.021943e+02  4.800000e+01
   endloop
 endfacet
 facet normal -9.218986e-01 -3.874313e-01 -0.000000e+00
   outer loop
     vertex  3.391947e+01  1.022335e+02  5.200000e+01
     vertex  3.391947e+01  1.022335e+02  4.800000e+01
     vertex  3.393595e+01  1.021943e+02  5.200000e+01
   endloop
 endfacet
 facet normal -9.109228e-01 -4.125769e-01 -0.000000e+00
   outer loop
     vertex  3.391947e+01  1.022335e+02  5.200000e+01
     vertex  3.390192e+01  1.022722e+02  4.800000e+01
     vertex  3.391947e+01  1.022335e+02  4.800000e+01
   endloop
 endfacet
 facet normal -9.109228e-01 -4.125769e-01 -0.000000e+00
   outer loop
     vertex  3.390192e+01  1.022722e+02  5.200000e+01
     vertex  3.390192e+01  1.022722e+02  4.800000e+01
     vertex  3.391947e+01  1.022335e+02  5.200000e+01
   endloop
 endfacet
 facet normal -8.992613e-01 -4.374119e-01 -2.895653e-19
   outer loop
     vertex  3.388332e+01  1.023104e+02  5.200000e+01
     vertex  3.390192e+01  1.022722e+02  4.800000e+01
     vertex  3.390192e+01  1.022722e+02  5.200000e+01
   endloop
 endfacet
 facet normal -8.992613e-01 -4.374119e-01 -0.000000e+00
   outer loop
     vertex  3.388332e+01  1.023104e+02  5.200000e+01
     vertex  3.388332e+01  1.023104e+02  4.800000e+01
     vertex  3.390192e+01  1.022722e+02  4.800000e+01
   endloop
 endfacet
 facet normal -8.869228e-01 -4.619176e-01 -1.481458e-19
   outer loop
     vertex  3.386368e+01  1.023482e+02  5.200000e+01
     vertex  3.388332e+01  1.023104e+02  4.800000e+01
     vertex  3.388332e+01  1.023104e+02  5.200000e+01
   endloop
 endfacet
 facet normal -8.869228e-01 -4.619176e-01 -0.000000e+00
   outer loop
     vertex  3.386368e+01  1.023482e+02  5.200000e+01
     vertex  3.386368e+01  1.023482e+02  4.800000e+01
     vertex  3.388332e+01  1.023104e+02  4.800000e+01
   endloop
 endfacet
 facet normal -8.739167e-01 -4.860756e-01 -0.000000e+00
   outer loop
     vertex  3.386368e+01  1.023482e+02  5.200000e+01
     vertex  3.384301e+01  1.023853e+02  4.800000e+01
     vertex  3.386368e+01  1.023482e+02  4.800000e+01
   endloop
 endfacet
 facet normal -8.739167e-01 -4.860756e-01 -0.000000e+00
   outer loop
     vertex  3.384301e+01  1.023853e+02  5.200000e+01
     vertex  3.384301e+01  1.023853e+02  4.800000e+01
     vertex  3.386368e+01  1.023482e+02  5.200000e+01
   endloop
 endfacet
 facet normal -8.602528e-01 -5.098678e-01  3.264105e-20
   outer loop
     vertex  3.382132e+01  1.024219e+02  5.200000e+01
     vertex  3.384301e+01  1.023853e+02  4.800000e+01
     vertex  3.384301e+01  1.023853e+02  5.200000e+01
   endloop
 endfacet
 facet normal -8.602528e-01 -5.098678e-01 -0.000000e+00
   outer loop
     vertex  3.382132e+01  1.024219e+02  5.200000e+01
     vertex  3.382132e+01  1.024219e+02  4.800000e+01
     vertex  3.384301e+01  1.023853e+02  4.800000e+01
   endloop
 endfacet
 facet normal -8.459413e-01 -5.332761e-01  2.303017e-19
   outer loop
     vertex  3.379865e+01  1.024579e+02  5.200000e+01
     vertex  3.382132e+01  1.024219e+02  4.800000e+01
     vertex  3.382132e+01  1.024219e+02  5.200000e+01
   endloop
 endfacet
 facet normal -8.459413e-01 -5.332761e-01 -0.000000e+00
   outer loop
     vertex  3.379865e+01  1.024579e+02  5.200000e+01
     vertex  3.379865e+01  1.024579e+02  4.800000e+01
     vertex  3.382132e+01  1.024219e+02  4.800000e+01
   endloop
 endfacet
 facet normal -8.309929e-01 -5.562829e-01 -0.000000e+00
   outer loop
     vertex  3.377499e+01  1.024932e+02  5.200000e+01
     vertex  3.377499e+01  1.024932e+02  4.800000e+01
     vertex  3.379865e+01  1.024579e+02  4.800000e+01
   endloop
 endfacet
 facet normal -8.309929e-01 -5.562829e-01 -1.021203e-19
   outer loop
     vertex  3.377499e+01  1.024932e+02  5.200000e+01
     vertex  3.379865e+01  1.024579e+02  4.800000e+01
     vertex  3.379865e+01  1.024579e+02  5.200000e+01
   endloop
 endfacet
 facet normal -8.154191e-01 -5.788711e-01 -0.000000e+00
   outer loop
     vertex  3.377499e+01  1.024932e+02  5.200000e+01
     vertex  3.375037e+01  1.025279e+02  4.800000e+01
     vertex  3.377499e+01  1.024932e+02  4.800000e+01
   endloop
 endfacet
 facet normal -8.154191e-01 -5.788711e-01 -0.000000e+00
   outer loop
     vertex  3.375037e+01  1.025279e+02  5.200000e+01
     vertex  3.375037e+01  1.025279e+02  4.800000e+01
     vertex  3.377499e+01  1.024932e+02  5.200000e+01
   endloop
 endfacet
 facet normal -7.992314e-01 -6.010234e-01 -1.380219e-19
   outer loop
     vertex  3.372481e+01  1.025619e+02  5.200000e+01
     vertex  3.375037e+01  1.025279e+02  4.800000e+01
     vertex  3.375037e+01  1.025279e+02  5.200000e+01
   endloop
 endfacet
 facet normal -7.992314e-01 -6.010234e-01 -0.000000e+00
   outer loop
     vertex  3.372481e+01  1.025619e+02  5.200000e+01
     vertex  3.372481e+01  1.025619e+02  4.800000e+01
     vertex  3.375037e+01  1.025279e+02  4.800000e+01
   endloop
 endfacet
 facet normal -7.824421e-01 -6.227234e-01 -0.000000e+00
   outer loop
     vertex  3.372481e+01  1.025619e+02  5.200000e+01
     vertex  3.369833e+01  1.025952e+02  4.800000e+01
     vertex  3.372481e+01  1.025619e+02  4.800000e+01
   endloop
 endfacet
 facet normal -7.824421e-01 -6.227234e-01 -0.000000e+00
   outer loop
     vertex  3.369833e+01  1.025952e+02  5.200000e+01
     vertex  3.369833e+01  1.025952e+02  4.800000e+01
     vertex  3.372481e+01  1.025619e+02  5.200000e+01
   endloop
 endfacet
 facet normal -7.650637e-01 -6.439545e-01 -0.000000e+00
   outer loop
     vertex  3.367094e+01  1.026277e+02  5.200000e+01
     vertex  3.367094e+01  1.026277e+02  4.800000e+01
     vertex  3.369833e+01  1.025952e+02  4.800000e+01
   endloop
 endfacet
 facet normal -7.650637e-01 -6.439545e-01 -2.991394e-19
   outer loop
     vertex  3.367094e+01  1.026277e+02  5.200000e+01
     vertex  3.369833e+01  1.025952e+02  4.800000e+01
     vertex  3.369833e+01  1.025952e+02  5.200000e+01
   endloop
 endfacet
 facet normal -7.471095e-01 -6.647010e-01 -0.000000e+00
   outer loop
     vertex  3.364268e+01  1.026595e+02  5.200000e+01
     vertex  3.364268e+01  1.026595e+02  4.800000e+01
     vertex  3.367094e+01  1.026277e+02  4.800000e+01
   endloop
 endfacet
 facet normal -7.471095e-01 -6.647010e-01 -2.891334e-19
   outer loop
     vertex  3.364268e+01  1.026595e+02  5.200000e+01
     vertex  3.367094e+01  1.026277e+02  4.800000e+01
     vertex  3.367094e+01  1.026277e+02  5.200000e+01
   endloop
 endfacet
 facet normal -7.285929e-01 -6.849470e-01 -0.000000e+00
   outer loop
     vertex  3.361355e+01  1.026905e+02  5.200000e+01
     vertex  3.361355e+01  1.026905e+02  4.800000e+01
     vertex  3.364268e+01  1.026595e+02  4.800000e+01
   endloop
 endfacet
 facet normal -7.285929e-01 -6.849470e-01 -3.972602e-20
   outer loop
     vertex  3.361355e+01  1.026905e+02  5.200000e+01
     vertex  3.364268e+01  1.026595e+02  4.800000e+01
     vertex  3.364268e+01  1.026595e+02  5.200000e+01
   endloop
 endfacet
 facet normal -7.095278e-01 -7.046775e-01 -0.000000e+00
   outer loop
     vertex  3.358358e+01  1.027206e+02  5.200000e+01
     vertex  3.358358e+01  1.027206e+02  4.800000e+01
     vertex  3.361355e+01  1.026905e+02  4.800000e+01
   endloop
 endfacet
 facet normal -7.095278e-01 -7.046775e-01  2.968068e-19
   outer loop
     vertex  3.358358e+01  1.027206e+02  5.200000e+01
     vertex  3.361355e+01  1.026905e+02  4.800000e+01
     vertex  3.361355e+01  1.026905e+02  5.200000e+01
   endloop
 endfacet
 facet normal -6.899286e-01 -7.238775e-01 -0.000000e+00
   outer loop
     vertex  3.355280e+01  1.027500e+02  5.200000e+01
     vertex  3.355280e+01  1.027500e+02  4.800000e+01
     vertex  3.358358e+01  1.027206e+02  4.800000e+01
   endloop
 endfacet
 facet normal -6.899286e-01 -7.238775e-01 -6.883268e-20
   outer loop
     vertex  3.355280e+01  1.027500e+02  5.200000e+01
     vertex  3.358358e+01  1.027206e+02  4.800000e+01
     vertex  3.358358e+01  1.027206e+02  5.200000e+01
   endloop
 endfacet
 facet normal -6.698100e-01 -7.425325e-01 -0.000000e+00
   outer loop
     vertex  3.352122e+01  1.027785e+02  5.200000e+01
     vertex  3.352122e+01  1.027785e+02  4.800000e+01
     vertex  3.355280e+01  1.027500e+02  4.800000e+01
   endloop
 endfacet
 facet normal -6.698100e-01 -7.425325e-01 -5.336717e-20
   outer loop
     vertex  3.352122e+01  1.027785e+02  5.200000e+01
     vertex  3.355280e+01  1.027500e+02  4.800000e+01
     vertex  3.355280e+01  1.027500e+02  5.200000e+01
   endloop
 endfacet
 facet normal -6.491872e-01 -7.606287e-01 -0.000000e+00
   outer loop
     vertex  3.348887e+01  1.028061e+02  5.200000e+01
     vertex  3.348887e+01  1.028061e+02  4.800000e+01
     vertex  3.352122e+01  1.027785e+02  4.800000e+01
   endloop
 endfacet
 facet normal -6.491872e-01 -7.606287e-01 -1.821546e-19
   outer loop
     vertex  3.348887e+01  1.028061e+02  5.200000e+01
     vertex  3.352122e+01  1.027785e+02  4.800000e+01
     vertex  3.352122e+01  1.027785e+02  5.200000e+01
   endloop
 endfacet
 facet normal -6.280757e-01 -7.781522e-01 -0.000000e+00
   outer loop
     vertex  3.345578e+01  1.028328e+02  5.200000e+01
     vertex  3.345578e+01  1.028328e+02  4.800000e+01
     vertex  3.348887e+01  1.028061e+02  4.800000e+01
   endloop
 endfacet
 facet normal -6.280757e-01 -7.781522e-01  1.578071e-20
   outer loop
     vertex  3.345578e+01  1.028328e+02  5.200000e+01
     vertex  3.348887e+01  1.028061e+02  4.800000e+01
     vertex  3.348887e+01  1.028061e+02  5.200000e+01
   endloop
 endfacet
 facet normal -6.064915e-01 -7.950900e-01 -0.000000e+00
   outer loop
     vertex  3.342197e+01  1.028586e+02  5.200000e+01
     vertex  3.342197e+01  1.028586e+02  4.800000e+01
     vertex  3.345578e+01  1.028328e+02  4.800000e+01
   endloop
 endfacet
 facet normal -5.844507e-01 -8.114292e-01 -0.000000e+00
   outer loop
     vertex  3.342197e+01  1.028586e+02  5.200000e+01
     vertex  3.338746e+01  1.028834e+02  4.800000e+01
     vertex  3.342197e+01  1.028586e+02  4.800000e+01
   endloop
 endfacet
 facet normal -6.064915e-01 -7.950900e-01  2.875829e-19
   outer loop
     vertex  3.342197e+01  1.028586e+02  5.200000e+01
     vertex  3.345578e+01  1.028328e+02  4.800000e+01
     vertex  3.345578e+01  1.028328e+02  5.200000e+01
   endloop
 endfacet
 facet normal -5.844507e-01 -8.114292e-01 -0.000000e+00
   outer loop
     vertex  3.338746e+01  1.028834e+02  5.200000e+01
     vertex  3.338746e+01  1.028834e+02  4.800000e+01
     vertex  3.342197e+01  1.028586e+02  5.200000e+01
   endloop
 endfacet
 facet normal -5.619699e-01 -8.271577e-01 -3.142060e-19
   outer loop
     vertex  3.335228e+01  1.029073e+02  5.200000e+01
     vertex  3.338746e+01  1.028834e+02  4.800000e+01
     vertex  3.338746e+01  1.028834e+02  5.200000e+01
   endloop
 endfacet
 facet normal -5.619699e-01 -8.271577e-01 -0.000000e+00
   outer loop
     vertex  3.335228e+01  1.029073e+02  5.200000e+01
     vertex  3.335228e+01  1.029073e+02  4.800000e+01
     vertex  3.338746e+01  1.028834e+02  4.800000e+01
   endloop
 endfacet
 facet normal -5.390661e-01 -8.422635e-01  9.305232e-20
   outer loop
     vertex  3.331646e+01  1.029302e+02  5.200000e+01
     vertex  3.335228e+01  1.029073e+02  4.800000e+01
     vertex  3.335228e+01  1.029073e+02  5.200000e+01
   endloop
 endfacet
 facet normal -5.390661e-01 -8.422635e-01 -0.000000e+00
   outer loop
     vertex  3.331646e+01  1.029302e+02  5.200000e+01
     vertex  3.331646e+01  1.029302e+02  4.800000e+01
     vertex  3.335228e+01  1.029073e+02  4.800000e+01
   endloop
 endfacet
 facet normal -5.157565e-01 -8.567352e-01 -2.597448e-19
   outer loop
     vertex  3.328003e+01  1.029522e+02  5.200000e+01
     vertex  3.331646e+01  1.029302e+02  4.800000e+01
     vertex  3.331646e+01  1.029302e+02  5.200000e+01
   endloop
 endfacet
 facet normal -5.157565e-01 -8.567352e-01 -0.000000e+00
   outer loop
     vertex  3.328003e+01  1.029522e+02  5.200000e+01
     vertex  3.328003e+01  1.029522e+02  4.800000e+01
     vertex  3.331646e+01  1.029302e+02  4.800000e+01
   endloop
 endfacet
 facet normal -4.920587e-01 -8.705620e-01 -8.195121e-20
   outer loop
     vertex  3.324301e+01  1.029731e+02  5.200000e+01
     vertex  3.328003e+01  1.029522e+02  4.800000e+01
     vertex  3.328003e+01  1.029522e+02  5.200000e+01
   endloop
 endfacet
 facet normal -4.920587e-01 -8.705620e-01 -0.000000e+00
   outer loop
     vertex  3.324301e+01  1.029731e+02  5.200000e+01
     vertex  3.324301e+01  1.029731e+02  4.800000e+01
     vertex  3.328003e+01  1.029522e+02  4.800000e+01
   endloop
 endfacet
 facet normal -4.679904e-01 -8.837335e-01  1.875605e-19
   outer loop
     vertex  3.320543e+01  1.029930e+02  5.200000e+01
     vertex  3.324301e+01  1.029731e+02  4.800000e+01
     vertex  3.324301e+01  1.029731e+02  5.200000e+01
   endloop
 endfacet
 facet normal -4.679904e-01 -8.837335e-01 -0.000000e+00
   outer loop
     vertex  3.320543e+01  1.029930e+02  5.200000e+01
     vertex  3.320543e+01  1.029930e+02  4.800000e+01
     vertex  3.324301e+01  1.029731e+02  4.800000e+01
   endloop
 endfacet
 facet normal -4.435699e-01 -8.962398e-01  1.232323e-19
   outer loop
     vertex  3.316731e+01  1.030119e+02  5.200000e+01
     vertex  3.320543e+01  1.029930e+02  4.800000e+01
     vertex  3.320543e+01  1.029930e+02  5.200000e+01
   endloop
 endfacet
 facet normal -4.435699e-01 -8.962398e-01 -0.000000e+00
   outer loop
     vertex  3.316731e+01  1.030119e+02  5.200000e+01
     vertex  3.316731e+01  1.030119e+02  4.800000e+01
     vertex  3.320543e+01  1.029930e+02  4.800000e+01
   endloop
 endfacet
 facet normal -4.188155e-01 -9.080714e-01 -4.257511e-20
   outer loop
     vertex  3.312869e+01  1.030297e+02  5.200000e+01
     vertex  3.316731e+01  1.030119e+02  4.800000e+01
     vertex  3.316731e+01  1.030119e+02  5.200000e+01
   endloop
 endfacet
 facet normal -4.188155e-01 -9.080714e-01 -0.000000e+00
   outer loop
     vertex  3.312869e+01  1.030297e+02  5.200000e+01
     vertex  3.312869e+01  1.030297e+02  4.800000e+01
     vertex  3.316731e+01  1.030119e+02  4.800000e+01
   endloop
 endfacet
 facet normal -3.937458e-01 -9.192194e-01  1.667892e-19
   outer loop
     vertex  3.308960e+01  1.030464e+02  5.200000e+01
     vertex  3.312869e+01  1.030297e+02  4.800000e+01
     vertex  3.312869e+01  1.030297e+02  5.200000e+01
   endloop
 endfacet
 facet normal -3.937458e-01 -9.192194e-01 -0.000000e+00
   outer loop
     vertex  3.308960e+01  1.030464e+02  5.200000e+01
     vertex  3.308960e+01  1.030464e+02  4.800000e+01
     vertex  3.312869e+01  1.030297e+02  4.800000e+01
   endloop
 endfacet
 facet normal -3.683796e-01 -9.296754e-01 -3.139094e-19
   outer loop
     vertex  3.305007e+01  1.030621e+02  5.200000e+01
     vertex  3.308960e+01  1.030464e+02  4.800000e+01
     vertex  3.308960e+01  1.030464e+02  5.200000e+01
   endloop
 endfacet
 facet normal -3.683796e-01 -9.296754e-01 -0.000000e+00
   outer loop
     vertex  3.305007e+01  1.030621e+02  5.200000e+01
     vertex  3.305007e+01  1.030621e+02  4.800000e+01
     vertex  3.308960e+01  1.030464e+02  4.800000e+01
   endloop
 endfacet
 facet normal -3.427362e-01 -9.394317e-01  4.149303e-20
   outer loop
     vertex  3.301012e+01  1.030767e+02  5.200000e+01
     vertex  3.305007e+01  1.030621e+02  4.800000e+01
     vertex  3.305007e+01  1.030621e+02  5.200000e+01
   endloop
 endfacet
 facet normal -3.427362e-01 -9.394317e-01 -0.000000e+00
   outer loop
     vertex  3.301012e+01  1.030767e+02  5.200000e+01
     vertex  3.301012e+01  1.030767e+02  4.800000e+01
     vertex  3.305007e+01  1.030621e+02  4.800000e+01
   endloop
 endfacet
 facet normal -3.168348e-01 -9.484807e-01 -0.000000e+00
   outer loop
     vertex  3.301012e+01  1.030767e+02  5.200000e+01
     vertex  3.296978e+01  1.030901e+02  4.800000e+01
     vertex  3.301012e+01  1.030767e+02  4.800000e+01
   endloop
 endfacet
 facet normal -3.168348e-01 -9.484807e-01 -0.000000e+00
   outer loop
     vertex  3.296978e+01  1.030901e+02  5.200000e+01
     vertex  3.296978e+01  1.030901e+02  4.800000e+01
     vertex  3.301012e+01  1.030767e+02  5.200000e+01
   endloop
 endfacet
 facet normal -2.906949e-01 -9.568158e-01  1.484028e-19
   outer loop
     vertex  3.292909e+01  1.031025e+02  5.200000e+01
     vertex  3.296978e+01  1.030901e+02  4.800000e+01
     vertex  3.296978e+01  1.030901e+02  5.200000e+01
   endloop
 endfacet
 facet normal -2.906949e-01 -9.568158e-01 -0.000000e+00
   outer loop
     vertex  3.292909e+01  1.031025e+02  5.200000e+01
     vertex  3.292909e+01  1.031025e+02  4.800000e+01
     vertex  3.296978e+01  1.030901e+02  4.800000e+01
   endloop
 endfacet
 facet normal -2.643362e-01 -9.644306e-01  9.216551e-20
   outer loop
     vertex  3.288808e+01  1.031137e+02  5.200000e+01
     vertex  3.292909e+01  1.031025e+02  4.800000e+01
     vertex  3.292909e+01  1.031025e+02  5.200000e+01
   endloop
 endfacet
 facet normal -2.643362e-01 -9.644306e-01 -0.000000e+00
   outer loop
     vertex  3.288808e+01  1.031137e+02  5.200000e+01
     vertex  3.288808e+01  1.031137e+02  4.800000e+01
     vertex  3.292909e+01  1.031025e+02  4.800000e+01
   endloop
 endfacet
 facet normal -2.377784e-01 -9.713194e-01  1.098318e-19
   outer loop
     vertex  3.284677e+01  1.031239e+02  5.200000e+01
     vertex  3.288808e+01  1.031137e+02  4.800000e+01
     vertex  3.288808e+01  1.031137e+02  5.200000e+01
   endloop
 endfacet
 facet normal -2.377784e-01 -9.713194e-01 -0.000000e+00
   outer loop
     vertex  3.284677e+01  1.031239e+02  5.200000e+01
     vertex  3.284677e+01  1.031239e+02  4.800000e+01
     vertex  3.288808e+01  1.031137e+02  4.800000e+01
   endloop
 endfacet
 facet normal -2.110417e-01 -9.774771e-01  5.950059e-20
   outer loop
     vertex  3.280520e+01  1.031328e+02  5.200000e+01
     vertex  3.284677e+01  1.031239e+02  4.800000e+01
     vertex  3.284677e+01  1.031239e+02  5.200000e+01
   endloop
 endfacet
 facet normal -2.110417e-01 -9.774771e-01 -0.000000e+00
   outer loop
     vertex  3.280520e+01  1.031328e+02  5.200000e+01
     vertex  3.280520e+01  1.031328e+02  4.800000e+01
     vertex  3.284677e+01  1.031239e+02  4.800000e+01
   endloop
 endfacet
 facet normal -1.841461e-01 -9.828989e-01  1.008562e-19
   outer loop
     vertex  3.276340e+01  1.031407e+02  5.200000e+01
     vertex  3.280520e+01  1.031328e+02  4.800000e+01
     vertex  3.280520e+01  1.031328e+02  5.200000e+01
   endloop
 endfacet
 facet normal -1.841461e-01 -9.828989e-01 -0.000000e+00
   outer loop
     vertex  3.276340e+01  1.031407e+02  5.200000e+01
     vertex  3.276340e+01  1.031407e+02  4.800000e+01
     vertex  3.280520e+01  1.031328e+02  4.800000e+01
   endloop
 endfacet
 facet normal -1.571119e-01 -9.875808e-01 -2.243538e-20
   outer loop
     vertex  3.272140e+01  1.031473e+02  5.200000e+01
     vertex  3.276340e+01  1.031407e+02  4.800000e+01
     vertex  3.276340e+01  1.031407e+02  5.200000e+01
   endloop
 endfacet
 facet normal -1.571119e-01 -9.875808e-01 -0.000000e+00
   outer loop
     vertex  3.272140e+01  1.031473e+02  5.200000e+01
     vertex  3.272140e+01  1.031473e+02  4.800000e+01
     vertex  3.276340e+01  1.031407e+02  4.800000e+01
   endloop
 endfacet
 facet normal -1.299594e-01 -9.915193e-01  6.078312e-20
   outer loop
     vertex  3.267924e+01  1.031529e+02  5.200000e+01
     vertex  3.272140e+01  1.031473e+02  4.800000e+01
     vertex  3.272140e+01  1.031473e+02  5.200000e+01
   endloop
 endfacet
 facet normal -1.299594e-01 -9.915193e-01 -0.000000e+00
   outer loop
     vertex  3.267924e+01  1.031529e+02  5.200000e+01
     vertex  3.267924e+01  1.031529e+02  4.800000e+01
     vertex  3.272140e+01  1.031473e+02  4.800000e+01
   endloop
 endfacet
 facet normal -1.027091e-01 -9.947114e-01 -4.777871e-20
   outer loop
     vertex  3.263693e+01  1.031572e+02  5.200000e+01
     vertex  3.267924e+01  1.031529e+02  4.800000e+01
     vertex  3.267924e+01  1.031529e+02  5.200000e+01
   endloop
 endfacet
 facet normal -1.027091e-01 -9.947114e-01 -0.000000e+00
   outer loop
     vertex  3.263693e+01  1.031572e+02  5.200000e+01
     vertex  3.263693e+01  1.031572e+02  4.800000e+01
     vertex  3.267924e+01  1.031529e+02  4.800000e+01
   endloop
 endfacet
 facet normal -7.538152e-02 -9.971548e-01 -0.000000e+00
   outer loop
     vertex  3.263693e+01  1.031572e+02  5.200000e+01
     vertex  3.259453e+01  1.031604e+02  4.800000e+01
     vertex  3.263693e+01  1.031572e+02  4.800000e+01
   endloop
 endfacet
 facet normal -7.538152e-02 -9.971548e-01 -0.000000e+00
   outer loop
     vertex  3.259453e+01  1.031604e+02  5.200000e+01
     vertex  3.259453e+01  1.031604e+02  4.800000e+01
     vertex  3.263693e+01  1.031572e+02  5.200000e+01
   endloop
 endfacet
 facet normal -4.799716e-02 -9.988475e-01  3.174113e-20
   outer loop
     vertex  3.255205e+01  1.031625e+02  5.200000e+01
     vertex  3.259453e+01  1.031604e+02  4.800000e+01
     vertex  3.259453e+01  1.031604e+02  5.200000e+01
   endloop
 endfacet
 facet normal -4.799716e-02 -9.988475e-01 -0.000000e+00
   outer loop
     vertex  3.255205e+01  1.031625e+02  5.200000e+01
     vertex  3.255205e+01  1.031625e+02  4.800000e+01
     vertex  3.259453e+01  1.031604e+02  4.800000e+01
   endloop
 endfacet
 facet normal -2.057667e-02 -9.997883e-01 -0.000000e+00
   outer loop
     vertex  3.250953e+01  1.031634e+02  5.200000e+01
     vertex  3.250953e+01  1.031634e+02  4.800000e+01
     vertex  3.255205e+01  1.031625e+02  4.800000e+01
   endloop
 endfacet
 facet normal -2.057667e-02 -9.997883e-01 -1.226977e-20
   outer loop
     vertex  3.250953e+01  1.031634e+02  5.200000e+01
     vertex  3.255205e+01  1.031625e+02  4.800000e+01
     vertex  3.255205e+01  1.031625e+02  5.200000e+01
   endloop
 endfacet
 facet normal  6.859319e-03 -9.999765e-01  0.000000e+00
   outer loop
     vertex  3.246701e+01  1.031631e+02  5.200000e+01
     vertex  3.246701e+01  1.031631e+02  4.800000e+01
     vertex  3.250953e+01  1.031634e+02  4.800000e+01
   endloop
 endfacet
 facet normal  6.859319e-03 -9.999765e-01 -2.298340e-21
   outer loop
     vertex  3.246701e+01  1.031631e+02  5.200000e+01
     vertex  3.250953e+01  1.031634e+02  4.800000e+01
     vertex  3.250953e+01  1.031634e+02  5.200000e+01
   endloop
 endfacet
 facet normal  3.429014e-02 -9.994119e-01  0.000000e+00
   outer loop
     vertex  3.242450e+01  1.031616e+02  5.200000e+01
     vertex  3.242450e+01  1.031616e+02  4.800000e+01
     vertex  3.246701e+01  1.031631e+02  4.800000e+01
   endloop
 endfacet
 facet normal  6.169515e-02 -9.980950e-01  0.000000e+00
   outer loop
     vertex  3.242450e+01  1.031616e+02  5.200000e+01
     vertex  3.238206e+01  1.031590e+02  4.800000e+01
     vertex  3.242450e+01  1.031616e+02  4.800000e+01
   endloop
 endfacet
 facet normal  3.429014e-02 -9.994119e-01  1.063612e-21
   outer loop
     vertex  3.242450e+01  1.031616e+02  5.200000e+01
     vertex  3.246701e+01  1.031631e+02  4.800000e+01
     vertex  3.246701e+01  1.031631e+02  5.200000e+01
   endloop
 endfacet
 facet normal  8.905371e-02 -9.960268e-01  0.000000e+00
   outer loop
     vertex  3.238206e+01  1.031590e+02  5.200000e+01
     vertex  3.233970e+01  1.031552e+02  4.800000e+01
     vertex  3.238206e+01  1.031590e+02  4.800000e+01
   endloop
 endfacet
 facet normal  6.169515e-02 -9.980950e-01  0.000000e+00
   outer loop
     vertex  3.238206e+01  1.031590e+02  5.200000e+01
     vertex  3.238206e+01  1.031590e+02  4.800000e+01
     vertex  3.242450e+01  1.031616e+02  5.200000e+01
   endloop
 endfacet
 facet normal  8.905371e-02 -9.960268e-01  0.000000e+00
   outer loop
     vertex  3.233970e+01  1.031552e+02  5.200000e+01
     vertex  3.233970e+01  1.031552e+02  4.800000e+01
     vertex  3.238206e+01  1.031590e+02  5.200000e+01
   endloop
 endfacet
 facet normal  1.163452e-01 -9.932088e-01 -2.784187e-20
   outer loop
     vertex  3.229746e+01  1.031503e+02  5.200000e+01
     vertex  3.233970e+01  1.031552e+02  4.800000e+01
     vertex  3.233970e+01  1.031552e+02  5.200000e+01
   endloop
 endfacet
 facet normal  1.163452e-01 -9.932088e-01  0.000000e+00
   outer loop
     vertex  3.229746e+01  1.031503e+02  5.200000e+01
     vertex  3.229746e+01  1.031503e+02  4.800000e+01
     vertex  3.233970e+01  1.031552e+02  4.800000e+01
   endloop
 endfacet
 facet normal  1.435492e-01 -9.896432e-01  0.000000e+00
   outer loop
     vertex  3.229746e+01  1.031503e+02  5.200000e+01
     vertex  3.225538e+01  1.031442e+02  4.800000e+01
     vertex  3.229746e+01  1.031503e+02  4.800000e+01
   endloop
 endfacet
 facet normal  1.435492e-01 -9.896432e-01  0.000000e+00
   outer loop
     vertex  3.225538e+01  1.031442e+02  5.200000e+01
     vertex  3.225538e+01  1.031442e+02  4.800000e+01
     vertex  3.229746e+01  1.031503e+02  5.200000e+01
   endloop
 endfacet
 facet normal  1.706451e-01 -9.853326e-01  1.005031e-19
   outer loop
     vertex  3.221347e+01  1.031369e+02  5.200000e+01
     vertex  3.225538e+01  1.031442e+02  4.800000e+01
     vertex  3.225538e+01  1.031442e+02  5.200000e+01
   endloop
 endfacet
 facet normal  1.706451e-01 -9.853326e-01  0.000000e+00
   outer loop
     vertex  3.221347e+01  1.031369e+02  5.200000e+01
     vertex  3.221347e+01  1.031369e+02  4.800000e+01
     vertex  3.225538e+01  1.031442e+02  4.800000e+01
   endloop
 endfacet
 facet normal  1.976125e-01 -9.802802e-01  0.000000e+00
   outer loop
     vertex  3.221347e+01  1.031369e+02  5.200000e+01
     vertex  3.217179e+01  1.031285e+02  4.800000e+01
     vertex  3.221347e+01  1.031369e+02  4.800000e+01
   endloop
 endfacet
 facet normal  1.976125e-01 -9.802802e-01  0.000000e+00
   outer loop
     vertex  3.217179e+01  1.031285e+02  5.200000e+01
     vertex  3.217179e+01  1.031285e+02  4.800000e+01
     vertex  3.221347e+01  1.031369e+02  5.200000e+01
   endloop
 endfacet
 facet normal  2.244312e-01 -9.744899e-01 -6.260945e-20
   outer loop
     vertex  3.213034e+01  1.031189e+02  5.200000e+01
     vertex  3.217179e+01  1.031285e+02  4.800000e+01
     vertex  3.217179e+01  1.031285e+02  5.200000e+01
   endloop
 endfacet
 facet normal  2.244312e-01 -9.744899e-01  0.000000e+00
   outer loop
     vertex  3.213034e+01  1.031189e+02  5.200000e+01
     vertex  3.213034e+01  1.031189e+02  4.800000e+01
     vertex  3.217179e+01  1.031285e+02  4.800000e+01
   endloop
 endfacet
 facet normal  2.510809e-01 -9.679661e-01  0.000000e+00
   outer loop
     vertex  3.213034e+01  1.031189e+02  5.200000e+01
     vertex  3.208918e+01  1.031083e+02  4.800000e+01
     vertex  3.213034e+01  1.031189e+02  4.800000e+01
   endloop
 endfacet
 facet normal  2.510809e-01 -9.679661e-01  0.000000e+00
   outer loop
     vertex  3.208918e+01  1.031083e+02  5.200000e+01
     vertex  3.208918e+01  1.031083e+02  4.800000e+01
     vertex  3.213034e+01  1.031189e+02  5.200000e+01
   endloop
 endfacet
 facet normal  2.775416e-01 -9.607136e-01  1.296311e-19
   outer loop
     vertex  3.204832e+01  1.030965e+02  5.200000e+01
     vertex  3.208918e+01  1.031083e+02  4.800000e+01
     vertex  3.208918e+01  1.031083e+02  5.200000e+01
   endloop
 endfacet
 facet normal  2.775416e-01 -9.607136e-01  0.000000e+00
   outer loop
     vertex  3.204832e+01  1.030965e+02  5.200000e+01
     vertex  3.204832e+01  1.030965e+02  4.800000e+01
     vertex  3.208918e+01  1.031083e+02  4.800000e+01
   endloop
 endfacet
 facet normal  3.037934e-01 -9.527379e-01 -2.721352e-19
   outer loop
     vertex  3.200781e+01  1.030835e+02  5.200000e+01
     vertex  3.204832e+01  1.030965e+02  4.800000e+01
     vertex  3.204832e+01  1.030965e+02  5.200000e+01
   endloop
 endfacet
 facet normal  3.037934e-01 -9.527379e-01  0.000000e+00
   outer loop
     vertex  3.200781e+01  1.030835e+02  5.200000e+01
     vertex  3.200781e+01  1.030835e+02  4.800000e+01
     vertex  3.204832e+01  1.030965e+02  4.800000e+01
   endloop
 endfacet
 facet normal  3.298166e-01 -9.440450e-01  9.634694e-20
   outer loop
     vertex  3.196766e+01  1.030695e+02  5.200000e+01
     vertex  3.200781e+01  1.030835e+02  4.800000e+01
     vertex  3.200781e+01  1.030835e+02  5.200000e+01
   endloop
 endfacet
 facet normal  3.298166e-01 -9.440450e-01  0.000000e+00
   outer loop
     vertex  3.196766e+01  1.030695e+02  5.200000e+01
     vertex  3.196766e+01  1.030695e+02  4.800000e+01
     vertex  3.200781e+01  1.030835e+02  4.800000e+01
   endloop
 endfacet
 facet normal  3.555914e-01 -9.346415e-01 -1.218962e-19
   outer loop
     vertex  3.192791e+01  1.030544e+02  5.200000e+01
     vertex  3.196766e+01  1.030695e+02  4.800000e+01
     vertex  3.196766e+01  1.030695e+02  5.200000e+01
   endloop
 endfacet
 facet normal  3.555914e-01 -9.346415e-01  0.000000e+00
   outer loop
     vertex  3.192791e+01  1.030544e+02  5.200000e+01
     vertex  3.192791e+01  1.030544e+02  4.800000e+01
     vertex  3.196766e+01  1.030695e+02  4.800000e+01
   endloop
 endfacet
 facet normal  3.810986e-01 -9.245344e-01 -1.303739e-19
   outer loop
     vertex  3.188859e+01  1.030382e+02  5.200000e+01
     vertex  3.192791e+01  1.030544e+02  4.800000e+01
     vertex  3.192791e+01  1.030544e+02  5.200000e+01
   endloop
 endfacet
 facet normal  3.810986e-01 -9.245344e-01  0.000000e+00
   outer loop
     vertex  3.188859e+01  1.030382e+02  5.200000e+01
     vertex  3.188859e+01  1.030382e+02  4.800000e+01
     vertex  3.192791e+01  1.030544e+02  4.800000e+01
   endloop
 endfacet
 facet normal  4.063188e-01 -9.137314e-01  0.000000e+00
   outer loop
     vertex  3.184974e+01  1.030209e+02  5.200000e+01
     vertex  3.184974e+01  1.030209e+02  4.800000e+01
     vertex  3.188859e+01  1.030382e+02  4.800000e+01
   endloop
 endfacet
 facet normal  4.063188e-01 -9.137314e-01 -4.944197e-20
   outer loop
     vertex  3.184974e+01  1.030209e+02  5.200000e+01
     vertex  3.188859e+01  1.030382e+02  4.800000e+01
     vertex  3.188859e+01  1.030382e+02  5.200000e+01
   endloop
 endfacet
 facet normal  4.312333e-01 -9.022405e-01  0.000000e+00
   outer loop
     vertex  3.181137e+01  1.030026e+02  5.200000e+01
     vertex  3.181137e+01  1.030026e+02  4.800000e+01
     vertex  3.184974e+01  1.030209e+02  4.800000e+01
   endloop
 endfacet
 facet normal  4.312333e-01 -9.022405e-01  1.477674e-19
   outer loop
     vertex  3.181137e+01  1.030026e+02  5.200000e+01
     vertex  3.184974e+01  1.030209e+02  4.800000e+01
     vertex  3.184974e+01  1.030209e+02  5.200000e+01
   endloop
 endfacet
 facet normal  4.558231e-01 -8.900704e-01  0.000000e+00
   outer loop
     vertex  3.177351e+01  1.029832e+02  5.200000e+01
     vertex  3.177351e+01  1.029832e+02  4.800000e+01
     vertex  3.181137e+01  1.030026e+02  4.800000e+01
   endloop
 endfacet
 facet normal  4.800697e-01 -8.772303e-01  0.000000e+00
   outer loop
     vertex  3.177351e+01  1.029832e+02  5.200000e+01
     vertex  3.173621e+01  1.029628e+02  4.800000e+01
     vertex  3.177351e+01  1.029832e+02  4.800000e+01
   endloop
 endfacet
 facet normal  4.558231e-01 -8.900704e-01  2.298922e-19
   outer loop
     vertex  3.177351e+01  1.029832e+02  5.200000e+01
     vertex  3.181137e+01  1.030026e+02  4.800000e+01
     vertex  3.181137e+01  1.030026e+02  5.200000e+01
   endloop
 endfacet
 facet normal  5.039550e-01 -8.637299e-01  0.000000e+00
   outer loop
     vertex  3.173621e+01  1.029628e+02  5.200000e+01
     vertex  3.169948e+01  1.029413e+02  4.800000e+01
     vertex  3.173621e+01  1.029628e+02  4.800000e+01
   endloop
 endfacet
 facet normal  4.800697e-01 -8.772303e-01  0.000000e+00
   outer loop
     vertex  3.173621e+01  1.029628e+02  5.200000e+01
     vertex  3.173621e+01  1.029628e+02  4.800000e+01
     vertex  3.177351e+01  1.029832e+02  5.200000e+01
   endloop
 endfacet
 facet normal  5.274609e-01 -8.495793e-01  0.000000e+00
   outer loop
     vertex  3.169948e+01  1.029413e+02  5.200000e+01
     vertex  3.166335e+01  1.029189e+02  4.800000e+01
     vertex  3.169948e+01  1.029413e+02  4.800000e+01
   endloop
 endfacet
 facet normal  5.039550e-01 -8.637299e-01  0.000000e+00
   outer loop
     vertex  3.169948e+01  1.029413e+02  5.200000e+01
     vertex  3.169948e+01  1.029413e+02  4.800000e+01
     vertex  3.173621e+01  1.029628e+02  5.200000e+01
   endloop
 endfacet
 facet normal  5.274609e-01 -8.495793e-01  0.000000e+00
   outer loop
     vertex  3.166335e+01  1.029189e+02  5.200000e+01
     vertex  3.166335e+01  1.029189e+02  4.800000e+01
     vertex  3.169948e+01  1.029413e+02  5.200000e+01
   endloop
 endfacet
 facet normal  5.505698e-01 -8.347891e-01  0.000000e+00
   outer loop
     vertex  3.162785e+01  1.028955e+02  5.200000e+01
     vertex  3.162785e+01  1.028955e+02  4.800000e+01
     vertex  3.166335e+01  1.029189e+02  4.800000e+01
   endloop
 endfacet
 facet normal  5.505698e-01 -8.347891e-01  1.613563e-19
   outer loop
     vertex  3.162785e+01  1.028955e+02  5.200000e+01
     vertex  3.166335e+01  1.029189e+02  4.800000e+01
     vertex  3.166335e+01  1.029189e+02  5.200000e+01
   endloop
 endfacet
 facet normal  5.732642e-01 -8.193706e-01  0.000000e+00
   outer loop
     vertex  3.159300e+01  1.028711e+02  5.200000e+01
     vertex  3.159300e+01  1.028711e+02  4.800000e+01
     vertex  3.162785e+01  1.028955e+02  4.800000e+01
   endloop
 endfacet
 facet normal  5.955271e-01 -8.033352e-01  0.000000e+00
   outer loop
     vertex  3.159300e+01  1.028711e+02  5.200000e+01
     vertex  3.155884e+01  1.028458e+02  4.800000e+01
     vertex  3.159300e+01  1.028711e+02  4.800000e+01
   endloop
 endfacet
 facet normal  5.732642e-01 -8.193706e-01  8.267125e-20
   outer loop
     vertex  3.159300e+01  1.028711e+02  5.200000e+01
     vertex  3.162785e+01  1.028955e+02  4.800000e+01
     vertex  3.162785e+01  1.028955e+02  5.200000e+01
   endloop
 endfacet
 facet normal  5.955271e-01 -8.033352e-01  0.000000e+00
   outer loop
     vertex  3.155884e+01  1.028458e+02  5.200000e+01
     vertex  3.155884e+01  1.028458e+02  4.800000e+01
     vertex  3.159300e+01  1.028711e+02  5.200000e+01
   endloop
 endfacet
 facet normal  6.173417e-01 -7.866951e-01  0.000000e+00
   outer loop
     vertex  3.152538e+01  1.028195e+02  5.200000e+01
     vertex  3.152538e+01  1.028195e+02  4.800000e+01
     vertex  3.155884e+01  1.028458e+02  4.800000e+01
   endloop
 endfacet
 facet normal  6.386916e-01 -7.694628e-01  0.000000e+00
   outer loop
     vertex  3.152538e+01  1.028195e+02  5.200000e+01
     vertex  3.149266e+01  1.027924e+02  4.800000e+01
     vertex  3.152538e+01  1.028195e+02  4.800000e+01
   endloop
 endfacet
 facet normal  6.173417e-01 -7.866951e-01 -2.246792e-19
   outer loop
     vertex  3.152538e+01  1.028195e+02  5.200000e+01
     vertex  3.155884e+01  1.028458e+02  4.800000e+01
     vertex  3.155884e+01  1.028458e+02  5.200000e+01
   endloop
 endfacet
 facet normal  6.386916e-01 -7.694628e-01  0.000000e+00
   outer loop
     vertex  3.149266e+01  1.027924e+02  5.200000e+01
     vertex  3.149266e+01  1.027924e+02  4.800000e+01
     vertex  3.152538e+01  1.028195e+02  5.200000e+01
   endloop
 endfacet
 facet normal  6.595607e-01 -7.516513e-01  0.000000e+00
   outer loop
     vertex  3.146069e+01  1.027643e+02  5.200000e+01
     vertex  3.146069e+01  1.027643e+02  4.800000e+01
     vertex  3.149266e+01  1.027924e+02  4.800000e+01
   endloop
 endfacet
 facet normal  6.595607e-01 -7.516513e-01  1.354556e-19
   outer loop
     vertex  3.146069e+01  1.027643e+02  5.200000e+01
     vertex  3.149266e+01  1.027924e+02  4.800000e+01
     vertex  3.149266e+01  1.027924e+02  5.200000e+01
   endloop
 endfacet
 facet normal  6.799333e-01 -7.332740e-01  0.000000e+00
   outer loop
     vertex  3.142951e+01  1.027354e+02  5.200000e+01
     vertex  3.142951e+01  1.027354e+02  4.800000e+01
     vertex  3.146069e+01  1.027643e+02  4.800000e+01
   endloop
 endfacet
 facet normal  6.799333e-01 -7.332740e-01 -8.750134e-21
   outer loop
     vertex  3.142951e+01  1.027354e+02  5.200000e+01
     vertex  3.146069e+01  1.027643e+02  4.800000e+01
     vertex  3.146069e+01  1.027643e+02  5.200000e+01
   endloop
 endfacet
 facet normal  6.997940e-01 -7.143447e-01  0.000000e+00
   outer loop
     vertex  3.139913e+01  1.027057e+02  5.200000e+01
     vertex  3.139913e+01  1.027057e+02  4.800000e+01
     vertex  3.142951e+01  1.027354e+02  4.800000e+01
   endloop
 endfacet
 facet normal  7.191280e-01 -6.948776e-01  0.000000e+00
   outer loop
     vertex  3.139913e+01  1.027057e+02  5.200000e+01
     vertex  3.136958e+01  1.026751e+02  4.800000e+01
     vertex  3.139913e+01  1.027057e+02  4.800000e+01
   endloop
 endfacet
 facet normal  6.997940e-01 -7.143447e-01  2.109773e-19
   outer loop
     vertex  3.139913e+01  1.027057e+02  5.200000e+01
     vertex  3.142951e+01  1.027354e+02  4.800000e+01
     vertex  3.142951e+01  1.027354e+02  5.200000e+01
   endloop
 endfacet
 facet normal  7.191280e-01 -6.948776e-01  0.000000e+00
   outer loop
     vertex  3.136958e+01  1.026751e+02  5.200000e+01
     vertex  3.136958e+01  1.026751e+02  4.800000e+01
     vertex  3.139913e+01  1.027057e+02  5.200000e+01
   endloop
 endfacet
 facet normal  7.379206e-01 -6.748875e-01  0.000000e+00
   outer loop
     vertex  3.136958e+01  1.026751e+02  5.200000e+01
     vertex  3.134088e+01  1.026437e+02  4.800000e+01
     vertex  3.136958e+01  1.026751e+02  4.800000e+01
   endloop
 endfacet
 facet normal  7.379206e-01 -6.748875e-01  0.000000e+00
   outer loop
     vertex  3.134088e+01  1.026437e+02  5.200000e+01
     vertex  3.134088e+01  1.026437e+02  4.800000e+01
     vertex  3.136958e+01  1.026751e+02  5.200000e+01
   endloop
 endfacet
 facet normal  7.561578e-01 -6.543893e-01 -1.573177e-19
   outer loop
     vertex  3.131305e+01  1.026115e+02  5.200000e+01
     vertex  3.134088e+01  1.026437e+02  4.800000e+01
     vertex  3.134088e+01  1.026437e+02  5.200000e+01
   endloop
 endfacet
 facet normal  7.561578e-01 -6.543893e-01  0.000000e+00
   outer loop
     vertex  3.131305e+01  1.026115e+02  5.200000e+01
     vertex  3.131305e+01  1.026115e+02  4.800000e+01
     vertex  3.134088e+01  1.026437e+02  4.800000e+01
   endloop
 endfacet
 facet normal  7.738257e-01 -6.333986e-01  0.000000e+00
   outer loop
     vertex  3.128611e+01  1.025786e+02  5.200000e+01
     vertex  3.128611e+01  1.025786e+02  4.800000e+01
     vertex  3.131305e+01  1.026115e+02  4.800000e+01
   endloop
 endfacet
 facet normal  7.738257e-01 -6.333986e-01 -2.685451e-20
   outer loop
     vertex  3.128611e+01  1.025786e+02  5.200000e+01
     vertex  3.131305e+01  1.026115e+02  4.800000e+01
     vertex  3.131305e+01  1.026115e+02  5.200000e+01
   endloop
 endfacet
 facet normal  7.909112e-01 -6.119310e-01  0.000000e+00
   outer loop
     vertex  3.126009e+01  1.025450e+02  5.200000e+01
     vertex  3.126009e+01  1.025450e+02  4.800000e+01
     vertex  3.128611e+01  1.025786e+02  4.800000e+01
   endloop
 endfacet
 facet normal  8.074012e-01 -5.900028e-01  0.000000e+00
   outer loop
     vertex  3.126009e+01  1.025450e+02  5.200000e+01
     vertex  3.123500e+01  1.025107e+02  4.800000e+01
     vertex  3.126009e+01  1.025450e+02  4.800000e+01
   endloop
 endfacet
 facet normal  7.909112e-01 -6.119310e-01  3.949373e-20
   outer loop
     vertex  3.126009e+01  1.025450e+02  5.200000e+01
     vertex  3.128611e+01  1.025786e+02  4.800000e+01
     vertex  3.128611e+01  1.025786e+02  5.200000e+01
   endloop
 endfacet
 facet normal  8.074012e-01 -5.900028e-01  0.000000e+00
   outer loop
     vertex  3.123500e+01  1.025107e+02  5.200000e+01
     vertex  3.123500e+01  1.025107e+02  4.800000e+01
     vertex  3.126009e+01  1.025450e+02  5.200000e+01
   endloop
 endfacet
 facet normal  8.232835e-01 -5.676304e-01  0.000000e+00
   outer loop
     vertex  3.121086e+01  1.024756e+02  5.200000e+01
     vertex  3.121086e+01  1.024756e+02  4.800000e+01
     vertex  3.123500e+01  1.025107e+02  4.800000e+01
   endloop
 endfacet
 facet normal  8.232835e-01 -5.676304e-01 -8.613582e-20
   outer loop
     vertex  3.121086e+01  1.024756e+02  5.200000e+01
     vertex  3.123500e+01  1.025107e+02  4.800000e+01
     vertex  3.123500e+01  1.025107e+02  5.200000e+01
   endloop
 endfacet
 facet normal  8.385460e-01 -5.448308e-01  0.000000e+00
   outer loop
     vertex  3.118769e+01  1.024400e+02  5.200000e+01
     vertex  3.118769e+01  1.024400e+02  4.800000e+01
     vertex  3.121086e+01  1.024756e+02  4.800000e+01
   endloop
 endfacet
 facet normal  8.385460e-01 -5.448308e-01  8.030215e-20
   outer loop
     vertex  3.118769e+01  1.024400e+02  5.200000e+01
     vertex  3.121086e+01  1.024756e+02  4.800000e+01
     vertex  3.121086e+01  1.024756e+02  5.200000e+01
   endloop
 endfacet
 facet normal  8.531773e-01 -5.216210e-01  0.000000e+00
   outer loop
     vertex  3.116551e+01  1.024037e+02  5.200000e+01
     vertex  3.116551e+01  1.024037e+02  4.800000e+01
     vertex  3.118769e+01  1.024400e+02  4.800000e+01
   endloop
 endfacet
 facet normal  8.531773e-01 -5.216210e-01 -9.580180e-20
   outer loop
     vertex  3.116551e+01  1.024037e+02  5.200000e+01
     vertex  3.118769e+01  1.024400e+02  4.800000e+01
     vertex  3.118769e+01  1.024400e+02  5.200000e+01
   endloop
 endfacet
 facet normal  8.671664e-01 -4.980186e-01  0.000000e+00
   outer loop
     vertex  3.114433e+01  1.023668e+02  5.200000e+01
     vertex  3.114433e+01  1.023668e+02  4.800000e+01
     vertex  3.116551e+01  1.024037e+02  4.800000e+01
   endloop
 endfacet
 facet normal  8.671664e-01 -4.980186e-01  2.901704e-19
   outer loop
     vertex  3.114433e+01  1.023668e+02  5.200000e+01
     vertex  3.116551e+01  1.024037e+02  4.800000e+01
     vertex  3.116551e+01  1.024037e+02  5.200000e+01
   endloop
 endfacet
 facet normal  8.805026e-01 -4.740412e-01  0.000000e+00
   outer loop
     vertex  3.112417e+01  1.023294e+02  5.200000e+01
     vertex  3.112417e+01  1.023294e+02  4.800000e+01
     vertex  3.114433e+01  1.023668e+02  4.800000e+01
   endloop
 endfacet
 facet normal  8.805026e-01 -4.740412e-01  1.752940e-19
   outer loop
     vertex  3.112417e+01  1.023294e+02  5.200000e+01
     vertex  3.114433e+01  1.023668e+02  4.800000e+01
     vertex  3.114433e+01  1.023668e+02  5.200000e+01
   endloop
 endfacet
 facet normal  8.931761e-01 -4.497071e-01  0.000000e+00
   outer loop
     vertex  3.110505e+01  1.022914e+02  5.200000e+01
     vertex  3.110505e+01  1.022914e+02  4.800000e+01
     vertex  3.112417e+01  1.023294e+02  4.800000e+01
   endloop
 endfacet
 facet normal  8.931761e-01 -4.497071e-01  1.599276e-19
   outer loop
     vertex  3.110505e+01  1.022914e+02  5.200000e+01
     vertex  3.112417e+01  1.023294e+02  4.800000e+01
     vertex  3.112417e+01  1.023294e+02  5.200000e+01
   endloop
 endfacet
 facet normal  9.051772e-01 -4.250344e-01  0.000000e+00
   outer loop
     vertex  3.108697e+01  1.022529e+02  5.200000e+01
     vertex  3.108697e+01  1.022529e+02  4.800000e+01
     vertex  3.110505e+01  1.022914e+02  4.800000e+01
   endloop
 endfacet
 facet normal  9.051772e-01 -4.250344e-01  1.327559e-19
   outer loop
     vertex  3.108697e+01  1.022529e+02  5.200000e+01
     vertex  3.110505e+01  1.022914e+02  4.800000e+01
     vertex  3.110505e+01  1.022914e+02  5.200000e+01
   endloop
 endfacet
 facet normal  9.164969e-01 -4.000417e-01  0.000000e+00
   outer loop
     vertex  3.106996e+01  1.022139e+02  5.200000e+01
     vertex  3.106996e+01  1.022139e+02  4.800000e+01
     vertex  3.108697e+01  1.022529e+02  4.800000e+01
   endloop
 endfacet
 facet normal  9.271267e-01 -3.747479e-01  0.000000e+00
   outer loop
     vertex  3.106996e+01  1.022139e+02  5.200000e+01
     vertex  3.105402e+01  1.021745e+02  4.800000e+01
     vertex  3.106996e+01  1.022139e+02  4.800000e+01
   endloop
 endfacet
 facet normal  9.164969e-01 -4.000417e-01  1.121454e-19
   outer loop
     vertex  3.106996e+01  1.022139e+02  5.200000e+01
     vertex  3.108697e+01  1.022529e+02  4.800000e+01
     vertex  3.108697e+01  1.022529e+02  5.200000e+01
   endloop
 endfacet
 facet normal  9.271267e-01 -3.747479e-01  0.000000e+00
   outer loop
     vertex  3.105402e+01  1.021745e+02  5.200000e+01
     vertex  3.105402e+01  1.021745e+02  4.800000e+01
     vertex  3.106996e+01  1.022139e+02  5.200000e+01
   endloop
 endfacet
 facet normal  9.370586e-01 -3.491720e-01  0.000000e+00
   outer loop
     vertex  3.103917e+01  1.021346e+02  5.200000e+01
     vertex  3.103917e+01  1.021346e+02  4.800000e+01
     vertex  3.105402e+01  1.021745e+02  4.800000e+01
   endloop
 endfacet
 facet normal  9.370586e-01 -3.491720e-01  1.139291e-19
   outer loop
     vertex  3.103917e+01  1.021346e+02  5.200000e+01
     vertex  3.105402e+01  1.021745e+02  4.800000e+01
     vertex  3.105402e+01  1.021745e+02  5.200000e+01
   endloop
 endfacet
 facet normal  9.462851e-01 -3.233333e-01  0.000000e+00
   outer loop
     vertex  3.102542e+01  1.020944e+02  5.200000e+01
     vertex  3.102542e+01  1.020944e+02  4.800000e+01
     vertex  3.103917e+01  1.021346e+02  4.800000e+01
   endloop
 endfacet
 facet normal  9.462851e-01 -3.233333e-01 -8.554231e-20
   outer loop
     vertex  3.102542e+01  1.020944e+02  5.200000e+01
     vertex  3.103917e+01  1.021346e+02  4.800000e+01
     vertex  3.103917e+01  1.021346e+02  5.200000e+01
   endloop
 endfacet
 facet normal  9.547993e-01 -2.972512e-01  0.000000e+00
   outer loop
     vertex  3.101278e+01  1.020538e+02  5.200000e+01
     vertex  3.101278e+01  1.020538e+02  4.800000e+01
     vertex  3.102542e+01  1.020944e+02  4.800000e+01
   endloop
 endfacet
 facet normal  9.625948e-01 -2.709453e-01  0.000000e+00
   outer loop
     vertex  3.101278e+01  1.020538e+02  5.200000e+01
     vertex  3.100126e+01  1.020129e+02  4.800000e+01
     vertex  3.101278e+01  1.020538e+02  4.800000e+01
   endloop
 endfacet
 facet normal  9.547993e-01 -2.972512e-01 -1.671917e-19
   outer loop
     vertex  3.101278e+01  1.020538e+02  5.200000e+01
     vertex  3.102542e+01  1.020944e+02  4.800000e+01
     vertex  3.102542e+01  1.020944e+02  5.200000e+01
   endloop
 endfacet
 facet normal  9.625948e-01 -2.709453e-01  0.000000e+00
   outer loop
     vertex  3.100126e+01  1.020129e+02  5.200000e+01
     vertex  3.100126e+01  1.020129e+02  4.800000e+01
     vertex  3.101278e+01  1.020538e+02  5.200000e+01
   endloop
 endfacet
 facet normal  9.696656e-01 -2.444354e-01  0.000000e+00
   outer loop
     vertex  3.099086e+01  1.019716e+02  5.200000e+01
     vertex  3.099086e+01  1.019716e+02  4.800000e+01
     vertex  3.100126e+01  1.020129e+02  4.800000e+01
   endloop
 endfacet
 facet normal  9.696656e-01 -2.444354e-01  2.049303e-20
   outer loop
     vertex  3.099086e+01  1.019716e+02  5.200000e+01
     vertex  3.100126e+01  1.020129e+02  4.800000e+01
     vertex  3.100126e+01  1.020129e+02  5.200000e+01
   endloop
 endfacet
 facet normal  9.760065e-01 -2.177416e-01  0.000000e+00
   outer loop
     vertex  3.098160e+01  1.019301e+02  5.200000e+01
     vertex  3.098160e+01  1.019301e+02  4.800000e+01
     vertex  3.099086e+01  1.019716e+02  4.800000e+01
   endloop
 endfacet
 facet normal  9.760065e-01 -2.177416e-01  4.086978e-20
   outer loop
     vertex  3.098160e+01  1.019301e+02  5.200000e+01
     vertex  3.099086e+01  1.019716e+02  4.800000e+01
     vertex  3.099086e+01  1.019716e+02  5.200000e+01
   endloop
 endfacet
 facet normal  9.816126e-01 -1.908838e-01  0.000000e+00
   outer loop
     vertex  3.097348e+01  1.018884e+02  5.200000e+01
     vertex  3.097348e+01  1.018884e+02  4.800000e+01
     vertex  3.098160e+01  1.019301e+02  4.800000e+01
   endloop
 endfacet
 facet normal  9.864799e-01 -1.638824e-01  0.000000e+00
   outer loop
     vertex  3.097348e+01  1.018884e+02  5.200000e+01
     vertex  3.096652e+01  1.018464e+02  4.800000e+01
     vertex  3.097348e+01  1.018884e+02  4.800000e+01
   endloop
 endfacet
 facet normal  9.816126e-01 -1.908838e-01 -1.247455e-20
   outer loop
     vertex  3.097348e+01  1.018884e+02  5.200000e+01
     vertex  3.098160e+01  1.019301e+02  4.800000e+01
     vertex  3.098160e+01  1.019301e+02  5.200000e+01
   endloop
 endfacet
 facet normal  9.906046e-01 -1.367575e-01  0.000000e+00
   outer loop
     vertex  3.096652e+01  1.018464e+02  5.200000e+01
     vertex  3.096070e+01  1.018043e+02  4.800000e+01
     vertex  3.096652e+01  1.018464e+02  4.800000e+01
   endloop
 endfacet
 facet normal  9.864799e-01 -1.638824e-01  0.000000e+00
   outer loop
     vertex  3.096652e+01  1.018464e+02  5.200000e+01
     vertex  3.096652e+01  1.018464e+02  4.800000e+01
     vertex  3.097348e+01  1.018884e+02  5.200000e+01
   endloop
 endfacet
 facet normal  9.906046e-01 -1.367575e-01  0.000000e+00
   outer loop
     vertex  3.096070e+01  1.018043e+02  5.200000e+01
     vertex  3.096070e+01  1.018043e+02  4.800000e+01
     vertex  3.096652e+01  1.018464e+02  5.200000e+01
   endloop
 endfacet
 facet normal  9.939835e-01 -1.095298e-01 -3.751891e-20
   outer loop
     vertex  3.095604e+01  1.017620e+02  5.200000e+01
     vertex  3.096070e+01  1.018043e+02  4.800000e+01
     vertex  3.096070e+01  1.018043e+02  5.200000e+01
   endloop
 endfacet
 facet normal  9.939835e-01 -1.095298e-01  0.000000e+00
   outer loop
     vertex  3.095604e+01  1.017620e+02  5.200000e+01
     vertex  3.095604e+01  1.017620e+02  4.800000e+01
     vertex  3.096070e+01  1.018043e+02  4.800000e+01
   endloop
 endfacet
 facet normal  9.966142e-01 -8.221955e-02 -5.993530e-20
   outer loop
     vertex  3.095255e+01  1.017196e+02  5.200000e+01
     vertex  3.095604e+01  1.017620e+02  4.800000e+01
     vertex  3.095604e+01  1.017620e+02  5.200000e+01
   endloop
 endfacet
 facet normal  9.966142e-01 -8.221955e-02  0.000000e+00
   outer loop
     vertex  3.095255e+01  1.017196e+02  5.200000e+01
     vertex  3.095255e+01  1.017196e+02  4.800000e+01
     vertex  3.095604e+01  1.017620e+02  4.800000e+01
   endloop
 endfacet
 facet normal  9.984947e-01 -5.484744e-02  3.535539e-20
   outer loop
     vertex  3.095021e+01  1.016772e+02  5.200000e+01
     vertex  3.095255e+01  1.017196e+02  4.800000e+01
     vertex  3.095255e+01  1.017196e+02  5.200000e+01
   endloop
 endfacet
 facet normal  9.984947e-01 -5.484744e-02  0.000000e+00
   outer loop
     vertex  3.095021e+01  1.016772e+02  5.200000e+01
     vertex  3.095021e+01  1.016772e+02  4.800000e+01
     vertex  3.095255e+01  1.017196e+02  4.800000e+01
   endloop
 endfacet
 facet normal  9.996236e-01 -2.743405e-02  1.177723e-20
   outer loop
     vertex  3.094905e+01  1.016347e+02  5.200000e+01
     vertex  3.095021e+01  1.016772e+02  4.800000e+01
     vertex  3.095021e+01  1.016772e+02  5.200000e+01
   endloop
 endfacet
 facet normal  9.996236e-01 -2.743405e-02  0.000000e+00
   outer loop
     vertex  3.094905e+01  1.016347e+02  5.200000e+01
     vertex  3.094905e+01  1.016347e+02  4.800000e+01
     vertex  3.095021e+01  1.016772e+02  4.800000e+01
   endloop
 endfacet
 facet normal  1.000000e+00  8.354063e-14  0.000000e+00
   outer loop
     vertex  3.094905e+01  1.015921e+02  5.200000e+01
     vertex  3.094905e+01  1.016347e+02  4.800000e+01
     vertex  3.094905e+01  1.016347e+02  5.200000e+01
   endloop
 endfacet
 facet normal  1.000000e+00  8.354063e-14  0.000000e+00
   outer loop
     vertex  3.094905e+01  1.015921e+02  5.200000e+01
     vertex  3.094905e+01  1.015921e+02  4.800000e+01
     vertex  3.094905e+01  1.016347e+02  4.800000e+01
   endloop
 endfacet
 facet normal  9.996236e-01  2.743405e-02 -1.630019e-20
   outer loop
     vertex  3.095021e+01  1.015496e+02  5.200000e+01
     vertex  3.094905e+01  1.015921e+02  4.800000e+01
     vertex  3.094905e+01  1.015921e+02  5.200000e+01
   endloop
 endfacet
 facet normal  9.996236e-01  2.743405e-02  0.000000e+00
   outer loop
     vertex  3.095021e+01  1.015496e+02  5.200000e+01
     vertex  3.095021e+01  1.015496e+02  4.800000e+01
     vertex  3.094905e+01  1.015921e+02  4.800000e+01
   endloop
 endfacet
 facet normal  9.984947e-01  5.484744e-02 -3.535539e-20
   outer loop
     vertex  3.095255e+01  1.015072e+02  5.200000e+01
     vertex  3.095021e+01  1.015496e+02  4.800000e+01
     vertex  3.095021e+01  1.015496e+02  5.200000e+01
   endloop
 endfacet
 facet normal  9.984947e-01  5.484744e-02  0.000000e+00
   outer loop
     vertex  3.095255e+01  1.015072e+02  5.200000e+01
     vertex  3.095255e+01  1.015072e+02  4.800000e+01
     vertex  3.095021e+01  1.015496e+02  4.800000e+01
   endloop
 endfacet
 facet normal  9.966142e-01  8.221955e-02  2.852124e-20
   outer loop
     vertex  3.095604e+01  1.014648e+02  5.200000e+01
     vertex  3.095255e+01  1.015072e+02  4.800000e+01
     vertex  3.095255e+01  1.015072e+02  5.200000e+01
   endloop
 endfacet
 facet normal  9.966142e-01  8.221955e-02  0.000000e+00
   outer loop
     vertex  3.095604e+01  1.014648e+02  5.200000e+01
     vertex  3.095604e+01  1.014648e+02  4.800000e+01
     vertex  3.095255e+01  1.015072e+02  4.800000e+01
   endloop
 endfacet
 facet normal  9.939835e-01  1.095298e-01  0.000000e+00
   outer loop
     vertex  3.095604e+01  1.014648e+02  5.200000e+01
     vertex  3.096070e+01  1.014225e+02  4.800000e+01
     vertex  3.095604e+01  1.014648e+02  4.800000e+01
   endloop
 endfacet
 facet normal  9.939835e-01  1.095298e-01  0.000000e+00
   outer loop
     vertex  3.096070e+01  1.014225e+02  5.200000e+01
     vertex  3.096070e+01  1.014225e+02  4.800000e+01
     vertex  3.095604e+01  1.014648e+02  5.200000e+01
   endloop
 endfacet
 facet normal  9.906046e-01  1.367575e-01  3.558055e-20
   outer loop
     vertex  3.096652e+01  1.013804e+02  5.200000e+01
     vertex  3.096070e+01  1.014225e+02  4.800000e+01
     vertex  3.096070e+01  1.014225e+02  5.200000e+01
   endloop
 endfacet
 facet normal  9.906046e-01  1.367575e-01  0.000000e+00
   outer loop
     vertex  3.096652e+01  1.013804e+02  5.200000e+01
     vertex  3.096652e+01  1.013804e+02  4.800000e+01
     vertex  3.096070e+01  1.014225e+02  4.800000e+01
   endloop
 endfacet
 facet normal  9.864799e-01  1.638824e-01 -3.516326e-20
   outer loop
     vertex  3.097348e+01  1.013384e+02  5.200000e+01
     vertex  3.096652e+01  1.013804e+02  4.800000e+01
     vertex  3.096652e+01  1.013804e+02  5.200000e+01
   endloop
 endfacet
 facet normal  9.864799e-01  1.638824e-01  0.000000e+00
   outer loop
     vertex  3.097348e+01  1.013384e+02  5.200000e+01
     vertex  3.097348e+01  1.013384e+02  4.800000e+01
     vertex  3.096652e+01  1.013804e+02  4.800000e+01
   endloop
 endfacet
 facet normal  9.816126e-01  1.908838e-01 -5.512718e-20
   outer loop
     vertex  3.098160e+01  1.012967e+02  5.200000e+01
     vertex  3.097348e+01  1.013384e+02  4.800000e+01
     vertex  3.097348e+01  1.013384e+02  5.200000e+01
   endloop
 endfacet
 facet normal  9.816126e-01  1.908838e-01  0.000000e+00
   outer loop
     vertex  3.098160e+01  1.012967e+02  5.200000e+01
     vertex  3.098160e+01  1.012967e+02  4.800000e+01
     vertex  3.097348e+01  1.013384e+02  4.800000e+01
   endloop
 endfacet
 facet normal  9.760065e-01  2.177416e-01  0.000000e+00
   outer loop
     vertex  3.099086e+01  1.012552e+02  5.200000e+01
     vertex  3.099086e+01  1.012552e+02  4.800000e+01
     vertex  3.098160e+01  1.012967e+02  4.800000e+01
   endloop
 endfacet
 facet normal  9.760065e-01  2.177416e-01  9.382754e-20
   outer loop
     vertex  3.099086e+01  1.012552e+02  5.200000e+01
     vertex  3.098160e+01  1.012967e+02  4.800000e+01
     vertex  3.098160e+01  1.012967e+02  5.200000e+01
   endloop
 endfacet
 facet normal  9.696656e-01  2.444354e-01  0.000000e+00
   outer loop
     vertex  3.100126e+01  1.012139e+02  5.200000e+01
     vertex  3.100126e+01  1.012139e+02  4.800000e+01
     vertex  3.099086e+01  1.012552e+02  4.800000e+01
   endloop
 endfacet
 facet normal  9.696656e-01  2.444354e-01 -2.049303e-20
   outer loop
     vertex  3.100126e+01  1.012139e+02  5.200000e+01
     vertex  3.099086e+01  1.012552e+02  4.800000e+01
     vertex  3.099086e+01  1.012552e+02  5.200000e+01
   endloop
 endfacet
 facet normal  9.625948e-01  2.709453e-01 -1.039547e-19
   outer loop
     vertex  3.101278e+01  1.011730e+02  5.200000e+01
     vertex  3.100126e+01  1.012139e+02  4.800000e+01
     vertex  3.100126e+01  1.012139e+02  5.200000e+01
   endloop
 endfacet
 facet normal  9.625948e-01  2.709453e-01  0.000000e+00
   outer loop
     vertex  3.101278e+01  1.011730e+02  5.200000e+01
     vertex  3.101278e+01  1.011730e+02  4.800000e+01
     vertex  3.100126e+01  1.012139e+02  4.800000e+01
   endloop
 endfacet
 facet normal  9.547993e-01  2.972512e-01  0.000000e+00
   outer loop
     vertex  3.102542e+01  1.011324e+02  5.200000e+01
     vertex  3.102542e+01  1.011324e+02  4.800000e+01
     vertex  3.101278e+01  1.011730e+02  4.800000e+01
   endloop
 endfacet
 facet normal  9.547993e-01  2.972512e-01  1.026243e-19
   outer loop
     vertex  3.102542e+01  1.011324e+02  5.200000e+01
     vertex  3.101278e+01  1.011730e+02  4.800000e+01
     vertex  3.101278e+01  1.011730e+02  5.200000e+01
   endloop
 endfacet
 facet normal  9.462851e-01  3.233333e-01  0.000000e+00
   outer loop
     vertex  3.103917e+01  1.010922e+02  5.200000e+01
     vertex  3.103917e+01  1.010922e+02  4.800000e+01
     vertex  3.102542e+01  1.011324e+02  4.800000e+01
   endloop
 endfacet
 facet normal  9.462851e-01  3.233333e-01 -9.438747e-20
   outer loop
     vertex  3.103917e+01  1.010922e+02  5.200000e+01
     vertex  3.102542e+01  1.011324e+02  4.800000e+01
     vertex  3.102542e+01  1.011324e+02  5.200000e+01
   endloop
 endfacet
 facet normal  9.370586e-01  3.491720e-01  0.000000e+00
   outer loop
     vertex  3.105402e+01  1.010523e+02  5.200000e+01
     vertex  3.105402e+01  1.010523e+02  4.800000e+01
     vertex  3.103917e+01  1.010922e+02  4.800000e+01
   endloop
 endfacet
 facet normal  9.271267e-01  3.747479e-01  0.000000e+00
   outer loop
     vertex  3.105402e+01  1.010523e+02  5.200000e+01
     vertex  3.106996e+01  1.010129e+02  4.800000e+01
     vertex  3.105402e+01  1.010523e+02  4.800000e+01
   endloop
 endfacet
 facet normal  9.370586e-01  3.491720e-01  8.751052e-21
   outer loop
     vertex  3.105402e+01  1.010523e+02  5.200000e+01
     vertex  3.103917e+01  1.010922e+02  4.800000e+01
     vertex  3.103917e+01  1.010922e+02  5.200000e+01
   endloop
 endfacet
 facet normal  9.271267e-01  3.747479e-01  0.000000e+00
   outer loop
     vertex  3.106996e+01  1.010129e+02  5.200000e+01
     vertex  3.106996e+01  1.010129e+02  4.800000e+01
     vertex  3.105402e+01  1.010523e+02  5.200000e+01
   endloop
 endfacet
 facet normal  9.164969e-01  4.000417e-01  0.000000e+00
   outer loop
     vertex  3.108697e+01  1.009739e+02  5.200000e+01
     vertex  3.108697e+01  1.009739e+02  4.800000e+01
     vertex  3.106996e+01  1.010129e+02  4.800000e+01
   endloop
 endfacet
 facet normal  9.164969e-01  4.000417e-01 -2.105711e-19
   outer loop
     vertex  3.108697e+01  1.009739e+02  5.200000e+01
     vertex  3.106996e+01  1.010129e+02  4.800000e+01
     vertex  3.106996e+01  1.010129e+02  5.200000e+01
   endloop
 endfacet
 facet normal  9.051772e-01  4.250344e-01  0.000000e+00
   outer loop
     vertex  3.110505e+01  1.009354e+02  5.200000e+01
     vertex  3.110505e+01  1.009354e+02  4.800000e+01
     vertex  3.108697e+01  1.009739e+02  4.800000e+01
   endloop
 endfacet
 facet normal  9.051772e-01  4.250344e-01  1.095709e-19
   outer loop
     vertex  3.110505e+01  1.009354e+02  5.200000e+01
     vertex  3.108697e+01  1.009739e+02  4.800000e+01
     vertex  3.108697e+01  1.009739e+02  5.200000e+01
   endloop
 endfacet
 facet normal  8.931761e-01  4.497071e-01  0.000000e+00
   outer loop
     vertex  3.112417e+01  1.008974e+02  5.200000e+01
     vertex  3.112417e+01  1.008974e+02  4.800000e+01
     vertex  3.110505e+01  1.009354e+02  4.800000e+01
   endloop
 endfacet
 facet normal  8.805026e-01  4.740412e-01  0.000000e+00
   outer loop
     vertex  3.112417e+01  1.008974e+02  5.200000e+01
     vertex  3.114433e+01  1.008600e+02  4.800000e+01
     vertex  3.112417e+01  1.008974e+02  4.800000e+01
   endloop
 endfacet
 facet normal  8.931761e-01  4.497071e-01 -1.331515e-19
   outer loop
     vertex  3.112417e+01  1.008974e+02  5.200000e+01
     vertex  3.110505e+01  1.009354e+02  4.800000e+01
     vertex  3.110505e+01  1.009354e+02  5.200000e+01
   endloop
 endfacet
 facet normal  8.671664e-01  4.980186e-01  0.000000e+00
   outer loop
     vertex  3.114433e+01  1.008600e+02  5.200000e+01
     vertex  3.116551e+01  1.008231e+02  4.800000e+01
     vertex  3.114433e+01  1.008600e+02  4.800000e+01
   endloop
 endfacet
 facet normal  8.805026e-01  4.740412e-01  0.000000e+00
   outer loop
     vertex  3.114433e+01  1.008600e+02  5.200000e+01
     vertex  3.114433e+01  1.008600e+02  4.800000e+01
     vertex  3.112417e+01  1.008974e+02  5.200000e+01
   endloop
 endfacet
 facet normal  8.671664e-01  4.980186e-01  0.000000e+00
   outer loop
     vertex  3.116551e+01  1.008231e+02  5.200000e+01
     vertex  3.116551e+01  1.008231e+02  4.800000e+01
     vertex  3.114433e+01  1.008600e+02  5.200000e+01
   endloop
 endfacet
 facet normal  8.531773e-01  5.216210e-01  0.000000e+00
   outer loop
     vertex  3.118769e+01  1.007868e+02  5.200000e+01
     vertex  3.118769e+01  1.007868e+02  4.800000e+01
     vertex  3.116551e+01  1.008231e+02  4.800000e+01
   endloop
 endfacet
 facet normal  8.385460e-01  5.448308e-01  0.000000e+00
   outer loop
     vertex  3.118769e+01  1.007868e+02  5.200000e+01
     vertex  3.121086e+01  1.007512e+02  4.800000e+01
     vertex  3.118769e+01  1.007868e+02  4.800000e+01
   endloop
 endfacet
 facet normal  8.531773e-01  5.216210e-01  1.484258e-19
   outer loop
     vertex  3.118769e+01  1.007868e+02  5.200000e+01
     vertex  3.116551e+01  1.008231e+02  4.800000e+01
     vertex  3.116551e+01  1.008231e+02  5.200000e+01
   endloop
 endfacet
 facet normal  8.385460e-01  5.448308e-01  0.000000e+00
   outer loop
     vertex  3.121086e+01  1.007512e+02  5.200000e+01
     vertex  3.121086e+01  1.007512e+02  4.800000e+01
     vertex  3.118769e+01  1.007868e+02  5.200000e+01
   endloop
 endfacet
 facet normal  8.232835e-01  5.676304e-01 -7.949361e-20
   outer loop
     vertex  3.123500e+01  1.007161e+02  5.200000e+01
     vertex  3.121086e+01  1.007512e+02  4.800000e+01
     vertex  3.121086e+01  1.007512e+02  5.200000e+01
   endloop
 endfacet
 facet normal  8.232835e-01  5.676304e-01  0.000000e+00
   outer loop
     vertex  3.123500e+01  1.007161e+02  5.200000e+01
     vertex  3.123500e+01  1.007161e+02  4.800000e+01
     vertex  3.121086e+01  1.007512e+02  4.800000e+01
   endloop
 endfacet
 facet normal  8.074012e-01  5.900028e-01  0.000000e+00
   outer loop
     vertex  3.123500e+01  1.007161e+02  5.200000e+01
     vertex  3.126009e+01  1.006818e+02  4.800000e+01
     vertex  3.123500e+01  1.007161e+02  4.800000e+01
   endloop
 endfacet
 facet normal  8.074012e-01  5.900028e-01  0.000000e+00
   outer loop
     vertex  3.126009e+01  1.006818e+02  5.200000e+01
     vertex  3.126009e+01  1.006818e+02  4.800000e+01
     vertex  3.123500e+01  1.007161e+02  5.200000e+01
   endloop
 endfacet
 facet normal  7.909112e-01  6.119310e-01 -3.949373e-20
   outer loop
     vertex  3.128611e+01  1.006482e+02  5.200000e+01
     vertex  3.126009e+01  1.006818e+02  4.800000e+01
     vertex  3.126009e+01  1.006818e+02  5.200000e+01
   endloop
 endfacet
 facet normal  7.909112e-01  6.119310e-01  0.000000e+00
   outer loop
     vertex  3.128611e+01  1.006482e+02  5.200000e+01
     vertex  3.128611e+01  1.006482e+02  4.800000e+01
     vertex  3.126009e+01  1.006818e+02  4.800000e+01
   endloop
 endfacet
 facet normal  7.738257e-01  6.333986e-01  0.000000e+00
   outer loop
     vertex  3.128611e+01  1.006482e+02  5.200000e+01
     vertex  3.131305e+01  1.006153e+02  4.800000e+01
     vertex  3.128611e+01  1.006482e+02  4.800000e+01
   endloop
 endfacet
 facet normal  7.738257e-01  6.333986e-01  0.000000e+00
   outer loop
     vertex  3.131305e+01  1.006153e+02  5.200000e+01
     vertex  3.131305e+01  1.006153e+02  4.800000e+01
     vertex  3.128611e+01  1.006482e+02  5.200000e+01
   endloop
 endfacet
 facet normal  7.561578e-01  6.543893e-01 -3.009677e-19
   outer loop
     vertex  3.134088e+01  1.005831e+02  5.200000e+01
     vertex  3.131305e+01  1.006153e+02  4.800000e+01
     vertex  3.131305e+01  1.006153e+02  5.200000e+01
   endloop
 endfacet
 facet normal  7.561578e-01  6.543893e-01  0.000000e+00
   outer loop
     vertex  3.134088e+01  1.005831e+02  5.200000e+01
     vertex  3.134088e+01  1.005831e+02  4.800000e+01
     vertex  3.131305e+01  1.006153e+02  4.800000e+01
   endloop
 endfacet
 facet normal  7.379206e-01  6.748875e-01  4.484352e-20
   outer loop
     vertex  3.136958e+01  1.005517e+02  5.200000e+01
     vertex  3.134088e+01  1.005831e+02  4.800000e+01
     vertex  3.134088e+01  1.005831e+02  5.200000e+01
   endloop
 endfacet
 facet normal  7.379206e-01  6.748875e-01  0.000000e+00
   outer loop
     vertex  3.136958e+01  1.005517e+02  5.200000e+01
     vertex  3.136958e+01  1.005517e+02  4.800000e+01
     vertex  3.134088e+01  1.005831e+02  4.800000e+01
   endloop
 endfacet
 facet normal  7.191280e-01  6.948776e-01 -1.167752e-19
   outer loop
     vertex  3.139913e+01  1.005211e+02  5.200000e+01
     vertex  3.136958e+01  1.005517e+02  4.800000e+01
     vertex  3.136958e+01  1.005517e+02  5.200000e+01
   endloop
 endfacet
 facet normal  7.191280e-01  6.948776e-01  0.000000e+00
   outer loop
     vertex  3.139913e+01  1.005211e+02  5.200000e+01
     vertex  3.139913e+01  1.005211e+02  4.800000e+01
     vertex  3.136958e+01  1.005517e+02  4.800000e+01
   endloop
 endfacet
 facet normal  6.997940e-01  7.143447e-01 -9.934841e-20
   outer loop
     vertex  3.142951e+01  1.004914e+02  5.200000e+01
     vertex  3.139913e+01  1.005211e+02  4.800000e+01
     vertex  3.139913e+01  1.005211e+02  5.200000e+01
   endloop
 endfacet
 facet normal  6.997940e-01  7.143447e-01  0.000000e+00
   outer loop
     vertex  3.142951e+01  1.004914e+02  5.200000e+01
     vertex  3.142951e+01  1.004914e+02  4.800000e+01
     vertex  3.139913e+01  1.005211e+02  4.800000e+01
   endloop
 endfacet
 facet normal  6.799333e-01  7.332740e-01  0.000000e+00
   outer loop
     vertex  3.142951e+01  1.004914e+02  5.200000e+01
     vertex  3.146069e+01  1.004625e+02  4.800000e+01
     vertex  3.142951e+01  1.004914e+02  4.800000e+01
   endloop
 endfacet
 facet normal  6.799333e-01  7.332740e-01  0.000000e+00
   outer loop
     vertex  3.146069e+01  1.004625e+02  5.200000e+01
     vertex  3.146069e+01  1.004625e+02  4.800000e+01
     vertex  3.142951e+01  1.004914e+02  5.200000e+01
   endloop
 endfacet
 facet normal  6.595607e-01  7.516513e-01  0.000000e+00
   outer loop
     vertex  3.146069e+01  1.004625e+02  5.200000e+01
     vertex  3.149266e+01  1.004344e+02  4.800000e+01
     vertex  3.146069e+01  1.004625e+02  4.800000e+01
   endloop
 endfacet
 facet normal  6.595607e-01  7.516513e-01  0.000000e+00
   outer loop
     vertex  3.149266e+01  1.004344e+02  5.200000e+01
     vertex  3.149266e+01  1.004344e+02  4.800000e+01
     vertex  3.146069e+01  1.004625e+02  5.200000e+01
   endloop
 endfacet
 facet normal  6.386916e-01  7.694628e-01  8.467958e-20
   outer loop
     vertex  3.152538e+01  1.004073e+02  5.200000e+01
     vertex  3.149266e+01  1.004344e+02  4.800000e+01
     vertex  3.149266e+01  1.004344e+02  5.200000e+01
   endloop
 endfacet
 facet normal  6.386916e-01  7.694628e-01  0.000000e+00
   outer loop
     vertex  3.152538e+01  1.004073e+02  5.200000e+01
     vertex  3.152538e+01  1.004073e+02  4.800000e+01
     vertex  3.149266e+01  1.004344e+02  4.800000e+01
   endloop
 endfacet
 facet normal  6.173417e-01  7.866951e-01  2.246792e-19
   outer loop
     vertex  3.155884e+01  1.003810e+02  5.200000e+01
     vertex  3.152538e+01  1.004073e+02  4.800000e+01
     vertex  3.152538e+01  1.004073e+02  5.200000e+01
   endloop
 endfacet
 facet normal  6.173417e-01  7.866951e-01  0.000000e+00
   outer loop
     vertex  3.155884e+01  1.003810e+02  5.200000e+01
     vertex  3.155884e+01  1.003810e+02  4.800000e+01
     vertex  3.152538e+01  1.004073e+02  4.800000e+01
   endloop
 endfacet
 facet normal  5.955271e-01  8.033352e-01  2.803162e-19
   outer loop
     vertex  3.159300e+01  1.003557e+02  5.200000e+01
     vertex  3.155884e+01  1.003810e+02  4.800000e+01
     vertex  3.155884e+01  1.003810e+02  5.200000e+01
   endloop
 endfacet
 facet normal  5.955271e-01  8.033352e-01  0.000000e+00
   outer loop
     vertex  3.159300e+01  1.003557e+02  5.200000e+01
     vertex  3.159300e+01  1.003557e+02  4.800000e+01
     vertex  3.155884e+01  1.003810e+02  4.800000e+01
   endloop
 endfacet
 facet normal  5.732642e-01  8.193706e-01  1.562475e-19
   outer loop
     vertex  3.162785e+01  1.003313e+02  5.200000e+01
     vertex  3.159300e+01  1.003557e+02  4.800000e+01
     vertex  3.159300e+01  1.003557e+02  5.200000e+01
   endloop
 endfacet
 facet normal  5.732642e-01  8.193706e-01  0.000000e+00
   outer loop
     vertex  3.162785e+01  1.003313e+02  5.200000e+01
     vertex  3.162785e+01  1.003313e+02  4.800000e+01
     vertex  3.159300e+01  1.003557e+02  4.800000e+01
   endloop
 endfacet
 facet normal  5.505698e-01  8.347891e-01 -1.256960e-19
   outer loop
     vertex  3.166335e+01  1.003079e+02  5.200000e+01
     vertex  3.162785e+01  1.003313e+02  4.800000e+01
     vertex  3.162785e+01  1.003313e+02  5.200000e+01
   endloop
 endfacet
 facet normal  5.505698e-01  8.347891e-01  0.000000e+00
   outer loop
     vertex  3.166335e+01  1.003079e+02  5.200000e+01
     vertex  3.166335e+01  1.003079e+02  4.800000e+01
     vertex  3.162785e+01  1.003313e+02  4.800000e+01
   endloop
 endfacet
 facet normal  5.274609e-01  8.495793e-01  0.000000e+00
   outer loop
     vertex  3.166335e+01  1.003079e+02  5.200000e+01
     vertex  3.169948e+01  1.002855e+02  4.800000e+01
     vertex  3.166335e+01  1.003079e+02  4.800000e+01
   endloop
 endfacet
 facet normal  5.274609e-01  8.495793e-01  0.000000e+00
   outer loop
     vertex  3.169948e+01  1.002855e+02  5.200000e+01
     vertex  3.169948e+01  1.002855e+02  4.800000e+01
     vertex  3.166335e+01  1.003079e+02  5.200000e+01
   endloop
 endfacet
 facet normal  5.039550e-01  8.637299e-01 -1.471826e-19
   outer loop
     vertex  3.173621e+01  1.002640e+02  5.200000e+01
     vertex  3.169948e+01  1.002855e+02  4.800000e+01
     vertex  3.169948e+01  1.002855e+02  5.200000e+01
   endloop
 endfacet
 facet normal  5.039550e-01  8.637299e-01  0.000000e+00
   outer loop
     vertex  3.173621e+01  1.002640e+02  5.200000e+01
     vertex  3.173621e+01  1.002640e+02  4.800000e+01
     vertex  3.169948e+01  1.002855e+02  4.800000e+01
   endloop
 endfacet
 facet normal  4.800697e-01  8.772303e-01  9.932325e-20
   outer loop
     vertex  3.177351e+01  1.002436e+02  5.200000e+01
     vertex  3.173621e+01  1.002640e+02  4.800000e+01
     vertex  3.173621e+01  1.002640e+02  5.200000e+01
   endloop
 endfacet
 facet normal  4.800697e-01  8.772303e-01  0.000000e+00
   outer loop
     vertex  3.177351e+01  1.002436e+02  5.200000e+01
     vertex  3.177351e+01  1.002436e+02  4.800000e+01
     vertex  3.173621e+01  1.002640e+02  4.800000e+01
   endloop
 endfacet
 facet normal  4.558231e-01  8.900704e-01 -1.040971e-19
   outer loop
     vertex  3.181137e+01  1.002242e+02  5.200000e+01
     vertex  3.177351e+01  1.002436e+02  4.800000e+01
     vertex  3.177351e+01  1.002436e+02  5.200000e+01
   endloop
 endfacet
 facet normal  4.558231e-01  8.900704e-01  0.000000e+00
   outer loop
     vertex  3.181137e+01  1.002242e+02  5.200000e+01
     vertex  3.181137e+01  1.002242e+02  4.800000e+01
     vertex  3.177351e+01  1.002436e+02  4.800000e+01
   endloop
 endfacet
 facet normal  4.312333e-01  9.022405e-01 -1.038241e-19
   outer loop
     vertex  3.184974e+01  1.002059e+02  5.200000e+01
     vertex  3.181137e+01  1.002242e+02  4.800000e+01
     vertex  3.181137e+01  1.002242e+02  5.200000e+01
   endloop
 endfacet
 facet normal  4.312333e-01  9.022405e-01  0.000000e+00
   outer loop
     vertex  3.184974e+01  1.002059e+02  5.200000e+01
     vertex  3.184974e+01  1.002059e+02  4.800000e+01
     vertex  3.181137e+01  1.002242e+02  4.800000e+01
   endloop
 endfacet
 facet normal  4.063188e-01  9.137314e-01  4.944197e-20
   outer loop
     vertex  3.188859e+01  1.001886e+02  5.200000e+01
     vertex  3.184974e+01  1.002059e+02  4.800000e+01
     vertex  3.184974e+01  1.002059e+02  5.200000e+01
   endloop
 endfacet
 facet normal  4.063188e-01  9.137314e-01  0.000000e+00
   outer loop
     vertex  3.188859e+01  1.001886e+02  5.200000e+01
     vertex  3.188859e+01  1.001886e+02  4.800000e+01
     vertex  3.184974e+01  1.002059e+02  4.800000e+01
   endloop
 endfacet
 facet normal  3.810986e-01  9.245344e-01  0.000000e+00
   outer loop
     vertex  3.188859e+01  1.001886e+02  5.200000e+01
     vertex  3.192791e+01  1.001724e+02  4.800000e+01
     vertex  3.188859e+01  1.001886e+02  4.800000e+01
   endloop
 endfacet
 facet normal  3.810986e-01  9.245344e-01  0.000000e+00
   outer loop
     vertex  3.192791e+01  1.001724e+02  5.200000e+01
     vertex  3.192791e+01  1.001724e+02  4.800000e+01
     vertex  3.188859e+01  1.001886e+02  5.200000e+01
   endloop
 endfacet
 facet normal  3.555914e-01  9.346415e-01  0.000000e+00
   outer loop
     vertex  3.196766e+01  1.001573e+02  5.200000e+01
     vertex  3.196766e+01  1.001573e+02  4.800000e+01
     vertex  3.192791e+01  1.001724e+02  4.800000e+01
   endloop
 endfacet
 facet normal  3.555914e-01  9.346415e-01  1.218962e-19
   outer loop
     vertex  3.196766e+01  1.001573e+02  5.200000e+01
     vertex  3.192791e+01  1.001724e+02  4.800000e+01
     vertex  3.192791e+01  1.001724e+02  5.200000e+01
   endloop
 endfacet
 facet normal  3.298166e-01  9.440450e-01  0.000000e+00
   outer loop
     vertex  3.200781e+01  1.001433e+02  5.200000e+01
     vertex  3.200781e+01  1.001433e+02  4.800000e+01
     vertex  3.196766e+01  1.001573e+02  4.800000e+01
   endloop
 endfacet
 facet normal  3.298166e-01  9.440450e-01  2.893339e-19
   outer loop
     vertex  3.200781e+01  1.001433e+02  5.200000e+01
     vertex  3.196766e+01  1.001573e+02  4.800000e+01
     vertex  3.196766e+01  1.001573e+02  5.200000e+01
   endloop
 endfacet
 facet normal  3.037934e-01  9.527379e-01  0.000000e+00
   outer loop
     vertex  3.204832e+01  1.001303e+02  5.200000e+01
     vertex  3.204832e+01  1.001303e+02  4.800000e+01
     vertex  3.200781e+01  1.001433e+02  4.800000e+01
   endloop
 endfacet
 facet normal  3.037934e-01  9.527379e-01 -1.631275e-19
   outer loop
     vertex  3.204832e+01  1.001303e+02  5.200000e+01
     vertex  3.200781e+01  1.001433e+02  4.800000e+01
     vertex  3.200781e+01  1.001433e+02  5.200000e+01
   endloop
 endfacet
 facet normal  2.775416e-01  9.607136e-01  1.351826e-19
   outer loop
     vertex  3.208918e+01  1.001185e+02  5.200000e+01
     vertex  3.204832e+01  1.001303e+02  4.800000e+01
     vertex  3.204832e+01  1.001303e+02  5.200000e+01
   endloop
 endfacet
 facet normal  2.775416e-01  9.607136e-01  0.000000e+00
   outer loop
     vertex  3.208918e+01  1.001185e+02  5.200000e+01
     vertex  3.208918e+01  1.001185e+02  4.800000e+01
     vertex  3.204832e+01  1.001303e+02  4.800000e+01
   endloop
 endfacet
 facet normal  2.510809e-01  9.679661e-01  0.000000e+00
   outer loop
     vertex  3.208918e+01  1.001185e+02  5.200000e+01
     vertex  3.213034e+01  1.001079e+02  4.800000e+01
     vertex  3.208918e+01  1.001185e+02  4.800000e+01
   endloop
 endfacet
 facet normal  2.510809e-01  9.679661e-01  0.000000e+00
   outer loop
     vertex  3.213034e+01  1.001079e+02  5.200000e+01
     vertex  3.213034e+01  1.001079e+02  4.800000e+01
     vertex  3.208918e+01  1.001185e+02  5.200000e+01
   endloop
 endfacet
 facet normal  2.244312e-01  9.744899e-01  6.260945e-20
   outer loop
     vertex  3.217179e+01  1.000983e+02  5.200000e+01
     vertex  3.213034e+01  1.001079e+02  4.800000e+01
     vertex  3.213034e+01  1.001079e+02  5.200000e+01
   endloop
 endfacet
 facet normal  2.244312e-01  9.744899e-01  0.000000e+00
   outer loop
     vertex  3.217179e+01  1.000983e+02  5.200000e+01
     vertex  3.217179e+01  1.000983e+02  4.800000e+01
     vertex  3.213034e+01  1.001079e+02  4.800000e+01
   endloop
 endfacet
 facet normal  1.976125e-01  9.802802e-01  0.000000e+00
   outer loop
     vertex  3.217179e+01  1.000983e+02  5.200000e+01
     vertex  3.221347e+01  1.000899e+02  4.800000e+01
     vertex  3.217179e+01  1.000983e+02  4.800000e+01
   endloop
 endfacet
 facet normal  1.976125e-01  9.802802e-01  0.000000e+00
   outer loop
     vertex  3.221347e+01  1.000899e+02  5.200000e+01
     vertex  3.221347e+01  1.000899e+02  4.800000e+01
     vertex  3.217179e+01  1.000983e+02  5.200000e+01
   endloop
 endfacet
 facet normal  1.706451e-01  9.853326e-01  1.584080e-19
   outer loop
     vertex  3.225538e+01  1.000826e+02  5.200000e+01
     vertex  3.221347e+01  1.000899e+02  4.800000e+01
     vertex  3.221347e+01  1.000899e+02  5.200000e+01
   endloop
 endfacet
 facet normal  1.706451e-01  9.853326e-01  0.000000e+00
   outer loop
     vertex  3.225538e+01  1.000826e+02  5.200000e+01
     vertex  3.225538e+01  1.000826e+02  4.800000e+01
     vertex  3.221347e+01  1.000899e+02  4.800000e+01
   endloop
 endfacet
 facet normal  1.435492e-01  9.896432e-01  0.000000e+00
   outer loop
     vertex  3.225538e+01  1.000826e+02  5.200000e+01
     vertex  3.229746e+01  1.000765e+02  4.800000e+01
     vertex  3.225538e+01  1.000826e+02  4.800000e+01
   endloop
 endfacet
 facet normal  1.435492e-01  9.896432e-01  0.000000e+00
   outer loop
     vertex  3.229746e+01  1.000765e+02  5.200000e+01
     vertex  3.229746e+01  1.000765e+02  4.800000e+01
     vertex  3.225538e+01  1.000826e+02  5.200000e+01
   endloop
 endfacet
 facet normal  1.163452e-01  9.932088e-01  2.258831e-20
   outer loop
     vertex  3.233970e+01  1.000716e+02  5.200000e+01
     vertex  3.229746e+01  1.000765e+02  4.800000e+01
     vertex  3.229746e+01  1.000765e+02  5.200000e+01
   endloop
 endfacet
 facet normal  1.163452e-01  9.932088e-01  0.000000e+00
   outer loop
     vertex  3.233970e+01  1.000716e+02  5.200000e+01
     vertex  3.233970e+01  1.000716e+02  4.800000e+01
     vertex  3.229746e+01  1.000765e+02  4.800000e+01
   endloop
 endfacet
 facet normal  8.905371e-02  9.960268e-01  1.599032e-20
   outer loop
     vertex  3.238206e+01  1.000678e+02  5.200000e+01
     vertex  3.233970e+01  1.000716e+02  4.800000e+01
     vertex  3.233970e+01  1.000716e+02  5.200000e+01
   endloop
 endfacet
 facet normal  8.905371e-02  9.960268e-01  0.000000e+00
   outer loop
     vertex  3.238206e+01  1.000678e+02  5.200000e+01
     vertex  3.238206e+01  1.000678e+02  4.800000e+01
     vertex  3.233970e+01  1.000716e+02  4.800000e+01
   endloop
 endfacet
 facet normal  6.169515e-02  9.980950e-01 -1.351856e-20
   outer loop
     vertex  3.242450e+01  1.000652e+02  5.200000e+01
     vertex  3.238206e+01  1.000678e+02  4.800000e+01
     vertex  3.238206e+01  1.000678e+02  5.200000e+01
   endloop
 endfacet
 facet normal  6.169515e-02  9.980950e-01  0.000000e+00
   outer loop
     vertex  3.242450e+01  1.000652e+02  5.200000e+01
     vertex  3.242450e+01  1.000652e+02  4.800000e+01
     vertex  3.238206e+01  1.000678e+02  4.800000e+01
   endloop
 endfacet
 facet normal  3.429014e-02  9.994119e-01  3.538555e-20
   outer loop
     vertex  3.246701e+01  1.000637e+02  5.200000e+01
     vertex  3.242450e+01  1.000652e+02  4.800000e+01
     vertex  3.242450e+01  1.000652e+02  5.200000e+01
   endloop
 endfacet
 facet normal  3.429014e-02  9.994119e-01  0.000000e+00
   outer loop
     vertex  3.246701e+01  1.000637e+02  5.200000e+01
     vertex  3.246701e+01  1.000637e+02  4.800000e+01
     vertex  3.242450e+01  1.000652e+02  4.800000e+01
   endloop
 endfacet
 facet normal  6.859319e-03  9.999765e-01  0.000000e+00
   outer loop
     vertex  3.246701e+01  1.000637e+02  5.200000e+01
     vertex  3.250953e+01  1.000634e+02  4.800000e+01
     vertex  3.246701e+01  1.000637e+02  4.800000e+01
   endloop
 endfacet
 facet normal  6.859319e-03  9.999765e-01  0.000000e+00
   outer loop
     vertex  3.250953e+01  1.000634e+02  5.200000e+01
     vertex  3.250953e+01  1.000634e+02  4.800000e+01
     vertex  3.246701e+01  1.000637e+02  5.200000e+01
   endloop
 endfacet
 facet normal -2.057667e-02  9.997883e-01  1.226977e-20
   outer loop
     vertex  3.255205e+01  1.000643e+02  5.200000e+01
     vertex  3.250953e+01  1.000634e+02  4.800000e+01
     vertex  3.250953e+01  1.000634e+02  5.200000e+01
   endloop
 endfacet
 facet normal -2.057667e-02  9.997883e-01  0.000000e+00
   outer loop
     vertex  3.255205e+01  1.000643e+02  5.200000e+01
     vertex  3.255205e+01  1.000643e+02  4.800000e+01
     vertex  3.250953e+01  1.000634e+02  4.800000e+01
   endloop
 endfacet
 facet normal -4.799716e-02  9.988475e-01  0.000000e+00
   outer loop
     vertex  3.259453e+01  1.000664e+02  5.200000e+01
     vertex  3.259453e+01  1.000664e+02  4.800000e+01
     vertex  3.255205e+01  1.000643e+02  4.800000e+01
   endloop
 endfacet
 facet normal -7.538152e-02  9.971548e-01  0.000000e+00
   outer loop
     vertex  3.259453e+01  1.000664e+02  5.200000e+01
     vertex  3.263693e+01  1.000696e+02  4.800000e+01
     vertex  3.259453e+01  1.000664e+02  4.800000e+01
   endloop
 endfacet
 facet normal -4.799716e-02  9.988475e-01 -3.174113e-20
   outer loop
     vertex  3.259453e+01  1.000664e+02  5.200000e+01
     vertex  3.255205e+01  1.000643e+02  4.800000e+01
     vertex  3.255205e+01  1.000643e+02  5.200000e+01
   endloop
 endfacet
 facet normal -7.538152e-02  9.971548e-01  0.000000e+00
   outer loop
     vertex  3.263693e+01  1.000696e+02  5.200000e+01
     vertex  3.263693e+01  1.000696e+02  4.800000e+01
     vertex  3.259453e+01  1.000664e+02  5.200000e+01
   endloop
 endfacet
 facet normal -1.027091e-01  9.947114e-01  0.000000e+00
   outer loop
     vertex  3.267924e+01  1.000739e+02  5.200000e+01
     vertex  3.267924e+01  1.000739e+02  4.800000e+01
     vertex  3.263693e+01  1.000696e+02  4.800000e+01
   endloop
 endfacet
 facet normal -1.027091e-01  9.947114e-01  4.777871e-20
   outer loop
     vertex  3.267924e+01  1.000739e+02  5.200000e+01
     vertex  3.263693e+01  1.000696e+02  4.800000e+01
     vertex  3.263693e+01  1.000696e+02  5.200000e+01
   endloop
 endfacet
 facet normal -1.299594e-01  9.915193e-01  0.000000e+00
   outer loop
     vertex  3.272140e+01  1.000795e+02  5.200000e+01
     vertex  3.272140e+01  1.000795e+02  4.800000e+01
     vertex  3.267924e+01  1.000739e+02  4.800000e+01
   endloop
 endfacet
 facet normal -1.299594e-01  9.915193e-01  6.764660e-20
   outer loop
     vertex  3.272140e+01  1.000795e+02  5.200000e+01
     vertex  3.267924e+01  1.000739e+02  4.800000e+01
     vertex  3.267924e+01  1.000739e+02  5.200000e+01
   endloop
 endfacet
 facet normal -1.571119e-01  9.875808e-01  0.000000e+00
   outer loop
     vertex  3.276340e+01  1.000861e+02  5.200000e+01
     vertex  3.276340e+01  1.000861e+02  4.800000e+01
     vertex  3.272140e+01  1.000795e+02  4.800000e+01
   endloop
 endfacet
 facet normal -1.571119e-01  9.875808e-01  2.243538e-20
   outer loop
     vertex  3.276340e+01  1.000861e+02  5.200000e+01
     vertex  3.272140e+01  1.000795e+02  4.800000e+01
     vertex  3.272140e+01  1.000795e+02  5.200000e+01
   endloop
 endfacet
 facet normal -1.841461e-01  9.828989e-01  0.000000e+00
   outer loop
     vertex  3.280520e+01  1.000940e+02  5.200000e+01
     vertex  3.280520e+01  1.000940e+02  4.800000e+01
     vertex  3.276340e+01  1.000861e+02  4.800000e+01
   endloop
 endfacet
 facet normal -1.841461e-01  9.828989e-01 -1.008562e-19
   outer loop
     vertex  3.280520e+01  1.000940e+02  5.200000e+01
     vertex  3.276340e+01  1.000861e+02  4.800000e+01
     vertex  3.276340e+01  1.000861e+02  5.200000e+01
   endloop
 endfacet
 facet normal -2.110417e-01  9.774771e-01  0.000000e+00
   outer loop
     vertex  3.284677e+01  1.001029e+02  5.200000e+01
     vertex  3.284677e+01  1.001029e+02  4.800000e+01
     vertex  3.280520e+01  1.000940e+02  4.800000e+01
   endloop
 endfacet
 facet normal -2.110417e-01  9.774771e-01  1.440788e-19
   outer loop
     vertex  3.284677e+01  1.001029e+02  5.200000e+01
     vertex  3.280520e+01  1.000940e+02  4.800000e+01
     vertex  3.280520e+01  1.000940e+02  5.200000e+01
   endloop
 endfacet
 facet normal -2.377784e-01  9.713194e-01  0.000000e+00
   outer loop
     vertex  3.288808e+01  1.001131e+02  5.200000e+01
     vertex  3.288808e+01  1.001131e+02  4.800000e+01
     vertex  3.284677e+01  1.001029e+02  4.800000e+01
   endloop
 endfacet
 facet normal -2.643362e-01  9.644306e-01  0.000000e+00
   outer loop
     vertex  3.288808e+01  1.001131e+02  5.200000e+01
     vertex  3.292909e+01  1.001243e+02  4.800000e+01
     vertex  3.288808e+01  1.001131e+02  4.800000e+01
   endloop
 endfacet
 facet normal -2.377784e-01  9.713194e-01 -1.098318e-19
   outer loop
     vertex  3.288808e+01  1.001131e+02  5.200000e+01
     vertex  3.284677e+01  1.001029e+02  4.800000e+01
     vertex  3.284677e+01  1.001029e+02  5.200000e+01
   endloop
 endfacet
 facet normal -2.643362e-01  9.644306e-01  0.000000e+00
   outer loop
     vertex  3.292909e+01  1.001243e+02  5.200000e+01
     vertex  3.292909e+01  1.001243e+02  4.800000e+01
     vertex  3.288808e+01  1.001131e+02  5.200000e+01
   endloop
 endfacet
 facet normal -2.906949e-01  9.568158e-01  0.000000e+00
   outer loop
     vertex  3.296978e+01  1.001367e+02  5.200000e+01
     vertex  3.296978e+01  1.001367e+02  4.800000e+01
     vertex  3.292909e+01  1.001243e+02  4.800000e+01
   endloop
 endfacet
 facet normal -3.168348e-01  9.484807e-01  0.000000e+00
   outer loop
     vertex  3.296978e+01  1.001367e+02  5.200000e+01
     vertex  3.301012e+01  1.001501e+02  4.800000e+01
     vertex  3.296978e+01  1.001367e+02  4.800000e+01
   endloop
 endfacet
 facet normal -2.906949e-01  9.568158e-01 -3.571238e-20
   outer loop
     vertex  3.296978e+01  1.001367e+02  5.200000e+01
     vertex  3.292909e+01  1.001243e+02  4.800000e+01
     vertex  3.292909e+01  1.001243e+02  5.200000e+01
   endloop
 endfacet
 facet normal -3.168348e-01  9.484807e-01  0.000000e+00
   outer loop
     vertex  3.301012e+01  1.001501e+02  5.200000e+01
     vertex  3.301012e+01  1.001501e+02  4.800000e+01
     vertex  3.296978e+01  1.001367e+02  5.200000e+01
   endloop
 endfacet
 facet normal -3.427362e-01  9.394317e-01  0.000000e+00
   outer loop
     vertex  3.305007e+01  1.001647e+02  5.200000e+01
     vertex  3.305007e+01  1.001647e+02  4.800000e+01
     vertex  3.301012e+01  1.001501e+02  4.800000e+01
   endloop
 endfacet
 facet normal -3.427362e-01  9.394317e-01  3.042420e-19
   outer loop
     vertex  3.305007e+01  1.001647e+02  5.200000e+01
     vertex  3.301012e+01  1.001501e+02  4.800000e+01
     vertex  3.301012e+01  1.001501e+02  5.200000e+01
   endloop
 endfacet
 facet normal -3.683796e-01  9.296754e-01  0.000000e+00
   outer loop
     vertex  3.308960e+01  1.001804e+02  5.200000e+01
     vertex  3.308960e+01  1.001804e+02  4.800000e+01
     vertex  3.305007e+01  1.001647e+02  4.800000e+01
   endloop
 endfacet
 facet normal -3.683796e-01  9.296754e-01  1.143473e-19
   outer loop
     vertex  3.308960e+01  1.001804e+02  5.200000e+01
     vertex  3.305007e+01  1.001647e+02  4.800000e+01
     vertex  3.305007e+01  1.001647e+02  5.200000e+01
   endloop
 endfacet
 facet normal -3.937458e-01  9.192194e-01  9.435374e-20
   outer loop
     vertex  3.312869e+01  1.001971e+02  5.200000e+01
     vertex  3.308960e+01  1.001804e+02  4.800000e+01
     vertex  3.308960e+01  1.001804e+02  5.200000e+01
   endloop
 endfacet
 facet normal -3.937458e-01  9.192194e-01  0.000000e+00
   outer loop
     vertex  3.312869e+01  1.001971e+02  5.200000e+01
     vertex  3.312869e+01  1.001971e+02  4.800000e+01
     vertex  3.308960e+01  1.001804e+02  4.800000e+01
   endloop
 endfacet
 facet normal -4.188155e-01  9.080714e-01  2.637359e-19
   outer loop
     vertex  3.316731e+01  1.002149e+02  5.200000e+01
     vertex  3.312869e+01  1.001971e+02  4.800000e+01
     vertex  3.312869e+01  1.001971e+02  5.200000e+01
   endloop
 endfacet
 facet normal -4.188155e-01  9.080714e-01  0.000000e+00
   outer loop
     vertex  3.316731e+01  1.002149e+02  5.200000e+01
     vertex  3.316731e+01  1.002149e+02  4.800000e+01
     vertex  3.312869e+01  1.001971e+02  4.800000e+01
   endloop
 endfacet
 facet normal -4.435699e-01  8.962398e-01 -1.565861e-19
   outer loop
     vertex  3.320543e+01  1.002338e+02  5.200000e+01
     vertex  3.316731e+01  1.002149e+02  4.800000e+01
     vertex  3.316731e+01  1.002149e+02  5.200000e+01
   endloop
 endfacet
 facet normal -4.435699e-01  8.962398e-01  0.000000e+00
   outer loop
     vertex  3.320543e+01  1.002338e+02  5.200000e+01
     vertex  3.320543e+01  1.002338e+02  4.800000e+01
     vertex  3.316731e+01  1.002149e+02  4.800000e+01
   endloop
 endfacet
 facet normal -4.679904e-01  8.837335e-01 -1.825991e-19
   outer loop
     vertex  3.324301e+01  1.002537e+02  5.200000e+01
     vertex  3.320543e+01  1.002338e+02  4.800000e+01
     vertex  3.320543e+01  1.002338e+02  5.200000e+01
   endloop
 endfacet
 facet normal -4.679904e-01  8.837335e-01  0.000000e+00
   outer loop
     vertex  3.324301e+01  1.002537e+02  5.200000e+01
     vertex  3.324301e+01  1.002537e+02  4.800000e+01
     vertex  3.320543e+01  1.002338e+02  4.800000e+01
   endloop
 endfacet
 facet normal -4.920587e-01  8.705620e-01  0.000000e+00
   outer loop
     vertex  3.324301e+01  1.002537e+02  5.200000e+01
     vertex  3.328003e+01  1.002746e+02  4.800000e+01
     vertex  3.324301e+01  1.002537e+02  4.800000e+01
   endloop
 endfacet
 facet normal -4.920587e-01  8.705620e-01  0.000000e+00
   outer loop
     vertex  3.328003e+01  1.002746e+02  5.200000e+01
     vertex  3.328003e+01  1.002746e+02  4.800000e+01
     vertex  3.324301e+01  1.002537e+02  5.200000e+01
   endloop
 endfacet
 facet normal -5.157565e-01  8.567352e-01  0.000000e+00
   outer loop
     vertex  3.331646e+01  1.002966e+02  5.200000e+01
     vertex  3.331646e+01  1.002966e+02  4.800000e+01
     vertex  3.328003e+01  1.002746e+02  4.800000e+01
   endloop
 endfacet
 facet normal -5.157565e-01  8.567352e-01 -1.026873e-19
   outer loop
     vertex  3.331646e+01  1.002966e+02  5.200000e+01
     vertex  3.328003e+01  1.002746e+02  4.800000e+01
     vertex  3.328003e+01  1.002746e+02  5.200000e+01
   endloop
 endfacet
 facet normal -5.390661e-01  8.422635e-01  0.000000e+00
   outer loop
     vertex  3.335228e+01  1.003195e+02  5.200000e+01
     vertex  3.335228e+01  1.003195e+02  4.800000e+01
     vertex  3.331646e+01  1.002966e+02  4.800000e+01
   endloop
 endfacet
 facet normal -5.390661e-01  8.422635e-01  1.202382e-20
   outer loop
     vertex  3.335228e+01  1.003195e+02  5.200000e+01
     vertex  3.331646e+01  1.002966e+02  4.800000e+01
     vertex  3.331646e+01  1.002966e+02  5.200000e+01
   endloop
 endfacet
 facet normal -5.619699e-01  8.271577e-01  0.000000e+00
   outer loop
     vertex  3.338746e+01  1.003434e+02  5.200000e+01
     vertex  3.338746e+01  1.003434e+02  4.800000e+01
     vertex  3.335228e+01  1.003195e+02  4.800000e+01
   endloop
 endfacet
 facet normal -5.844507e-01  8.114292e-01  0.000000e+00
   outer loop
     vertex  3.338746e+01  1.003434e+02  5.200000e+01
     vertex  3.342197e+01  1.003682e+02  4.800000e+01
     vertex  3.338746e+01  1.003434e+02  4.800000e+01
   endloop
 endfacet
 facet normal -5.619699e-01  8.271577e-01  1.678093e-19
   outer loop
     vertex  3.338746e+01  1.003434e+02  5.200000e+01
     vertex  3.335228e+01  1.003195e+02  4.800000e+01
     vertex  3.335228e+01  1.003195e+02  5.200000e+01
   endloop
 endfacet
 facet normal -5.844507e-01  8.114292e-01  0.000000e+00
   outer loop
     vertex  3.342197e+01  1.003682e+02  5.200000e+01
     vertex  3.342197e+01  1.003682e+02  4.800000e+01
     vertex  3.338746e+01  1.003434e+02  5.200000e+01
   endloop
 endfacet
 facet normal -6.064915e-01  7.950900e-01  0.000000e+00
   outer loop
     vertex  3.345578e+01  1.003940e+02  5.200000e+01
     vertex  3.345578e+01  1.003940e+02  4.800000e+01
     vertex  3.342197e+01  1.003682e+02  4.800000e+01
   endloop
 endfacet
 facet normal -6.064915e-01  7.950900e-01 -2.154978e-19
   outer loop
     vertex  3.345578e+01  1.003940e+02  5.200000e+01
     vertex  3.342197e+01  1.003682e+02  4.800000e+01
     vertex  3.342197e+01  1.003682e+02  5.200000e+01
   endloop
 endfacet
 facet normal -6.280757e-01  7.781522e-01  0.000000e+00
   outer loop
     vertex  3.348887e+01  1.004207e+02  5.200000e+01
     vertex  3.348887e+01  1.004207e+02  4.800000e+01
     vertex  3.345578e+01  1.003940e+02  4.800000e+01
   endloop
 endfacet
 facet normal -6.280757e-01  7.781522e-01 -1.578071e-20
   outer loop
     vertex  3.348887e+01  1.004207e+02  5.200000e+01
     vertex  3.345578e+01  1.003940e+02  4.800000e+01
     vertex  3.345578e+01  1.003940e+02  5.200000e+01
   endloop
 endfacet
 facet normal -6.491872e-01  7.606287e-01  0.000000e+00
   outer loop
     vertex  3.352122e+01  1.004483e+02  5.200000e+01
     vertex  3.352122e+01  1.004483e+02  4.800000e+01
     vertex  3.348887e+01  1.004207e+02  4.800000e+01
   endloop
 endfacet
 facet normal -6.491872e-01  7.606287e-01  5.283499e-20
   outer loop
     vertex  3.352122e+01  1.004483e+02  5.200000e+01
     vertex  3.348887e+01  1.004207e+02  4.800000e+01
     vertex  3.348887e+01  1.004207e+02  5.200000e+01
   endloop
 endfacet
 facet normal -6.698100e-01  7.425325e-01  0.000000e+00
   outer loop
     vertex  3.355280e+01  1.004768e+02  5.200000e+01
     vertex  3.355280e+01  1.004768e+02  4.800000e+01
     vertex  3.352122e+01  1.004483e+02  4.800000e+01
   endloop
 endfacet
 facet normal -6.698100e-01  7.425325e-01 -8.445321e-20
   outer loop
     vertex  3.355280e+01  1.004768e+02  5.200000e+01
     vertex  3.352122e+01  1.004483e+02  4.800000e+01
     vertex  3.352122e+01  1.004483e+02  5.200000e+01
   endloop
 endfacet
 facet normal -6.899286e-01  7.238775e-01  0.000000e+00
   outer loop
     vertex  3.358358e+01  1.005062e+02  5.200000e+01
     vertex  3.358358e+01  1.005062e+02  4.800000e+01
     vertex  3.355280e+01  1.004768e+02  4.800000e+01
   endloop
 endfacet
 facet normal -7.095278e-01  7.046775e-01  0.000000e+00
   outer loop
     vertex  3.358358e+01  1.005062e+02  5.200000e+01
     vertex  3.361355e+01  1.005363e+02  4.800000e+01
     vertex  3.358358e+01  1.005062e+02  4.800000e+01
   endloop
 endfacet
 facet normal -6.899286e-01  7.238775e-01  1.974060e-19
   outer loop
     vertex  3.358358e+01  1.005062e+02  5.200000e+01
     vertex  3.355280e+01  1.004768e+02  4.800000e+01
     vertex  3.355280e+01  1.004768e+02  5.200000e+01
   endloop
 endfacet
 facet normal -7.095278e-01  7.046775e-01  0.000000e+00
   outer loop
     vertex  3.361355e+01  1.005363e+02  5.200000e+01
     vertex  3.361355e+01  1.005363e+02  4.800000e+01
     vertex  3.358358e+01  1.005062e+02  5.200000e+01
   endloop
 endfacet
 facet normal -7.285929e-01  6.849470e-01  0.000000e+00
   outer loop
     vertex  3.364268e+01  1.005673e+02  5.200000e+01
     vertex  3.364268e+01  1.005673e+02  4.800000e+01
     vertex  3.361355e+01  1.005363e+02  4.800000e+01
   endloop
 endfacet
 facet normal -7.471095e-01  6.647010e-01  0.000000e+00
   outer loop
     vertex  3.364268e+01  1.005673e+02  5.200000e+01
     vertex  3.367094e+01  1.005991e+02  4.800000e+01
     vertex  3.364268e+01  1.005673e+02  4.800000e+01
   endloop
 endfacet
 facet normal -7.285929e-01  6.849470e-01  3.007618e-21
   outer loop
     vertex  3.364268e+01  1.005673e+02  5.200000e+01
     vertex  3.361355e+01  1.005363e+02  4.800000e+01
     vertex  3.361355e+01  1.005363e+02  5.200000e+01
   endloop
 endfacet
 facet normal -7.471095e-01  6.647010e-01  0.000000e+00
   outer loop
     vertex  3.367094e+01  1.005991e+02  5.200000e+01
     vertex  3.367094e+01  1.005991e+02  4.800000e+01
     vertex  3.364268e+01  1.005673e+02  5.200000e+01
   endloop
 endfacet
 facet normal -7.650637e-01  6.439545e-01  0.000000e+00
   outer loop
     vertex  3.369833e+01  1.006316e+02  5.200000e+01
     vertex  3.369833e+01  1.006316e+02  4.800000e+01
     vertex  3.367094e+01  1.005991e+02  4.800000e+01
   endloop
 endfacet
 facet normal -7.650637e-01  6.439545e-01  2.991394e-19
   outer loop
     vertex  3.369833e+01  1.006316e+02  5.200000e+01
     vertex  3.367094e+01  1.005991e+02  4.800000e+01
     vertex  3.367094e+01  1.005991e+02  5.200000e+01
   endloop
 endfacet
 facet normal -7.824421e-01  6.227234e-01  0.000000e+00
   outer loop
     vertex  3.372481e+01  1.006649e+02  5.200000e+01
     vertex  3.372481e+01  1.006649e+02  4.800000e+01
     vertex  3.369833e+01  1.006316e+02  4.800000e+01
   endloop
 endfacet
 facet normal -7.824421e-01  6.227234e-01 -1.091472e-19
   outer loop
     vertex  3.372481e+01  1.006649e+02  5.200000e+01
     vertex  3.369833e+01  1.006316e+02  4.800000e+01
     vertex  3.369833e+01  1.006316e+02  5.200000e+01
   endloop
 endfacet
 facet normal -7.992314e-01  6.010234e-01  0.000000e+00
   outer loop
     vertex  3.375037e+01  1.006989e+02  5.200000e+01
     vertex  3.375037e+01  1.006989e+02  4.800000e+01
     vertex  3.372481e+01  1.006649e+02  4.800000e+01
   endloop
 endfacet
 facet normal -8.154191e-01  5.788711e-01  0.000000e+00
   outer loop
     vertex  3.375037e+01  1.006989e+02  5.200000e+01
     vertex  3.377499e+01  1.007336e+02  4.800000e+01
     vertex  3.375037e+01  1.006989e+02  4.800000e+01
   endloop
 endfacet
 facet normal -7.992314e-01  6.010234e-01 -1.897653e-19
   outer loop
     vertex  3.375037e+01  1.006989e+02  5.200000e+01
     vertex  3.372481e+01  1.006649e+02  4.800000e+01
     vertex  3.372481e+01  1.006649e+02  5.200000e+01
   endloop
 endfacet
 facet normal -8.309929e-01  5.562829e-01  0.000000e+00
   outer loop
     vertex  3.377499e+01  1.007336e+02  5.200000e+01
     vertex  3.379865e+01  1.007689e+02  4.800000e+01
     vertex  3.377499e+01  1.007336e+02  4.800000e+01
   endloop
 endfacet
 facet normal -8.154191e-01  5.788711e-01  0.000000e+00
   outer loop
     vertex  3.377499e+01  1.007336e+02  5.200000e+01
     vertex  3.377499e+01  1.007336e+02  4.800000e+01
     vertex  3.375037e+01  1.006989e+02  5.200000e+01
   endloop
 endfacet
 facet normal -8.309929e-01  5.562829e-01  0.000000e+00
   outer loop
     vertex  3.379865e+01  1.007689e+02  5.200000e+01
     vertex  3.379865e+01  1.007689e+02  4.800000e+01
     vertex  3.377499e+01  1.007336e+02  5.200000e+01
   endloop
 endfacet
 facet normal -8.459413e-01  5.332761e-01  0.000000e+00
   outer loop
     vertex  3.382132e+01  1.008049e+02  5.200000e+01
     vertex  3.382132e+01  1.008049e+02  4.800000e+01
     vertex  3.379865e+01  1.007689e+02  4.800000e+01
   endloop
 endfacet
 facet normal -8.459413e-01  5.332761e-01 -2.303017e-19
   outer loop
     vertex  3.382132e+01  1.008049e+02  5.200000e+01
     vertex  3.379865e+01  1.007689e+02  4.800000e+01
     vertex  3.379865e+01  1.007689e+02  5.200000e+01
   endloop
 endfacet
 facet normal -8.602528e-01  5.098678e-01  0.000000e+00
   outer loop
     vertex  3.384301e+01  1.008415e+02  5.200000e+01
     vertex  3.384301e+01  1.008415e+02  4.800000e+01
     vertex  3.382132e+01  1.008049e+02  4.800000e+01
   endloop
 endfacet
 facet normal -8.602528e-01  5.098678e-01 -3.264105e-20
   outer loop
     vertex  3.384301e+01  1.008415e+02  5.200000e+01
     vertex  3.382132e+01  1.008049e+02  4.800000e+01
     vertex  3.382132e+01  1.008049e+02  5.200000e+01
   endloop
 endfacet
 facet normal -8.739167e-01  4.860756e-01  0.000000e+00
   outer loop
     vertex  3.386368e+01  1.008786e+02  5.200000e+01
     vertex  3.386368e+01  1.008786e+02  4.800000e+01
     vertex  3.384301e+01  1.008415e+02  4.800000e+01
   endloop
 endfacet
 facet normal -8.739167e-01  4.860756e-01 -1.661279e-19
   outer loop
     vertex  3.386368e+01  1.008786e+02  5.200000e+01
     vertex  3.384301e+01  1.008415e+02  4.800000e+01
     vertex  3.384301e+01  1.008415e+02  5.200000e+01
   endloop
 endfacet
 facet normal -8.869228e-01  4.619176e-01 -4.226049e-21
   outer loop
     vertex  3.388332e+01  1.009164e+02  5.200000e+01
     vertex  3.386368e+01  1.008786e+02  4.800000e+01
     vertex  3.386368e+01  1.008786e+02  5.200000e+01
   endloop
 endfacet
 facet normal -8.869228e-01  4.619176e-01  0.000000e+00
   outer loop
     vertex  3.388332e+01  1.009164e+02  5.200000e+01
     vertex  3.388332e+01  1.009164e+02  4.800000e+01
     vertex  3.386368e+01  1.008786e+02  4.800000e+01
   endloop
 endfacet
 facet normal -8.992613e-01  4.374119e-01  0.000000e+00
   outer loop
     vertex  3.388332e+01  1.009164e+02  5.200000e+01
     vertex  3.390192e+01  1.009546e+02  4.800000e+01
     vertex  3.388332e+01  1.009164e+02  4.800000e+01
   endloop
 endfacet
 facet normal -8.992613e-01  4.374119e-01  0.000000e+00
   outer loop
     vertex  3.390192e+01  1.009546e+02  5.200000e+01
     vertex  3.390192e+01  1.009546e+02  4.800000e+01
     vertex  3.388332e+01  1.009164e+02  5.200000e+01
   endloop
 endfacet
 facet normal -9.109228e-01  4.125769e-01  8.970378e-20
   outer loop
     vertex  3.391947e+01  1.009933e+02  5.200000e+01
     vertex  3.390192e+01  1.009546e+02  4.800000e+01
     vertex  3.390192e+01  1.009546e+02  5.200000e+01
   endloop
 endfacet
 facet normal -9.109228e-01  4.125769e-01  0.000000e+00
   outer loop
     vertex  3.391947e+01  1.009933e+02  5.200000e+01
     vertex  3.391947e+01  1.009933e+02  4.800000e+01
     vertex  3.390192e+01  1.009546e+02  4.800000e+01
   endloop
 endfacet
 facet normal -9.218986e-01  3.874313e-01  0.000000e+00
   outer loop
     vertex  3.391947e+01  1.009933e+02  5.200000e+01
     vertex  3.393595e+01  1.010325e+02  4.800000e+01
     vertex  3.391947e+01  1.009933e+02  4.800000e+01
   endloop
 endfacet
 facet normal -9.218986e-01  3.874313e-01  0.000000e+00
   outer loop
     vertex  3.393595e+01  1.010325e+02  5.200000e+01
     vertex  3.393595e+01  1.010325e+02  4.800000e+01
     vertex  3.391947e+01  1.009933e+02  5.200000e+01
   endloop
 endfacet
 facet normal -9.321804e-01  3.619940e-01  0.000000e+00
   outer loop
     vertex  3.395134e+01  1.010722e+02  5.200000e+01
     vertex  3.395134e+01  1.010722e+02  4.800000e+01
     vertex  3.393595e+01  1.010325e+02  4.800000e+01
   endloop
 endfacet
 facet normal -9.417605e-01  3.362843e-01  0.000000e+00
   outer loop
     vertex  3.395134e+01  1.010722e+02  5.200000e+01
     vertex  3.396564e+01  1.011122e+02  4.800000e+01
     vertex  3.395134e+01  1.010722e+02  4.800000e+01
   endloop
 endfacet
 facet normal -9.321804e-01  3.619940e-01  7.665266e-20
   outer loop
     vertex  3.395134e+01  1.010722e+02  5.200000e+01
     vertex  3.393595e+01  1.010325e+02  4.800000e+01
     vertex  3.393595e+01  1.010325e+02  5.200000e+01
   endloop
 endfacet
 facet normal -9.417605e-01  3.362843e-01  0.000000e+00
   outer loop
     vertex  3.396564e+01  1.011122e+02  5.200000e+01
     vertex  3.396564e+01  1.011122e+02  4.800000e+01
     vertex  3.395134e+01  1.010722e+02  5.200000e+01
   endloop
 endfacet
 facet normal -9.506317e-01  3.103214e-01  6.378417e-20
   outer loop
     vertex  3.397884e+01  1.011527e+02  5.200000e+01
     vertex  3.396564e+01  1.011122e+02  4.800000e+01
     vertex  3.396564e+01  1.011122e+02  5.200000e+01
   endloop
 endfacet
 facet normal -9.506317e-01  3.103214e-01  0.000000e+00
   outer loop
     vertex  3.397884e+01  1.011527e+02  5.200000e+01
     vertex  3.397884e+01  1.011527e+02  4.800000e+01
     vertex  3.396564e+01  1.011122e+02  4.800000e+01
   endloop
 endfacet
 facet normal -9.587873e-01  2.841250e-01  0.000000e+00
   outer loop
     vertex  3.397884e+01  1.011527e+02  5.200000e+01
     vertex  3.399092e+01  1.011934e+02  4.800000e+01
     vertex  3.397884e+01  1.011527e+02  4.800000e+01
   endloop
 endfacet
 facet normal -9.587873e-01  2.841250e-01  0.000000e+00
   outer loop
     vertex  3.399092e+01  1.011934e+02  5.200000e+01
     vertex  3.399092e+01  1.011934e+02  4.800000e+01
     vertex  3.397884e+01  1.011527e+02  5.200000e+01
   endloop
 endfacet
 facet normal -9.662211e-01  2.577146e-01  1.386123e-19
   outer loop
     vertex  3.400188e+01  1.012345e+02  5.200000e+01
     vertex  3.399092e+01  1.011934e+02  4.800000e+01
     vertex  3.399092e+01  1.011934e+02  5.200000e+01
   endloop
 endfacet
 facet normal -9.662211e-01  2.577146e-01  0.000000e+00
   outer loop
     vertex  3.400188e+01  1.012345e+02  5.200000e+01
     vertex  3.400188e+01  1.012345e+02  4.800000e+01
     vertex  3.399092e+01  1.011934e+02  4.800000e+01
   endloop
 endfacet
 facet normal -9.729276e-01  2.311102e-01  0.000000e+00
   outer loop
     vertex  3.400188e+01  1.012345e+02  5.200000e+01
     vertex  3.401171e+01  1.012759e+02  4.800000e+01
     vertex  3.400188e+01  1.012345e+02  4.800000e+01
   endloop
 endfacet
 facet normal -9.729276e-01  2.311102e-01  0.000000e+00
   outer loop
     vertex  3.401171e+01  1.012759e+02  5.200000e+01
     vertex  3.401171e+01  1.012759e+02  4.800000e+01
     vertex  3.400188e+01  1.012345e+02  5.200000e+01
   endloop
 endfacet
 facet normal -9.789017e-01  2.043319e-01  5.650377e-22
   outer loop
     vertex  3.402040e+01  1.013175e+02  5.200000e+01
     vertex  3.401171e+01  1.012759e+02  4.800000e+01
     vertex  3.401171e+01  1.012759e+02  5.200000e+01
   endloop
 endfacet
 facet normal -9.789017e-01  2.043319e-01  0.000000e+00
   outer loop
     vertex  3.402040e+01  1.013175e+02  5.200000e+01
     vertex  3.402040e+01  1.013175e+02  4.800000e+01
     vertex  3.401171e+01  1.012759e+02  4.800000e+01
   endloop
 endfacet
 facet normal -9.841389e-01  1.773998e-01 -2.849132e-20
   outer loop
     vertex  3.402794e+01  1.013594e+02  5.200000e+01
     vertex  3.402040e+01  1.013175e+02  4.800000e+01
     vertex  3.402040e+01  1.013175e+02  5.200000e+01
   endloop
 endfacet
 facet normal -9.841389e-01  1.773998e-01  0.000000e+00
   outer loop
     vertex  3.402794e+01  1.013594e+02  5.200000e+01
     vertex  3.402794e+01  1.013594e+02  4.800000e+01
     vertex  3.402040e+01  1.013175e+02  4.800000e+01
   endloop
 endfacet
 facet normal -9.886353e-01  1.503341e-01  0.000000e+00
   outer loop
     vertex  3.402794e+01  1.013594e+02  5.200000e+01
     vertex  3.403434e+01  1.014014e+02  4.800000e+01
     vertex  3.402794e+01  1.013594e+02  4.800000e+01
   endloop
 endfacet
 facet normal -9.886353e-01  1.503341e-01  0.000000e+00
   outer loop
     vertex  3.403434e+01  1.014014e+02  5.200000e+01
     vertex  3.403434e+01  1.014014e+02  4.800000e+01
     vertex  3.402794e+01  1.013594e+02  5.200000e+01
   endloop
 endfacet
 facet normal -9.923874e-01  1.231552e-01  0.000000e+00
   outer loop
     vertex  3.403957e+01  1.014436e+02  5.200000e+01
     vertex  3.403957e+01  1.014436e+02  4.800000e+01
     vertex  3.403434e+01  1.014014e+02  4.800000e+01
   endloop
 endfacet
 facet normal -9.923874e-01  1.231552e-01  1.245152e-20
   outer loop
     vertex  3.403957e+01  1.014436e+02  5.200000e+01
     vertex  3.403434e+01  1.014014e+02  4.800000e+01
     vertex  3.403434e+01  1.014014e+02  5.200000e+01
   endloop
 endfacet
 facet normal -9.953925e-01  9.588368e-02  0.000000e+00
   outer loop
     vertex  3.404365e+01  1.014860e+02  5.200000e+01
     vertex  3.404365e+01  1.014860e+02  4.800000e+01
     vertex  3.403957e+01  1.014436e+02  4.800000e+01
   endloop
 endfacet
 facet normal -9.953925e-01  9.588368e-02  6.595887e-20
   outer loop
     vertex  3.404365e+01  1.014860e+02  5.200000e+01
     vertex  3.403957e+01  1.014436e+02  4.800000e+01
     vertex  3.403957e+01  1.014436e+02  5.200000e+01
   endloop
 endfacet
 facet normal -9.976484e-01  6.853995e-02  0.000000e+00
   outer loop
     vertex  3.404657e+01  1.015284e+02  5.200000e+01
     vertex  3.404657e+01  1.015284e+02  4.800000e+01
     vertex  3.404365e+01  1.014860e+02  4.800000e+01
   endloop
 endfacet
 facet normal -9.976484e-01  6.853995e-02  3.406517e-20
   outer loop
     vertex  3.404657e+01  1.015284e+02  5.200000e+01
     vertex  3.404365e+01  1.014860e+02  4.800000e+01
     vertex  3.404365e+01  1.014860e+02  5.200000e+01
   endloop
 endfacet
 facet normal -9.991532e-01  4.114462e-02  0.000000e+00
   outer loop
     vertex  3.404832e+01  1.015709e+02  5.200000e+01
     vertex  3.404832e+01  1.015709e+02  4.800000e+01
     vertex  3.404657e+01  1.015284e+02  4.800000e+01
   endloop
 endfacet
 facet normal -9.991532e-01  4.114462e-02  3.969944e-20
   outer loop
     vertex  3.404832e+01  1.015709e+02  5.200000e+01
     vertex  3.404657e+01  1.015284e+02  4.800000e+01
     vertex  3.404657e+01  1.015284e+02  5.200000e+01
   endloop
 endfacet
 facet normal -9.999059e-01  1.371831e-02  0.000000e+00
   outer loop
     vertex  3.404890e+01  1.016134e+02  5.200000e+01
     vertex  3.404890e+01  1.016134e+02  4.800000e+01
     vertex  3.404832e+01  1.015709e+02  4.800000e+01
   endloop
 endfacet
 facet normal -9.999059e-01  1.371831e-02  1.648761e-22
   outer loop
     vertex  3.404890e+01  1.016134e+02  5.200000e+01
     vertex  3.404832e+01  1.015709e+02  4.800000e+01
     vertex  3.404832e+01  1.015709e+02  5.200000e+01
   endloop
 endfacet
 facet normal  0.000000e+00  0.000000e+00 -1.000000e+00
   outer loop
     vertex  3.149266e+01  1.004344e+02  5.200000e+01
     vertex  3.146069e+01  1.004625e+02  5.200000e+01
     vertex  3.142951e+01  1.004914e+02  5.200000e+01
   endloop
 endfacet
 facet normal  0.000000e+00  0.000000e+00 -1.000000e+00
   outer loop
     vertex  3.126009e+01  1.006818e+02  5.200000e+01
     vertex  3.131305e+01  1.006153e+02  5.200000e+01
     vertex  3.128611e+01  1.006482e+02  5.200000e+01
   endloop
 endfacet
 facet normal  0.000000e+00  0.000000e+00 -1.000000e+00
   outer loop
     vertex  3.126009e+01  1.006818e+02  5.200000e+01
     vertex  3.134088e+01  1.005831e+02  5.200000e+01
     vertex  3.131305e+01  1.006153e+02  5.200000e+01
   endloop
 endfacet
 facet normal  0.000000e+00  0.000000e+00 -1.000000e+00
   outer loop
     vertex  3.159300e+01  1.003557e+02  5.200000e+01
     vertex  3.155884e+01  1.003810e+02  5.200000e+01
     vertex  3.152538e+01  1.004073e+02  5.200000e+01
   endloop
 endfacet
 facet normal  0.000000e+00  0.000000e+00 -1.000000e+00
   outer loop
     vertex  3.177351e+01  1.002436e+02  5.200000e+01
     vertex  3.173621e+01  1.002640e+02  5.200000e+01
     vertex  3.169948e+01  1.002855e+02  5.200000e+01
   endloop
 endfacet
 facet normal  0.000000e+00  0.000000e+00 -1.000000e+00
   outer loop
     vertex  3.184974e+01  1.002059e+02  5.200000e+01
     vertex  3.181137e+01  1.002242e+02  5.200000e+01
     vertex  3.177351e+01  1.002436e+02  5.200000e+01
   endloop
 endfacet
 facet normal  0.000000e+00  0.000000e+00 -1.000000e+00
   outer loop
     vertex  3.184974e+01  1.002059e+02  5.200000e+01
     vertex  3.177351e+01  1.002436e+02  5.200000e+01
     vertex  3.169948e+01  1.002855e+02  5.200000e+01
   endloop
 endfacet
 facet normal  0.000000e+00  0.000000e+00 -1.000000e+00
   outer loop
     vertex  3.196766e+01  1.001573e+02  5.200000e+01
     vertex  3.169948e+01  1.002855e+02  5.200000e+01
     vertex  3.166335e+01  1.003079e+02  5.200000e+01
   endloop
 endfacet
 facet normal  0.000000e+00  0.000000e+00 -1.000000e+00
   outer loop
     vertex  3.196766e+01  1.001573e+02  5.200000e+01
     vertex  3.188859e+01  1.001886e+02  5.200000e+01
     vertex  3.184974e+01  1.002059e+02  5.200000e+01
   endloop
 endfacet
 facet normal  0.000000e+00  0.000000e+00 -1.000000e+00
   outer loop
     vertex  3.196766e+01  1.001573e+02  5.200000e+01
     vertex  3.192791e+01  1.001724e+02  5.200000e+01
     vertex  3.188859e+01  1.001886e+02  5.200000e+01
   endloop
 endfacet
 facet normal  0.000000e+00  0.000000e+00 -1.000000e+00
   outer loop
     vertex  3.196766e+01  1.001573e+02  5.200000e+01
     vertex  3.184974e+01  1.002059e+02  5.200000e+01
     vertex  3.169948e+01  1.002855e+02  5.200000e+01
   endloop
 endfacet
 facet normal  0.000000e+00  0.000000e+00 -1.000000e+00
   outer loop
     vertex  3.101278e+01  1.011730e+02  5.200000e+01
     vertex  3.103917e+01  1.010922e+02  5.200000e+01
     vertex  3.102542e+01  1.011324e+02  5.200000e+01
   endloop
 endfacet
 facet normal  0.000000e+00  0.000000e+00 -1.000000e+00
   outer loop
     vertex  3.101278e+01  1.011730e+02  5.200000e+01
     vertex  3.105402e+01  1.010523e+02  5.200000e+01
     vertex  3.103917e+01  1.010922e+02  5.200000e+01
   endloop
 endfacet
 facet normal  0.000000e+00  0.000000e+00 -1.000000e+00
   outer loop
     vertex  3.208918e+01  1.001185e+02  5.200000e+01
     vertex  3.200781e+01  1.001433e+02  5.200000e+01
     vertex  3.196766e+01  1.001573e+02  5.200000e+01
   endloop
 endfacet
 facet normal  0.000000e+00  0.000000e+00 -1.000000e+00
   outer loop
     vertex  3.208918e+01  1.001185e+02  5.200000e+01
     vertex  3.204832e+01  1.001303e+02  5.200000e+01
     vertex  3.200781e+01  1.001433e+02  5.200000e+01
   endloop
 endfacet
 facet normal  0.000000e+00  0.000000e+00 -1.000000e+00
   outer loop
     vertex  3.099086e+01  1.012552e+02  5.200000e+01
     vertex  3.101278e+01  1.011730e+02  5.200000e+01
     vertex  3.100126e+01  1.012139e+02  5.200000e+01
   endloop
 endfacet
 facet normal  0.000000e+00  0.000000e+00 -1.000000e+00
   outer loop
     vertex  3.217179e+01  1.000983e+02  5.200000e+01
     vertex  3.213034e+01  1.001079e+02  5.200000e+01
     vertex  3.208918e+01  1.001185e+02  5.200000e+01
   endloop
 endfacet
 facet normal  0.000000e+00  0.000000e+00 -1.000000e+00
   outer loop
     vertex  3.097348e+01  1.013384e+02  5.200000e+01
     vertex  3.099086e+01  1.012552e+02  5.200000e+01
     vertex  3.098160e+01  1.012967e+02  5.200000e+01
   endloop
 endfacet
 facet normal  0.000000e+00  0.000000e+00 -1.000000e+00
   outer loop
     vertex  3.229746e+01  1.000765e+02  5.200000e+01
     vertex  3.221347e+01  1.000899e+02  5.200000e+01
     vertex  3.217179e+01  1.000983e+02  5.200000e+01
   endloop
 endfacet
 facet normal  0.000000e+00  0.000000e+00 -1.000000e+00
   outer loop
     vertex  3.229746e+01  1.000765e+02  5.200000e+01
     vertex  3.225538e+01  1.000826e+02  5.200000e+01
     vertex  3.221347e+01  1.000899e+02  5.200000e+01
   endloop
 endfacet
 facet normal  0.000000e+00  0.000000e+00 -1.000000e+00
   outer loop
     vertex  3.096070e+01  1.014225e+02  5.200000e+01
     vertex  3.097348e+01  1.013384e+02  5.200000e+01
     vertex  3.096652e+01  1.013804e+02  5.200000e+01
   endloop
 endfacet
 facet normal  0.000000e+00  0.000000e+00 -1.000000e+00
   outer loop
     vertex  3.095255e+01  1.015072e+02  5.200000e+01
     vertex  3.096070e+01  1.014225e+02  5.200000e+01
     vertex  3.095604e+01  1.014648e+02  5.200000e+01
   endloop
 endfacet
 facet normal  0.000000e+00  0.000000e+00 -1.000000e+00
   outer loop
     vertex  3.246701e+01  1.000637e+02  5.200000e+01
     vertex  3.242450e+01  1.000652e+02  5.200000e+01
     vertex  3.238206e+01  1.000678e+02  5.200000e+01
   endloop
 endfacet
 facet normal -0.000000e+00  0.000000e+00 -1.000000e+00
   outer loop
     vertex  3.255205e+01  1.000643e+02  5.200000e+01
     vertex  3.246701e+01  1.000637e+02  5.200000e+01
     vertex  3.238206e+01  1.000678e+02  5.200000e+01
   endloop
 endfacet
 facet normal  0.000000e+00  0.000000e+00 -1.000000e+00
   outer loop
     vertex  3.255205e+01  1.000643e+02  5.200000e+01
     vertex  3.233970e+01  1.000716e+02  5.200000e+01
     vertex  3.229746e+01  1.000765e+02  5.200000e+01
   endloop
 endfacet
 facet normal  0.000000e+00  0.000000e+00 -1.000000e+00
   outer loop
     vertex  3.255205e+01  1.000643e+02  5.200000e+01
     vertex  3.238206e+01  1.000678e+02  5.200000e+01
     vertex  3.233970e+01  1.000716e+02  5.200000e+01
   endloop
 endfacet
 facet normal  0.000000e+00  0.000000e+00 -1.000000e+00
   outer loop
     vertex  3.255205e+01  1.000643e+02  5.200000e+01
     vertex  3.250953e+01  1.000634e+02  5.200000e+01
     vertex  3.246701e+01  1.000637e+02  5.200000e+01
   endloop
 endfacet
 facet normal  0.000000e+00  0.000000e+00 -1.000000e+00
   outer loop
     vertex  3.267924e+01  1.000739e+02  5.200000e+01
     vertex  3.259453e+01  1.000664e+02  5.200000e+01
     vertex  3.255205e+01  1.000643e+02  5.200000e+01
   endloop
 endfacet
 facet normal  0.000000e+00  0.000000e+00 -1.000000e+00
   outer loop
     vertex  3.267924e+01  1.000739e+02  5.200000e+01
     vertex  3.263693e+01  1.000696e+02  5.200000e+01
     vertex  3.259453e+01  1.000664e+02  5.200000e+01
   endloop
 endfacet
 facet normal  0.000000e+00  0.000000e+00 -1.000000e+00
   outer loop
     vertex  3.096070e+01  1.018043e+02  5.200000e+01
     vertex  3.095255e+01  1.017196e+02  5.200000e+01
     vertex  3.095604e+01  1.017620e+02  5.200000e+01
   endloop
 endfacet
 facet normal  0.000000e+00  0.000000e+00 -1.000000e+00
   outer loop
     vertex  3.276340e+01  1.000861e+02  5.200000e+01
     vertex  3.272140e+01  1.000795e+02  5.200000e+01
     vertex  3.267924e+01  1.000739e+02  5.200000e+01
   endloop
 endfacet
 facet normal  0.000000e+00  0.000000e+00 -1.000000e+00
   outer loop
     vertex  3.097348e+01  1.018884e+02  5.200000e+01
     vertex  3.096070e+01  1.018043e+02  5.200000e+01
     vertex  3.096652e+01  1.018464e+02  5.200000e+01
   endloop
 endfacet
 facet normal  0.000000e+00  0.000000e+00 -1.000000e+00
   outer loop
     vertex  3.097348e+01  1.018884e+02  5.200000e+01
     vertex  3.095255e+01  1.017196e+02  5.200000e+01
     vertex  3.096070e+01  1.018043e+02  5.200000e+01
   endloop
 endfacet
 facet normal  0.000000e+00  0.000000e+00 -1.000000e+00
   outer loop
     vertex  3.098160e+01  1.019301e+02  5.200000e+01
     vertex  3.105402e+01  1.010523e+02  5.200000e+01
     vertex  3.101278e+01  1.011730e+02  5.200000e+01
   endloop
 endfacet
 facet normal  0.000000e+00  0.000000e+00 -1.000000e+00
   outer loop
     vertex  3.098160e+01  1.019301e+02  5.200000e+01
     vertex  3.101278e+01  1.011730e+02  5.200000e+01
     vertex  3.099086e+01  1.012552e+02  5.200000e+01
   endloop
 endfacet
 facet normal  0.000000e+00  0.000000e+00 -1.000000e+00
   outer loop
     vertex  3.098160e+01  1.019301e+02  5.200000e+01
     vertex  3.095021e+01  1.016772e+02  5.200000e+01
     vertex  3.095255e+01  1.017196e+02  5.200000e+01
   endloop
 endfacet
 facet normal  0.000000e+00  0.000000e+00 -1.000000e+00
   outer loop
     vertex  3.098160e+01  1.019301e+02  5.200000e+01
     vertex  3.094905e+01  1.016347e+02  5.200000e+01
     vertex  3.095021e+01  1.016772e+02  5.200000e+01
   endloop
 endfacet
 facet normal  0.000000e+00  0.000000e+00 -1.000000e+00
   outer loop
     vertex  3.098160e+01  1.019301e+02  5.200000e+01
     vertex  3.094905e+01  1.015921e+02  5.200000e+01
     vertex  3.094905e+01  1.016347e+02  5.200000e+01
   endloop
 endfacet
 facet normal  0.000000e+00  0.000000e+00 -1.000000e+00
   outer loop
     vertex  3.098160e+01  1.019301e+02  5.200000e+01
     vertex  3.095021e+01  1.015496e+02  5.200000e+01
     vertex  3.094905e+01  1.015921e+02  5.200000e+01
   endloop
 endfacet
 facet normal  0.000000e+00 -0.000000e+00 -1.000000e+00
   outer loop
     vertex  3.098160e+01  1.019301e+02  5.200000e+01
     vertex  3.099086e+01  1.012552e+02  5.200000e+01
     vertex  3.097348e+01  1.013384e+02  5.200000e+01
   endloop
 endfacet
 facet normal  0.000000e+00  0.000000e+00 -1.000000e+00
   outer loop
     vertex  3.098160e+01  1.019301e+02  5.200000e+01
     vertex  3.095255e+01  1.015072e+02  5.200000e+01
     vertex  3.095021e+01  1.015496e+02  5.200000e+01
   endloop
 endfacet
 facet normal  0.000000e+00  0.000000e+00 -1.000000e+00
   outer loop
     vertex  3.098160e+01  1.019301e+02  5.200000e+01
     vertex  3.096070e+01  1.014225e+02  5.200000e+01
     vertex  3.095255e+01  1.015072e+02  5.200000e+01
   endloop
 endfacet
 facet normal  0.000000e+00  0.000000e+00 -1.000000e+00
   outer loop
     vertex  3.098160e+01  1.019301e+02  5.200000e+01
     vertex  3.097348e+01  1.013384e+02  5.200000e+01
     vertex  3.096070e+01  1.014225e+02  5.200000e+01
   endloop
 endfacet
 facet normal  0.000000e+00  0.000000e+00 -1.000000e+00
   outer loop
     vertex  3.098160e+01  1.019301e+02  5.200000e+01
     vertex  3.095255e+01  1.017196e+02  5.200000e+01
     vertex  3.097348e+01  1.018884e+02  5.200000e+01
   endloop
 endfacet
 facet normal  0.000000e+00  0.000000e+00 -1.000000e+00
   outer loop
     vertex  3.098160e+01  1.019301e+02  5.200000e+01
     vertex  3.106996e+01  1.010129e+02  5.200000e+01
     vertex  3.105402e+01  1.010523e+02  5.200000e+01
   endloop
 endfacet
 facet normal  0.000000e+00  0.000000e+00 -1.000000e+00
   outer loop
     vertex  3.098160e+01  1.019301e+02  5.200000e+01
     vertex  3.108697e+01  1.009739e+02  5.200000e+01
     vertex  3.106996e+01  1.010129e+02  5.200000e+01
   endloop
 endfacet
 facet normal  0.000000e+00  0.000000e+00 -1.000000e+00
   outer loop
     vertex  3.098160e+01  1.019301e+02  5.200000e+01
     vertex  3.110505e+01  1.009354e+02  5.200000e+01
     vertex  3.108697e+01  1.009739e+02  5.200000e+01
   endloop
 endfacet
 facet normal  0.000000e+00  0.000000e+00 -1.000000e+00
   outer loop
     vertex  3.098160e+01  1.019301e+02  5.200000e+01
     vertex  3.112417e+01  1.008974e+02  5.200000e+01
     vertex  3.110505e+01  1.009354e+02  5.200000e+01
   endloop
 endfacet
 facet normal  0.000000e+00  0.000000e+00 -1.000000e+00
   outer loop
     vertex  3.098160e+01  1.019301e+02  5.200000e+01
     vertex  3.114433e+01  1.008600e+02  5.200000e+01
     vertex  3.112417e+01  1.008974e+02  5.200000e+01
   endloop
 endfacet
 facet normal  0.000000e+00  0.000000e+00 -1.000000e+00
   outer loop
     vertex  3.098160e+01  1.019301e+02  5.200000e+01
     vertex  3.116551e+01  1.008231e+02  5.200000e+01
     vertex  3.114433e+01  1.008600e+02  5.200000e+01
   endloop
 endfacet
 facet normal  0.000000e+00  0.000000e+00 -1.000000e+00
   outer loop
     vertex  3.098160e+01  1.019301e+02  5.200000e+01
     vertex  3.118769e+01  1.007868e+02  5.200000e+01
     vertex  3.116551e+01  1.008231e+02  5.200000e+01
   endloop
 endfacet
 facet normal  0.000000e+00  0.000000e+00 -1.000000e+00
   outer loop
     vertex  3.098160e+01  1.019301e+02  5.200000e+01
     vertex  3.121086e+01  1.007512e+02  5.200000e+01
     vertex  3.118769e+01  1.007868e+02  5.200000e+01
   endloop
 endfacet
 facet normal  0.000000e+00  0.000000e+00 -1.000000e+00
   outer loop
     vertex  3.288808e+01  1.001131e+02  5.200000e+01
     vertex  3.280520e+01  1.000940e+02  5.200000e+01
     vertex  3.276340e+01  1.000861e+02  5.200000e+01
   endloop
 endfacet
 facet normal  0.000000e+00  0.000000e+00 -1.000000e+00
   outer loop
     vertex  3.288808e+01  1.001131e+02  5.200000e+01
     vertex  3.284677e+01  1.001029e+02  5.200000e+01
     vertex  3.280520e+01  1.000940e+02  5.200000e+01
   endloop
 endfacet
 facet normal  0.000000e+00  0.000000e+00 -1.000000e+00
   outer loop
     vertex  3.292909e+01  1.001243e+02  5.200000e+01
     vertex  3.276340e+01  1.000861e+02  5.200000e+01
     vertex  3.267924e+01  1.000739e+02  5.200000e+01
   endloop
 endfacet
 facet normal  0.000000e+00  0.000000e+00 -1.000000e+00
   outer loop
     vertex  3.292909e+01  1.001243e+02  5.200000e+01
     vertex  3.288808e+01  1.001131e+02  5.200000e+01
     vertex  3.276340e+01  1.000861e+02  5.200000e+01
   endloop
 endfacet
 facet normal  0.000000e+00  0.000000e+00 -1.000000e+00
   outer loop
     vertex  3.101278e+01  1.020538e+02  5.200000e+01
     vertex  3.099086e+01  1.019716e+02  5.200000e+01
     vertex  3.100126e+01  1.020129e+02  5.200000e+01
   endloop
 endfacet
 facet normal  0.000000e+00  0.000000e+00 -1.000000e+00
   outer loop
     vertex  3.101278e+01  1.020538e+02  5.200000e+01
     vertex  3.098160e+01  1.019301e+02  5.200000e+01
     vertex  3.099086e+01  1.019716e+02  5.200000e+01
   endloop
 endfacet
 facet normal  0.000000e+00  0.000000e+00 -1.000000e+00
   outer loop
     vertex  3.101278e+01  1.020538e+02  5.200000e+01
     vertex  3.123500e+01  1.007161e+02  5.200000e+01
     vertex  3.121086e+01  1.007512e+02  5.200000e+01
   endloop
 endfacet
 facet normal  0.000000e+00  0.000000e+00 -1.000000e+00
   outer loop
     vertex  3.101278e+01  1.020538e+02  5.200000e+01
     vertex  3.126009e+01  1.006818e+02  5.200000e+01
     vertex  3.123500e+01  1.007161e+02  5.200000e+01
   endloop
 endfacet
 facet normal  0.000000e+00  0.000000e+00 -1.000000e+00
   outer loop
     vertex  3.101278e+01  1.020538e+02  5.200000e+01
     vertex  3.136958e+01  1.005517e+02  5.200000e+01
     vertex  3.134088e+01  1.005831e+02  5.200000e+01
   endloop
 endfacet
 facet normal  0.000000e+00  0.000000e+00 -1.000000e+00
   outer loop
     vertex  3.101278e+01  1.020538e+02  5.200000e+01
     vertex  3.139913e+01  1.005211e+02  5.200000e+01
     vertex  3.136958e+01  1.005517e+02  5.200000e+01
   endloop
 endfacet
 facet normal  0.000000e+00 -0.000000e+00 -1.000000e+00
   outer loop
     vertex  3.101278e+01  1.020538e+02  5.200000e+01
     vertex  3.121086e+01  1.007512e+02  5.200000e+01
     vertex  3.098160e+01  1.019301e+02  5.200000e+01
   endloop
 endfacet
 facet normal  0.000000e+00  0.000000e+00 -1.000000e+00
   outer loop
     vertex  3.101278e+01  1.020538e+02  5.200000e+01
     vertex  3.142951e+01  1.004914e+02  5.200000e+01
     vertex  3.139913e+01  1.005211e+02  5.200000e+01
   endloop
 endfacet
 facet normal  0.000000e+00  0.000000e+00 -1.000000e+00
   outer loop
     vertex  3.101278e+01  1.020538e+02  5.200000e+01
     vertex  3.149266e+01  1.004344e+02  5.200000e+01
     vertex  3.142951e+01  1.004914e+02  5.200000e+01
   endloop
 endfacet
 facet normal  0.000000e+00  0.000000e+00 -1.000000e+00
   outer loop
     vertex  3.101278e+01  1.020538e+02  5.200000e+01
     vertex  3.152538e+01  1.004073e+02  5.200000e+01
     vertex  3.149266e+01  1.004344e+02  5.200000e+01
   endloop
 endfacet
 facet normal  0.000000e+00  0.000000e+00 -1.000000e+00
   outer loop
     vertex  3.101278e+01  1.020538e+02  5.200000e+01
     vertex  3.162785e+01  1.003313e+02  5.200000e+01
     vertex  3.159300e+01  1.003557e+02  5.200000e+01
   endloop
 endfacet
 facet normal  0.000000e+00  0.000000e+00 -1.000000e+00
   outer loop
     vertex  3.101278e+01  1.020538e+02  5.200000e+01
     vertex  3.166335e+01  1.003079e+02  5.200000e+01
     vertex  3.162785e+01  1.003313e+02  5.200000e+01
   endloop
 endfacet
 facet normal  0.000000e+00  0.000000e+00 -1.000000e+00
   outer loop
     vertex  3.101278e+01  1.020538e+02  5.200000e+01
     vertex  3.134088e+01  1.005831e+02  5.200000e+01
     vertex  3.126009e+01  1.006818e+02  5.200000e+01
   endloop
 endfacet
 facet normal  0.000000e+00  0.000000e+00 -1.000000e+00
   outer loop
     vertex  3.101278e+01  1.020538e+02  5.200000e+01
     vertex  3.159300e+01  1.003557e+02  5.200000e+01
     vertex  3.152538e+01  1.004073e+02  5.200000e+01
   endloop
 endfacet
 facet normal  0.000000e+00  0.000000e+00 -1.000000e+00
   outer loop
     vertex  3.296978e+01  1.001367e+02  5.200000e+01
     vertex  3.292909e+01  1.001243e+02  5.200000e+01
     vertex  3.267924e+01  1.000739e+02  5.200000e+01
   endloop
 endfacet
 facet normal  0.000000e+00  0.000000e+00 -1.000000e+00
   outer loop
     vertex  3.103917e+01  1.021346e+02  5.200000e+01
     vertex  3.101278e+01  1.020538e+02  5.200000e+01
     vertex  3.102542e+01  1.020944e+02  5.200000e+01
   endloop
 endfacet
 facet normal  0.000000e+00  0.000000e+00 -1.000000e+00
   outer loop
     vertex  3.308960e+01  1.001804e+02  5.200000e+01
     vertex  3.301012e+01  1.001501e+02  5.200000e+01
     vertex  3.296978e+01  1.001367e+02  5.200000e+01
   endloop
 endfacet
 facet normal  0.000000e+00  0.000000e+00 -1.000000e+00
   outer loop
     vertex  3.308960e+01  1.001804e+02  5.200000e+01
     vertex  3.305007e+01  1.001647e+02  5.200000e+01
     vertex  3.301012e+01  1.001501e+02  5.200000e+01
   endloop
 endfacet
 facet normal  0.000000e+00  0.000000e+00 -1.000000e+00
   outer loop
     vertex  3.106996e+01  1.022139e+02  5.200000e+01
     vertex  3.103917e+01  1.021346e+02  5.200000e+01
     vertex  3.105402e+01  1.021745e+02  5.200000e+01
   endloop
 endfacet
 facet normal  0.000000e+00  0.000000e+00 -1.000000e+00
   outer loop
     vertex  3.110505e+01  1.022914e+02  5.200000e+01
     vertex  3.103917e+01  1.021346e+02  5.200000e+01
     vertex  3.106996e+01  1.022139e+02  5.200000e+01
   endloop
 endfacet
 facet normal  0.000000e+00  0.000000e+00 -1.000000e+00
   outer loop
     vertex  3.110505e+01  1.022914e+02  5.200000e+01
     vertex  3.106996e+01  1.022139e+02  5.200000e+01
     vertex  3.108697e+01  1.022529e+02  5.200000e+01
   endloop
 endfacet
 facet normal  0.000000e+00  0.000000e+00 -1.000000e+00
   outer loop
     vertex  3.114433e+01  1.023668e+02  5.200000e+01
     vertex  3.110505e+01  1.022914e+02  5.200000e+01
     vertex  3.112417e+01  1.023294e+02  5.200000e+01
   endloop
 endfacet
 facet normal  0.000000e+00  0.000000e+00 -1.000000e+00
   outer loop
     vertex  3.328003e+01  1.002746e+02  5.200000e+01
     vertex  3.312869e+01  1.001971e+02  5.200000e+01
     vertex  3.308960e+01  1.001804e+02  5.200000e+01
   endloop
 endfacet
 facet normal  0.000000e+00  0.000000e+00 -1.000000e+00
   outer loop
     vertex  3.328003e+01  1.002746e+02  5.200000e+01
     vertex  3.316731e+01  1.002149e+02  5.200000e+01
     vertex  3.312869e+01  1.001971e+02  5.200000e+01
   endloop
 endfacet
 facet normal  0.000000e+00  0.000000e+00 -1.000000e+00
   outer loop
     vertex  3.328003e+01  1.002746e+02  5.200000e+01
     vertex  3.320543e+01  1.002338e+02  5.200000e+01
     vertex  3.316731e+01  1.002149e+02  5.200000e+01
   endloop
 endfacet
 facet normal  0.000000e+00  0.000000e+00 -1.000000e+00
   outer loop
     vertex  3.328003e+01  1.002746e+02  5.200000e+01
     vertex  3.324301e+01  1.002537e+02  5.200000e+01
     vertex  3.320543e+01  1.002338e+02  5.200000e+01
   endloop
 endfacet
 facet normal  0.000000e+00  0.000000e+00 -1.000000e+00
   outer loop
     vertex  3.116551e+01  1.024037e+02  5.200000e+01
     vertex  3.110505e+01  1.022914e+02  5.200000e+01
     vertex  3.114433e+01  1.023668e+02  5.200000e+01
   endloop
 endfacet
 facet normal  0.000000e+00  0.000000e+00 -1.000000e+00
   outer loop
     vertex  3.121086e+01  1.024756e+02  5.200000e+01
     vertex  3.116551e+01  1.024037e+02  5.200000e+01
     vertex  3.118769e+01  1.024400e+02  5.200000e+01
   endloop
 endfacet
 facet normal  0.000000e+00  0.000000e+00 -1.000000e+00
   outer loop
     vertex  3.338746e+01  1.003434e+02  5.200000e+01
     vertex  3.335228e+01  1.003195e+02  5.200000e+01
     vertex  3.331646e+01  1.002966e+02  5.200000e+01
   endloop
 endfacet
 facet normal  0.000000e+00  0.000000e+00 -1.000000e+00
   outer loop
     vertex  3.342197e+01  1.003682e+02  5.200000e+01
     vertex  3.338746e+01  1.003434e+02  5.200000e+01
     vertex  3.331646e+01  1.002966e+02  5.200000e+01
   endloop
 endfacet
 facet normal  0.000000e+00  0.000000e+00 -1.000000e+00
   outer loop
     vertex  3.342197e+01  1.003682e+02  5.200000e+01
     vertex  3.331646e+01  1.002966e+02  5.200000e+01
     vertex  3.328003e+01  1.002746e+02  5.200000e+01
   endloop
 endfacet
 facet normal  0.000000e+00  0.000000e+00 -1.000000e+00
   outer loop
     vertex  3.342197e+01  1.003682e+02  5.200000e+01
     vertex  3.328003e+01  1.002746e+02  5.200000e+01
     vertex  3.308960e+01  1.001804e+02  5.200000e+01
   endloop
 endfacet
 facet normal  0.000000e+00  0.000000e+00 -1.000000e+00
   outer loop
     vertex  3.128611e+01  1.025786e+02  5.200000e+01
     vertex  3.123500e+01  1.025107e+02  5.200000e+01
     vertex  3.126009e+01  1.025450e+02  5.200000e+01
   endloop
 endfacet
 facet normal  0.000000e+00  0.000000e+00 -1.000000e+00
   outer loop
     vertex  3.128611e+01  1.025786e+02  5.200000e+01
     vertex  3.121086e+01  1.024756e+02  5.200000e+01
     vertex  3.123500e+01  1.025107e+02  5.200000e+01
   endloop
 endfacet
 facet normal  0.000000e+00  0.000000e+00 -1.000000e+00
   outer loop
     vertex  3.131305e+01  1.026115e+02  5.200000e+01
     vertex  3.103917e+01  1.021346e+02  5.200000e+01
     vertex  3.110505e+01  1.022914e+02  5.200000e+01
   endloop
 endfacet
 facet normal  0.000000e+00  0.000000e+00 -1.000000e+00
   outer loop
     vertex  3.131305e+01  1.026115e+02  5.200000e+01
     vertex  3.121086e+01  1.024756e+02  5.200000e+01
     vertex  3.128611e+01  1.025786e+02  5.200000e+01
   endloop
 endfacet
 facet normal  0.000000e+00  0.000000e+00 -1.000000e+00
   outer loop
     vertex  3.131305e+01  1.026115e+02  5.200000e+01
     vertex  3.116551e+01  1.024037e+02  5.200000e+01
     vertex  3.121086e+01  1.024756e+02  5.200000e+01
   endloop
 endfacet
 facet normal  0.000000e+00  0.000000e+00 -1.000000e+00
   outer loop
     vertex  3.131305e+01  1.026115e+02  5.200000e+01
     vertex  3.110505e+01  1.022914e+02  5.200000e+01
     vertex  3.116551e+01  1.024037e+02  5.200000e+01
   endloop
 endfacet
 facet normal  0.000000e+00  0.000000e+00 -1.000000e+00
   outer loop
     vertex  3.355280e+01  1.004768e+02  5.200000e+01
     vertex  3.345578e+01  1.003940e+02  5.200000e+01
     vertex  3.342197e+01  1.003682e+02  5.200000e+01
   endloop
 endfacet
 facet normal  0.000000e+00  0.000000e+00 -1.000000e+00
   outer loop
     vertex  3.355280e+01  1.004768e+02  5.200000e+01
     vertex  3.348887e+01  1.004207e+02  5.200000e+01
     vertex  3.345578e+01  1.003940e+02  5.200000e+01
   endloop
 endfacet
 facet normal  0.000000e+00  0.000000e+00 -1.000000e+00
   outer loop
     vertex  3.355280e+01  1.004768e+02  5.200000e+01
     vertex  3.352122e+01  1.004483e+02  5.200000e+01
     vertex  3.348887e+01  1.004207e+02  5.200000e+01
   endloop
 endfacet
 facet normal  0.000000e+00  0.000000e+00 -1.000000e+00
   outer loop
     vertex  3.136958e+01  1.026751e+02  5.200000e+01
     vertex  3.131305e+01  1.026115e+02  5.200000e+01
     vertex  3.134088e+01  1.026437e+02  5.200000e+01
   endloop
 endfacet
 facet normal  0.000000e+00  0.000000e+00 -1.000000e+00
   outer loop
     vertex  3.358358e+01  1.005062e+02  5.200000e+01
     vertex  3.355280e+01  1.004768e+02  5.200000e+01
     vertex  3.342197e+01  1.003682e+02  5.200000e+01
   endloop
 endfacet
 facet normal  0.000000e+00  0.000000e+00 -1.000000e+00
   outer loop
     vertex  3.361355e+01  1.005363e+02  5.200000e+01
     vertex  3.358358e+01  1.005062e+02  5.200000e+01
     vertex  3.342197e+01  1.003682e+02  5.200000e+01
   endloop
 endfacet
 facet normal  0.000000e+00  0.000000e+00 -1.000000e+00
   outer loop
     vertex  3.142951e+01  1.027354e+02  5.200000e+01
     vertex  3.131305e+01  1.026115e+02  5.200000e+01
     vertex  3.136958e+01  1.026751e+02  5.200000e+01
   endloop
 endfacet
 facet normal  0.000000e+00  0.000000e+00 -1.000000e+00
   outer loop
     vertex  3.142951e+01  1.027354e+02  5.200000e+01
     vertex  3.136958e+01  1.026751e+02  5.200000e+01
     vertex  3.139913e+01  1.027057e+02  5.200000e+01
   endloop
 endfacet
 facet normal  0.000000e+00  0.000000e+00 -1.000000e+00
   outer loop
     vertex  3.146069e+01  1.027643e+02  5.200000e+01
     vertex  3.131305e+01  1.026115e+02  5.200000e+01
     vertex  3.142951e+01  1.027354e+02  5.200000e+01
   endloop
 endfacet
 facet normal  0.000000e+00  0.000000e+00 -1.000000e+00
   outer loop
     vertex  3.367094e+01  1.005991e+02  5.200000e+01
     vertex  3.364268e+01  1.005673e+02  5.200000e+01
     vertex  3.361355e+01  1.005363e+02  5.200000e+01
   endloop
 endfacet
 facet normal  0.000000e+00  0.000000e+00 -1.000000e+00
   outer loop
     vertex  3.149266e+01  1.027924e+02  5.200000e+01
     vertex  3.131305e+01  1.026115e+02  5.200000e+01
     vertex  3.146069e+01  1.027643e+02  5.200000e+01
   endloop
 endfacet
 facet normal  0.000000e+00  0.000000e+00 -1.000000e+00
   outer loop
     vertex  3.369833e+01  1.006316e+02  5.200000e+01
     vertex  3.367094e+01  1.005991e+02  5.200000e+01
     vertex  3.361355e+01  1.005363e+02  5.200000e+01
   endloop
 endfacet
 facet normal  0.000000e+00  0.000000e+00 -1.000000e+00
   outer loop
     vertex  3.152538e+01  1.028195e+02  5.200000e+01
     vertex  3.131305e+01  1.026115e+02  5.200000e+01
     vertex  3.149266e+01  1.027924e+02  5.200000e+01
   endloop
 endfacet
 facet normal  0.000000e+00  0.000000e+00 -1.000000e+00
   outer loop
     vertex  3.372481e+01  1.006649e+02  5.200000e+01
     vertex  3.361355e+01  1.005363e+02  5.200000e+01
     vertex  3.342197e+01  1.003682e+02  5.200000e+01
   endloop
 endfacet
 facet normal  0.000000e+00  0.000000e+00 -1.000000e+00
   outer loop
     vertex  3.372481e+01  1.006649e+02  5.200000e+01
     vertex  3.369833e+01  1.006316e+02  5.200000e+01
     vertex  3.361355e+01  1.005363e+02  5.200000e+01
   endloop
 endfacet
 facet normal  0.000000e+00  0.000000e+00 -1.000000e+00
   outer loop
     vertex  3.377499e+01  1.007336e+02  5.200000e+01
     vertex  3.375037e+01  1.006989e+02  5.200000e+01
     vertex  3.372481e+01  1.006649e+02  5.200000e+01
   endloop
 endfacet
 facet normal  0.000000e+00  0.000000e+00 -1.000000e+00
   outer loop
     vertex  3.377499e+01  1.007336e+02  5.200000e+01
     vertex  3.372481e+01  1.006649e+02  5.200000e+01
     vertex  3.342197e+01  1.003682e+02  5.200000e+01
   endloop
 endfacet
 facet normal  0.000000e+00  0.000000e+00 -1.000000e+00
   outer loop
     vertex  3.379865e+01  1.007689e+02  5.200000e+01
     vertex  3.377499e+01  1.007336e+02  5.200000e+01
     vertex  3.342197e+01  1.003682e+02  5.200000e+01
   endloop
 endfacet
 facet normal  0.000000e+00  0.000000e+00 -1.000000e+00
   outer loop
     vertex  3.166335e+01  1.029189e+02  5.200000e+01
     vertex  3.159300e+01  1.028711e+02  5.200000e+01
     vertex  3.162785e+01  1.028955e+02  5.200000e+01
   endloop
 endfacet
 facet normal  0.000000e+00  0.000000e+00 -1.000000e+00
   outer loop
     vertex  3.166335e+01  1.029189e+02  5.200000e+01
     vertex  3.155884e+01  1.028458e+02  5.200000e+01
     vertex  3.159300e+01  1.028711e+02  5.200000e+01
   endloop
 endfacet
 facet normal  0.000000e+00  0.000000e+00 -1.000000e+00
   outer loop
     vertex  3.169948e+01  1.029413e+02  5.200000e+01
     vertex  3.152538e+01  1.028195e+02  5.200000e+01
     vertex  3.155884e+01  1.028458e+02  5.200000e+01
   endloop
 endfacet
 facet normal  0.000000e+00  0.000000e+00 -1.000000e+00
   outer loop
     vertex  3.169948e+01  1.029413e+02  5.200000e+01
     vertex  3.155884e+01  1.028458e+02  5.200000e+01
     vertex  3.166335e+01  1.029189e+02  5.200000e+01
   endloop
 endfacet
 facet normal  0.000000e+00  0.000000e+00 -1.000000e+00
   outer loop
     vertex  3.386368e+01  1.008786e+02  5.200000e+01
     vertex  3.384301e+01  1.008415e+02  5.200000e+01
     vertex  3.382132e+01  1.008049e+02  5.200000e+01
   endloop
 endfacet
 facet normal  0.000000e+00  0.000000e+00 -1.000000e+00
   outer loop
     vertex  3.177351e+01  1.029832e+02  5.200000e+01
     vertex  3.169948e+01  1.029413e+02  5.200000e+01
     vertex  3.173621e+01  1.029628e+02  5.200000e+01
   endloop
 endfacet
 facet normal  0.000000e+00  0.000000e+00 -1.000000e+00
   outer loop
     vertex  3.390192e+01  1.009546e+02  5.200000e+01
     vertex  3.388332e+01  1.009164e+02  5.200000e+01
     vertex  3.386368e+01  1.008786e+02  5.200000e+01
   endloop
 endfacet
 facet normal  0.000000e+00  0.000000e+00 -1.000000e+00
   outer loop
     vertex  3.390192e+01  1.009546e+02  5.200000e+01
     vertex  3.386368e+01  1.008786e+02  5.200000e+01
     vertex  3.382132e+01  1.008049e+02  5.200000e+01
   endloop
 endfacet
 facet normal  0.000000e+00  0.000000e+00 -1.000000e+00
   outer loop
     vertex  3.184974e+01  1.030209e+02  5.200000e+01
     vertex  3.177351e+01  1.029832e+02  5.200000e+01
     vertex  3.181137e+01  1.030026e+02  5.200000e+01
   endloop
 endfacet
 facet normal  0.000000e+00  0.000000e+00 -1.000000e+00
   outer loop
     vertex  3.391947e+01  1.009933e+02  5.200000e+01
     vertex  3.382132e+01  1.008049e+02  5.200000e+01
     vertex  3.379865e+01  1.007689e+02  5.200000e+01
   endloop
 endfacet
 facet normal  0.000000e+00  0.000000e+00 -1.000000e+00
   outer loop
     vertex  3.391947e+01  1.009933e+02  5.200000e+01
     vertex  3.390192e+01  1.009546e+02  5.200000e+01
     vertex  3.382132e+01  1.008049e+02  5.200000e+01
   endloop
 endfacet
 facet normal  0.000000e+00  0.000000e+00 -1.000000e+00
   outer loop
     vertex  3.393595e+01  1.010325e+02  5.200000e+01
     vertex  3.391947e+01  1.009933e+02  5.200000e+01
     vertex  3.379865e+01  1.007689e+02  5.200000e+01
   endloop
 endfacet
 facet normal  0.000000e+00  0.000000e+00 -1.000000e+00
   outer loop
     vertex  3.192791e+01  1.030544e+02  5.200000e+01
     vertex  3.169948e+01  1.029413e+02  5.200000e+01
     vertex  3.177351e+01  1.029832e+02  5.200000e+01
   endloop
 endfacet
 facet normal  0.000000e+00  0.000000e+00 -1.000000e+00
   outer loop
     vertex  3.192791e+01  1.030544e+02  5.200000e+01
     vertex  3.184974e+01  1.030209e+02  5.200000e+01
     vertex  3.188859e+01  1.030382e+02  5.200000e+01
   endloop
 endfacet
 facet normal  0.000000e+00  0.000000e+00 -1.000000e+00
   outer loop
     vertex  3.192791e+01  1.030544e+02  5.200000e+01
     vertex  3.177351e+01  1.029832e+02  5.200000e+01
     vertex  3.184974e+01  1.030209e+02  5.200000e+01
   endloop
 endfacet
 facet normal  0.000000e+00  0.000000e+00 -1.000000e+00
   outer loop
     vertex  3.395134e+01  1.010722e+02  5.200000e+01
     vertex  3.393595e+01  1.010325e+02  5.200000e+01
     vertex  3.379865e+01  1.007689e+02  5.200000e+01
   endloop
 endfacet
 facet normal  0.000000e+00  0.000000e+00 -1.000000e+00
   outer loop
     vertex  3.395134e+01  1.010722e+02  5.200000e+01
     vertex  3.379865e+01  1.007689e+02  5.200000e+01
     vertex  3.342197e+01  1.003682e+02  5.200000e+01
   endloop
 endfacet
 facet normal  0.000000e+00  0.000000e+00 -1.000000e+00
   outer loop
     vertex  3.196766e+01  1.030695e+02  5.200000e+01
     vertex  3.152538e+01  1.028195e+02  5.200000e+01
     vertex  3.169948e+01  1.029413e+02  5.200000e+01
   endloop
 endfacet
 facet normal  0.000000e+00  0.000000e+00 -1.000000e+00
   outer loop
     vertex  3.196766e+01  1.030695e+02  5.200000e+01
     vertex  3.103917e+01  1.021346e+02  5.200000e+01
     vertex  3.131305e+01  1.026115e+02  5.200000e+01
   endloop
 endfacet
 facet normal  0.000000e+00  0.000000e+00 -1.000000e+00
   outer loop
     vertex  3.196766e+01  1.030695e+02  5.200000e+01
     vertex  3.131305e+01  1.026115e+02  5.200000e+01
     vertex  3.152538e+01  1.028195e+02  5.200000e+01
   endloop
 endfacet
 facet normal  0.000000e+00  0.000000e+00 -1.000000e+00
   outer loop
     vertex  3.196766e+01  1.030695e+02  5.200000e+01
     vertex  3.169948e+01  1.029413e+02  5.200000e+01
     vertex  3.192791e+01  1.030544e+02  5.200000e+01
   endloop
 endfacet
 facet normal  0.000000e+00  0.000000e+00 -1.000000e+00
   outer loop
     vertex  3.196766e+01  1.030695e+02  5.200000e+01
     vertex  3.101278e+01  1.020538e+02  5.200000e+01
     vertex  3.103917e+01  1.021346e+02  5.200000e+01
   endloop
 endfacet
 facet normal  0.000000e+00  0.000000e+00 -1.000000e+00
   outer loop
     vertex  3.399092e+01  1.011934e+02  5.200000e+01
     vertex  3.397884e+01  1.011527e+02  5.200000e+01
     vertex  3.396564e+01  1.011122e+02  5.200000e+01
   endloop
 endfacet
 facet normal  0.000000e+00  0.000000e+00 -1.000000e+00
   outer loop
     vertex  3.208918e+01  1.031083e+02  5.200000e+01
     vertex  3.200781e+01  1.030835e+02  5.200000e+01
     vertex  3.204832e+01  1.030965e+02  5.200000e+01
   endloop
 endfacet
 facet normal  0.000000e+00  0.000000e+00 -1.000000e+00
   outer loop
     vertex  3.400188e+01  1.012345e+02  5.200000e+01
     vertex  3.396564e+01  1.011122e+02  5.200000e+01
     vertex  3.395134e+01  1.010722e+02  5.200000e+01
   endloop
 endfacet
 facet normal  0.000000e+00  0.000000e+00 -1.000000e+00
   outer loop
     vertex  3.400188e+01  1.012345e+02  5.200000e+01
     vertex  3.399092e+01  1.011934e+02  5.200000e+01
     vertex  3.396564e+01  1.011122e+02  5.200000e+01
   endloop
 endfacet
 facet normal  0.000000e+00  0.000000e+00 -1.000000e+00
   outer loop
     vertex  3.213034e+01  1.031189e+02  5.200000e+01
     vertex  3.200781e+01  1.030835e+02  5.200000e+01
     vertex  3.208918e+01  1.031083e+02  5.200000e+01
   endloop
 endfacet
 facet normal  0.000000e+00  0.000000e+00 -1.000000e+00
   outer loop
     vertex  3.401171e+01  1.012759e+02  5.200000e+01
     vertex  3.400188e+01  1.012345e+02  5.200000e+01
     vertex  3.395134e+01  1.010722e+02  5.200000e+01
   endloop
 endfacet
 facet normal  0.000000e+00  0.000000e+00 -1.000000e+00
   outer loop
     vertex  3.217179e+01  1.031285e+02  5.200000e+01
     vertex  3.101278e+01  1.020538e+02  5.200000e+01
     vertex  3.196766e+01  1.030695e+02  5.200000e+01
   endloop
 endfacet
 facet normal  0.000000e+00  0.000000e+00 -1.000000e+00
   outer loop
     vertex  3.217179e+01  1.031285e+02  5.200000e+01
     vertex  3.200781e+01  1.030835e+02  5.200000e+01
     vertex  3.213034e+01  1.031189e+02  5.200000e+01
   endloop
 endfacet
 facet normal  0.000000e+00  0.000000e+00 -1.000000e+00
   outer loop
     vertex  3.217179e+01  1.031285e+02  5.200000e+01
     vertex  3.196766e+01  1.030695e+02  5.200000e+01
     vertex  3.200781e+01  1.030835e+02  5.200000e+01
   endloop
 endfacet
 facet normal  0.000000e+00  0.000000e+00 -1.000000e+00
   outer loop
     vertex  3.402794e+01  1.013594e+02  5.200000e+01
     vertex  3.401171e+01  1.012759e+02  5.200000e+01
     vertex  3.395134e+01  1.010722e+02  5.200000e+01
   endloop
 endfacet
 facet normal  0.000000e+00  0.000000e+00 -1.000000e+00
   outer loop
     vertex  3.402794e+01  1.013594e+02  5.200000e+01
     vertex  3.402040e+01  1.013175e+02  5.200000e+01
     vertex  3.401171e+01  1.012759e+02  5.200000e+01
   endloop
 endfacet
 facet normal  0.000000e+00  0.000000e+00 -1.000000e+00
   outer loop
     vertex  3.225538e+01  1.031442e+02  5.200000e+01
     vertex  3.217179e+01  1.031285e+02  5.200000e+01
     vertex  3.221347e+01  1.031369e+02  5.200000e+01
   endloop
 endfacet
 facet normal  0.000000e+00  0.000000e+00 -1.000000e+00
   outer loop
     vertex  3.403434e+01  1.014014e+02  5.200000e+01
     vertex  3.402794e+01  1.013594e+02  5.200000e+01
     vertex  3.395134e+01  1.010722e+02  5.200000e+01
   endloop
 endfacet
 facet normal  0.000000e+00  0.000000e+00 -1.000000e+00
   outer loop
     vertex  3.229746e+01  1.031503e+02  5.200000e+01
     vertex  3.217179e+01  1.031285e+02  5.200000e+01
     vertex  3.225538e+01  1.031442e+02  5.200000e+01
   endloop
 endfacet
 facet normal  0.000000e+00  0.000000e+00 -1.000000e+00
   outer loop
     vertex  3.233970e+01  1.031552e+02  5.200000e+01
     vertex  3.217179e+01  1.031285e+02  5.200000e+01
     vertex  3.229746e+01  1.031503e+02  5.200000e+01
   endloop
 endfacet
 facet normal  0.000000e+00  0.000000e+00 -1.000000e+00
   outer loop
     vertex  3.404365e+01  1.014860e+02  5.200000e+01
     vertex  3.403434e+01  1.014014e+02  5.200000e+01
     vertex  3.395134e+01  1.010722e+02  5.200000e+01
   endloop
 endfacet
 facet normal  0.000000e+00  0.000000e+00 -1.000000e+00
   outer loop
     vertex  3.404365e+01  1.014860e+02  5.200000e+01
     vertex  3.403957e+01  1.014436e+02  5.200000e+01
     vertex  3.403434e+01  1.014014e+02  5.200000e+01
   endloop
 endfacet
 facet normal  0.000000e+00  0.000000e+00 -1.000000e+00
   outer loop
     vertex  3.242450e+01  1.031616e+02  5.200000e+01
     vertex  3.217179e+01  1.031285e+02  5.200000e+01
     vertex  3.233970e+01  1.031552e+02  5.200000e+01
   endloop
 endfacet
 facet normal  0.000000e+00  0.000000e+00 -1.000000e+00
   outer loop
     vertex  3.242450e+01  1.031616e+02  5.200000e+01
     vertex  3.233970e+01  1.031552e+02  5.200000e+01
     vertex  3.238206e+01  1.031590e+02  5.200000e+01
   endloop
 endfacet
 facet normal  0.000000e+00  0.000000e+00 -1.000000e+00
   outer loop
     vertex  3.404832e+01  1.015709e+02  5.200000e+01
     vertex  3.404657e+01  1.015284e+02  5.200000e+01
     vertex  3.404365e+01  1.014860e+02  5.200000e+01
   endloop
 endfacet
 facet normal  0.000000e+00  0.000000e+00 -1.000000e+00
   outer loop
     vertex  3.250953e+01  1.031634e+02  5.200000e+01
     vertex  3.242450e+01  1.031616e+02  5.200000e+01
     vertex  3.246701e+01  1.031631e+02  5.200000e+01
   endloop
 endfacet
 facet normal  0.000000e+00  0.000000e+00 -1.000000e+00
   outer loop
     vertex  3.404832e+01  1.016559e+02  5.200000e+01
     vertex  3.404890e+01  1.016134e+02  5.200000e+01
     vertex  3.404832e+01  1.015709e+02  5.200000e+01
   endloop
 endfacet
 facet normal  0.000000e+00  0.000000e+00 -1.000000e+00
   outer loop
     vertex  3.404657e+01  1.016984e+02  5.200000e+01
     vertex  3.404832e+01  1.016559e+02  5.200000e+01
     vertex  3.404832e+01  1.015709e+02  5.200000e+01
   endloop
 endfacet
 facet normal  0.000000e+00  0.000000e+00 -1.000000e+00
   outer loop
     vertex  3.259453e+01  1.031604e+02  5.200000e+01
     vertex  3.250953e+01  1.031634e+02  5.200000e+01
     vertex  3.255205e+01  1.031625e+02  5.200000e+01
   endloop
 endfacet
 facet normal  0.000000e+00  0.000000e+00 -1.000000e+00
   outer loop
     vertex  3.263693e+01  1.031572e+02  5.200000e+01
     vertex  3.242450e+01  1.031616e+02  5.200000e+01
     vertex  3.250953e+01  1.031634e+02  5.200000e+01
   endloop
 endfacet
 facet normal  0.000000e+00  0.000000e+00 -1.000000e+00
   outer loop
     vertex  3.263693e+01  1.031572e+02  5.200000e+01
     vertex  3.250953e+01  1.031634e+02  5.200000e+01
     vertex  3.259453e+01  1.031604e+02  5.200000e+01
   endloop
 endfacet
 facet normal  0.000000e+00  0.000000e+00 -1.000000e+00
   outer loop
     vertex  3.403957e+01  1.017832e+02  5.200000e+01
     vertex  3.404365e+01  1.017408e+02  5.200000e+01
     vertex  3.404657e+01  1.016984e+02  5.200000e+01
   endloop
 endfacet
 facet normal  0.000000e+00  0.000000e+00 -1.000000e+00
   outer loop
     vertex  3.403957e+01  1.017832e+02  5.200000e+01
     vertex  3.404657e+01  1.016984e+02  5.200000e+01
     vertex  3.404832e+01  1.015709e+02  5.200000e+01
   endloop
 endfacet
 facet normal  0.000000e+00  0.000000e+00 -1.000000e+00
   outer loop
     vertex  3.403434e+01  1.018254e+02  5.200000e+01
     vertex  3.403957e+01  1.017832e+02  5.200000e+01
     vertex  3.404832e+01  1.015709e+02  5.200000e+01
   endloop
 endfacet
 facet normal  0.000000e+00  0.000000e+00 -1.000000e+00
   outer loop
     vertex  3.272140e+01  1.031473e+02  5.200000e+01
     vertex  3.263693e+01  1.031572e+02  5.200000e+01
     vertex  3.267924e+01  1.031529e+02  5.200000e+01
   endloop
 endfacet
 facet normal  0.000000e+00  0.000000e+00 -1.000000e+00
   outer loop
     vertex  3.276340e+01  1.031407e+02  5.200000e+01
     vertex  3.263693e+01  1.031572e+02  5.200000e+01
     vertex  3.272140e+01  1.031473e+02  5.200000e+01
   endloop
 endfacet
 facet normal  0.000000e+00  0.000000e+00 -1.000000e+00
   outer loop
     vertex  3.402040e+01  1.019093e+02  5.200000e+01
     vertex  3.402794e+01  1.018674e+02  5.200000e+01
     vertex  3.403434e+01  1.018254e+02  5.200000e+01
   endloop
 endfacet
 facet normal  0.000000e+00  0.000000e+00 -1.000000e+00
   outer loop
     vertex  3.402040e+01  1.019093e+02  5.200000e+01
     vertex  3.404832e+01  1.015709e+02  5.200000e+01
     vertex  3.404365e+01  1.014860e+02  5.200000e+01
   endloop
 endfacet
 facet normal  0.000000e+00  0.000000e+00 -1.000000e+00
   outer loop
     vertex  3.402040e+01  1.019093e+02  5.200000e+01
     vertex  3.403434e+01  1.018254e+02  5.200000e+01
     vertex  3.404832e+01  1.015709e+02  5.200000e+01
   endloop
 endfacet
 facet normal -0.000000e+00  0.000000e+00 -1.000000e+00
   outer loop
     vertex  3.284677e+01  1.031239e+02  5.200000e+01
     vertex  3.101278e+01  1.020538e+02  5.200000e+01
     vertex  3.217179e+01  1.031285e+02  5.200000e+01
   endloop
 endfacet
 facet normal  0.000000e+00  0.000000e+00 -1.000000e+00
   outer loop
     vertex  3.284677e+01  1.031239e+02  5.200000e+01
     vertex  3.276340e+01  1.031407e+02  5.200000e+01
     vertex  3.280520e+01  1.031328e+02  5.200000e+01
   endloop
 endfacet
 facet normal  0.000000e+00  0.000000e+00 -1.000000e+00
   outer loop
     vertex  3.284677e+01  1.031239e+02  5.200000e+01
     vertex  3.217179e+01  1.031285e+02  5.200000e+01
     vertex  3.242450e+01  1.031616e+02  5.200000e+01
   endloop
 endfacet
 facet normal  0.000000e+00  0.000000e+00 -1.000000e+00
   outer loop
     vertex  3.284677e+01  1.031239e+02  5.200000e+01
     vertex  3.242450e+01  1.031616e+02  5.200000e+01
     vertex  3.263693e+01  1.031572e+02  5.200000e+01
   endloop
 endfacet
 facet normal  0.000000e+00  0.000000e+00 -1.000000e+00
   outer loop
     vertex  3.284677e+01  1.031239e+02  5.200000e+01
     vertex  3.263693e+01  1.031572e+02  5.200000e+01
     vertex  3.276340e+01  1.031407e+02  5.200000e+01
   endloop
 endfacet
 facet normal  0.000000e+00  0.000000e+00 -1.000000e+00
   outer loop
     vertex  3.284677e+01  1.031239e+02  5.200000e+01
     vertex  3.166335e+01  1.003079e+02  5.200000e+01
     vertex  3.101278e+01  1.020538e+02  5.200000e+01
   endloop
 endfacet
 facet normal  0.000000e+00  0.000000e+00 -1.000000e+00
   outer loop
     vertex  3.284677e+01  1.031239e+02  5.200000e+01
     vertex  3.196766e+01  1.001573e+02  5.200000e+01
     vertex  3.166335e+01  1.003079e+02  5.200000e+01
   endloop
 endfacet
 facet normal  0.000000e+00  0.000000e+00 -1.000000e+00
   outer loop
     vertex  3.400188e+01  1.019923e+02  5.200000e+01
     vertex  3.401171e+01  1.019509e+02  5.200000e+01
     vertex  3.402040e+01  1.019093e+02  5.200000e+01
   endloop
 endfacet
 facet normal  0.000000e+00  0.000000e+00 -1.000000e+00
   outer loop
     vertex  3.400188e+01  1.019923e+02  5.200000e+01
     vertex  3.402040e+01  1.019093e+02  5.200000e+01
     vertex  3.404365e+01  1.014860e+02  5.200000e+01
   endloop
 endfacet
 facet normal  0.000000e+00  0.000000e+00 -1.000000e+00
   outer loop
     vertex  3.399092e+01  1.020334e+02  5.200000e+01
     vertex  3.400188e+01  1.019923e+02  5.200000e+01
     vertex  3.404365e+01  1.014860e+02  5.200000e+01
   endloop
 endfacet
 facet normal  0.000000e+00  0.000000e+00 -1.000000e+00
   outer loop
     vertex  3.292909e+01  1.031025e+02  5.200000e+01
     vertex  3.284677e+01  1.031239e+02  5.200000e+01
     vertex  3.288808e+01  1.031137e+02  5.200000e+01
   endloop
 endfacet
 facet normal  0.000000e+00  0.000000e+00 -1.000000e+00
   outer loop
     vertex  3.396564e+01  1.021146e+02  5.200000e+01
     vertex  3.397884e+01  1.020741e+02  5.200000e+01
     vertex  3.399092e+01  1.020334e+02  5.200000e+01
   endloop
 endfacet
 facet normal  0.000000e+00  0.000000e+00 -1.000000e+00
   outer loop
     vertex  3.396564e+01  1.021146e+02  5.200000e+01
     vertex  3.399092e+01  1.020334e+02  5.200000e+01
     vertex  3.404365e+01  1.014860e+02  5.200000e+01
   endloop
 endfacet
 facet normal  0.000000e+00  0.000000e+00 -1.000000e+00
   outer loop
     vertex  3.301012e+01  1.030767e+02  5.200000e+01
     vertex  3.292909e+01  1.031025e+02  5.200000e+01
     vertex  3.296978e+01  1.030901e+02  5.200000e+01
   endloop
 endfacet
 facet normal  0.000000e+00  0.000000e+00 -1.000000e+00
   outer loop
     vertex  3.305007e+01  1.030621e+02  5.200000e+01
     vertex  3.292909e+01  1.031025e+02  5.200000e+01
     vertex  3.301012e+01  1.030767e+02  5.200000e+01
   endloop
 endfacet
 facet normal  0.000000e+00  0.000000e+00 -1.000000e+00
   outer loop
     vertex  3.393595e+01  1.021943e+02  5.200000e+01
     vertex  3.395134e+01  1.021546e+02  5.200000e+01
     vertex  3.396564e+01  1.021146e+02  5.200000e+01
   endloop
 endfacet
 facet normal  0.000000e+00  0.000000e+00 -1.000000e+00
   outer loop
     vertex  3.308960e+01  1.030464e+02  5.200000e+01
     vertex  3.292909e+01  1.031025e+02  5.200000e+01
     vertex  3.305007e+01  1.030621e+02  5.200000e+01
   endloop
 endfacet
 facet normal  0.000000e+00  0.000000e+00 -1.000000e+00
   outer loop
     vertex  3.308960e+01  1.030464e+02  5.200000e+01
     vertex  3.284677e+01  1.031239e+02  5.200000e+01
     vertex  3.292909e+01  1.031025e+02  5.200000e+01
   endloop
 endfacet
 facet normal  0.000000e+00  0.000000e+00 -1.000000e+00
   outer loop
     vertex  3.312869e+01  1.030297e+02  5.200000e+01
     vertex  3.284677e+01  1.031239e+02  5.200000e+01
     vertex  3.308960e+01  1.030464e+02  5.200000e+01
   endloop
 endfacet
 facet normal  0.000000e+00  0.000000e+00 -1.000000e+00
   outer loop
     vertex  3.390192e+01  1.022722e+02  5.200000e+01
     vertex  3.391947e+01  1.022335e+02  5.200000e+01
     vertex  3.393595e+01  1.021943e+02  5.200000e+01
   endloop
 endfacet
 facet normal  0.000000e+00  0.000000e+00 -1.000000e+00
   outer loop
     vertex  3.390192e+01  1.022722e+02  5.200000e+01
     vertex  3.396564e+01  1.021146e+02  5.200000e+01
     vertex  3.404365e+01  1.014860e+02  5.200000e+01
   endloop
 endfacet
 facet normal  0.000000e+00  0.000000e+00 -1.000000e+00
   outer loop
     vertex  3.390192e+01  1.022722e+02  5.200000e+01
     vertex  3.393595e+01  1.021943e+02  5.200000e+01
     vertex  3.396564e+01  1.021146e+02  5.200000e+01
   endloop
 endfacet
 facet normal  0.000000e+00  0.000000e+00 -1.000000e+00
   outer loop
     vertex  3.390192e+01  1.022722e+02  5.200000e+01
     vertex  3.404365e+01  1.014860e+02  5.200000e+01
     vertex  3.395134e+01  1.010722e+02  5.200000e+01
   endloop
 endfacet
 facet normal  0.000000e+00  0.000000e+00 -1.000000e+00
   outer loop
     vertex  3.316731e+01  1.030119e+02  5.200000e+01
     vertex  3.284677e+01  1.031239e+02  5.200000e+01
     vertex  3.312869e+01  1.030297e+02  5.200000e+01
   endloop
 endfacet
 facet normal  0.000000e+00  0.000000e+00 -1.000000e+00
   outer loop
     vertex  3.320543e+01  1.029930e+02  5.200000e+01
     vertex  3.284677e+01  1.031239e+02  5.200000e+01
     vertex  3.316731e+01  1.030119e+02  5.200000e+01
   endloop
 endfacet
 facet normal  0.000000e+00  0.000000e+00 -1.000000e+00
   outer loop
     vertex  3.328003e+01  1.029522e+02  5.200000e+01
     vertex  3.320543e+01  1.029930e+02  5.200000e+01
     vertex  3.324301e+01  1.029731e+02  5.200000e+01
   endloop
 endfacet
 facet normal  0.000000e+00  0.000000e+00 -1.000000e+00
   outer loop
     vertex  3.382132e+01  1.024219e+02  5.200000e+01
     vertex  3.386368e+01  1.023482e+02  5.200000e+01
     vertex  3.388332e+01  1.023104e+02  5.200000e+01
   endloop
 endfacet
 facet normal  0.000000e+00  0.000000e+00 -1.000000e+00
   outer loop
     vertex  3.382132e+01  1.024219e+02  5.200000e+01
     vertex  3.384301e+01  1.023853e+02  5.200000e+01
     vertex  3.386368e+01  1.023482e+02  5.200000e+01
   endloop
 endfacet
 facet normal  0.000000e+00  0.000000e+00 -1.000000e+00
   outer loop
     vertex  3.379865e+01  1.024579e+02  5.200000e+01
     vertex  3.388332e+01  1.023104e+02  5.200000e+01
     vertex  3.390192e+01  1.022722e+02  5.200000e+01
   endloop
 endfacet
 facet normal  0.000000e+00  0.000000e+00 -1.000000e+00
   outer loop
     vertex  3.379865e+01  1.024579e+02  5.200000e+01
     vertex  3.382132e+01  1.024219e+02  5.200000e+01
     vertex  3.388332e+01  1.023104e+02  5.200000e+01
   endloop
 endfacet
 facet normal  0.000000e+00  0.000000e+00 -1.000000e+00
   outer loop
     vertex  3.335228e+01  1.029073e+02  5.200000e+01
     vertex  3.208918e+01  1.001185e+02  5.200000e+01
     vertex  3.196766e+01  1.001573e+02  5.200000e+01
   endloop
 endfacet
 facet normal  0.000000e+00  0.000000e+00 -1.000000e+00
   outer loop
     vertex  3.335228e+01  1.029073e+02  5.200000e+01
     vertex  3.217179e+01  1.000983e+02  5.200000e+01
     vertex  3.208918e+01  1.001185e+02  5.200000e+01
   endloop
 endfacet
 facet normal  0.000000e+00  0.000000e+00 -1.000000e+00
   outer loop
     vertex  3.335228e+01  1.029073e+02  5.200000e+01
     vertex  3.284677e+01  1.031239e+02  5.200000e+01
     vertex  3.320543e+01  1.029930e+02  5.200000e+01
   endloop
 endfacet
 facet normal  0.000000e+00  0.000000e+00 -1.000000e+00
   outer loop
     vertex  3.335228e+01  1.029073e+02  5.200000e+01
     vertex  3.328003e+01  1.029522e+02  5.200000e+01
     vertex  3.331646e+01  1.029302e+02  5.200000e+01
   endloop
 endfacet
 facet normal  0.000000e+00  0.000000e+00 -1.000000e+00
   outer loop
     vertex  3.335228e+01  1.029073e+02  5.200000e+01
     vertex  3.320543e+01  1.029930e+02  5.200000e+01
     vertex  3.328003e+01  1.029522e+02  5.200000e+01
   endloop
 endfacet
 facet normal  0.000000e+00  0.000000e+00 -1.000000e+00
   outer loop
     vertex  3.335228e+01  1.029073e+02  5.200000e+01
     vertex  3.255205e+01  1.000643e+02  5.200000e+01
     vertex  3.229746e+01  1.000765e+02  5.200000e+01
   endloop
 endfacet
 facet normal  0.000000e+00  0.000000e+00 -1.000000e+00
   outer loop
     vertex  3.335228e+01  1.029073e+02  5.200000e+01
     vertex  3.267924e+01  1.000739e+02  5.200000e+01
     vertex  3.255205e+01  1.000643e+02  5.200000e+01
   endloop
 endfacet
 facet normal  0.000000e+00  0.000000e+00 -1.000000e+00
   outer loop
     vertex  3.335228e+01  1.029073e+02  5.200000e+01
     vertex  3.296978e+01  1.001367e+02  5.200000e+01
     vertex  3.267924e+01  1.000739e+02  5.200000e+01
   endloop
 endfacet
 facet normal  0.000000e+00  0.000000e+00 -1.000000e+00
   outer loop
     vertex  3.335228e+01  1.029073e+02  5.200000e+01
     vertex  3.229746e+01  1.000765e+02  5.200000e+01
     vertex  3.217179e+01  1.000983e+02  5.200000e+01
   endloop
 endfacet
 facet normal -0.000000e+00  0.000000e+00 -1.000000e+00
   outer loop
     vertex  3.335228e+01  1.029073e+02  5.200000e+01
     vertex  3.196766e+01  1.001573e+02  5.200000e+01
     vertex  3.284677e+01  1.031239e+02  5.200000e+01
   endloop
 endfacet
 facet normal  0.000000e+00  0.000000e+00 -1.000000e+00
   outer loop
     vertex  3.377499e+01  1.024932e+02  5.200000e+01
     vertex  3.379865e+01  1.024579e+02  5.200000e+01
     vertex  3.390192e+01  1.022722e+02  5.200000e+01
   endloop
 endfacet
 facet normal  0.000000e+00  0.000000e+00 -1.000000e+00
   outer loop
     vertex  3.375037e+01  1.025279e+02  5.200000e+01
     vertex  3.377499e+01  1.024932e+02  5.200000e+01
     vertex  3.390192e+01  1.022722e+02  5.200000e+01
   endloop
 endfacet
 facet normal  0.000000e+00  0.000000e+00 -1.000000e+00
   outer loop
     vertex  3.372481e+01  1.025619e+02  5.200000e+01
     vertex  3.375037e+01  1.025279e+02  5.200000e+01
     vertex  3.390192e+01  1.022722e+02  5.200000e+01
   endloop
 endfacet
 facet normal  0.000000e+00  0.000000e+00 -1.000000e+00
   outer loop
     vertex  3.345578e+01  1.028328e+02  5.200000e+01
     vertex  3.338746e+01  1.028834e+02  5.200000e+01
     vertex  3.342197e+01  1.028586e+02  5.200000e+01
   endloop
 endfacet
 facet normal  0.000000e+00  0.000000e+00 -1.000000e+00
   outer loop
     vertex  3.369833e+01  1.025952e+02  5.200000e+01
     vertex  3.372481e+01  1.025619e+02  5.200000e+01
     vertex  3.390192e+01  1.022722e+02  5.200000e+01
   endloop
 endfacet
 facet normal  0.000000e+00  0.000000e+00 -1.000000e+00
   outer loop
     vertex  3.348887e+01  1.028061e+02  5.200000e+01
     vertex  3.335228e+01  1.029073e+02  5.200000e+01
     vertex  3.338746e+01  1.028834e+02  5.200000e+01
   endloop
 endfacet
 facet normal  0.000000e+00  0.000000e+00 -1.000000e+00
   outer loop
     vertex  3.348887e+01  1.028061e+02  5.200000e+01
     vertex  3.338746e+01  1.028834e+02  5.200000e+01
     vertex  3.345578e+01  1.028328e+02  5.200000e+01
   endloop
 endfacet
 facet normal  0.000000e+00  0.000000e+00 -1.000000e+00
   outer loop
     vertex  3.352122e+01  1.027785e+02  5.200000e+01
     vertex  3.335228e+01  1.029073e+02  5.200000e+01
     vertex  3.348887e+01  1.028061e+02  5.200000e+01
   endloop
 endfacet
 facet normal  0.000000e+00  0.000000e+00 -1.000000e+00
   outer loop
     vertex  3.364268e+01  1.026595e+02  5.200000e+01
     vertex  3.367094e+01  1.026277e+02  5.200000e+01
     vertex  3.369833e+01  1.025952e+02  5.200000e+01
   endloop
 endfacet
 facet normal  0.000000e+00  0.000000e+00 -1.000000e+00
   outer loop
     vertex  3.364268e+01  1.026595e+02  5.200000e+01
     vertex  3.369833e+01  1.025952e+02  5.200000e+01
     vertex  3.390192e+01  1.022722e+02  5.200000e+01
   endloop
 endfacet
 facet normal  0.000000e+00  0.000000e+00 -1.000000e+00
   outer loop
     vertex  3.355280e+01  1.027500e+02  5.200000e+01
     vertex  3.335228e+01  1.029073e+02  5.200000e+01
     vertex  3.352122e+01  1.027785e+02  5.200000e+01
   endloop
 endfacet
 facet normal  0.000000e+00  0.000000e+00 -1.000000e+00
   outer loop
     vertex  3.358358e+01  1.027206e+02  5.200000e+01
     vertex  3.308960e+01  1.001804e+02  5.200000e+01
     vertex  3.296978e+01  1.001367e+02  5.200000e+01
   endloop
 endfacet
 facet normal  0.000000e+00 -0.000000e+00 -1.000000e+00
   outer loop
     vertex  3.358358e+01  1.027206e+02  5.200000e+01
     vertex  3.395134e+01  1.010722e+02  5.200000e+01
     vertex  3.342197e+01  1.003682e+02  5.200000e+01
   endloop
 endfacet
 facet normal  0.000000e+00  0.000000e+00 -1.000000e+00
   outer loop
     vertex  3.358358e+01  1.027206e+02  5.200000e+01
     vertex  3.342197e+01  1.003682e+02  5.200000e+01
     vertex  3.308960e+01  1.001804e+02  5.200000e+01
   endloop
 endfacet
 facet normal  0.000000e+00  0.000000e+00 -1.000000e+00
   outer loop
     vertex  3.358358e+01  1.027206e+02  5.200000e+01
     vertex  3.361355e+01  1.026905e+02  5.200000e+01
     vertex  3.364268e+01  1.026595e+02  5.200000e+01
   endloop
 endfacet
 facet normal  0.000000e+00  0.000000e+00 -1.000000e+00
   outer loop
     vertex  3.358358e+01  1.027206e+02  5.200000e+01
     vertex  3.390192e+01  1.022722e+02  5.200000e+01
     vertex  3.395134e+01  1.010722e+02  5.200000e+01
   endloop
 endfacet
 facet normal -0.000000e+00  0.000000e+00 -1.000000e+00
   outer loop
     vertex  3.358358e+01  1.027206e+02  5.200000e+01
     vertex  3.296978e+01  1.001367e+02  5.200000e+01
     vertex  3.335228e+01  1.029073e+02  5.200000e+01
   endloop
 endfacet
 facet normal  0.000000e+00  0.000000e+00 -1.000000e+00
   outer loop
     vertex  3.358358e+01  1.027206e+02  5.200000e+01
     vertex  3.335228e+01  1.029073e+02  5.200000e+01
     vertex  3.355280e+01  1.027500e+02  5.200000e+01
   endloop
 endfacet
 facet normal  0.000000e+00  0.000000e+00 -1.000000e+00
   outer loop
     vertex  3.358358e+01  1.027206e+02  5.200000e+01
     vertex  3.364268e+01  1.026595e+02  5.200000e+01
     vertex  3.390192e+01  1.022722e+02  5.200000e+01
   endloop
 endfacet
 facet normal  0.000000e+00  0.000000e+00  1.000000e+00
   outer loop
     vertex  3.149266e+01  1.004344e+02  4.800000e+01
     vertex  3.142951e+01  1.004914e+02  4.800000e+01
     vertex  3.146069e+01  1.004625e+02  4.800000e+01
   endloop
 endfacet
 facet normal  0.000000e+00  0.000000e+00  1.000000e+00
   outer loop
     vertex  3.126009e+01  1.006818e+02  4.800000e+01
     vertex  3.128611e+01  1.006482e+02  4.800000e+01
     vertex  3.131305e+01  1.006153e+02  4.800000e+01
   endloop
 endfacet
 facet normal  0.000000e+00  0.000000e+00  1.000000e+00
   outer loop
     vertex  3.126009e+01  1.006818e+02  4.800000e+01
     vertex  3.131305e+01  1.006153e+02  4.800000e+01
     vertex  3.134088e+01  1.005831e+02  4.800000e+01
   endloop
 endfacet
 facet normal  0.000000e+00  0.000000e+00  1.000000e+00
   outer loop
     vertex  3.159300e+01  1.003557e+02  4.800000e+01
     vertex  3.152538e+01  1.004073e+02  4.800000e+01
     vertex  3.155884e+01  1.003810e+02  4.800000e+01
   endloop
 endfacet
 facet normal  0.000000e+00  0.000000e+00  1.000000e+00
   outer loop
     vertex  3.177351e+01  1.002436e+02  4.800000e+01
     vertex  3.169948e+01  1.002855e+02  4.800000e+01
     vertex  3.173621e+01  1.002640e+02  4.800000e+01
   endloop
 endfacet
 facet normal  0.000000e+00  0.000000e+00  1.000000e+00
   outer loop
     vertex  3.184974e+01  1.002059e+02  4.800000e+01
     vertex  3.177351e+01  1.002436e+02  4.800000e+01
     vertex  3.181137e+01  1.002242e+02  4.800000e+01
   endloop
 endfacet
 facet normal  0.000000e+00  0.000000e+00  1.000000e+00
   outer loop
     vertex  3.184974e+01  1.002059e+02  4.800000e+01
     vertex  3.169948e+01  1.002855e+02  4.800000e+01
     vertex  3.177351e+01  1.002436e+02  4.800000e+01
   endloop
 endfacet
 facet normal  0.000000e+00  0.000000e+00  1.000000e+00
   outer loop
     vertex  3.196766e+01  1.001573e+02  4.800000e+01
     vertex  3.166335e+01  1.003079e+02  4.800000e+01
     vertex  3.169948e+01  1.002855e+02  4.800000e+01
   endloop
 endfacet
 facet normal  0.000000e+00  0.000000e+00  1.000000e+00
   outer loop
     vertex  3.196766e+01  1.001573e+02  4.800000e+01
     vertex  3.184974e+01  1.002059e+02  4.800000e+01
     vertex  3.188859e+01  1.001886e+02  4.800000e+01
   endloop
 endfacet
 facet normal  0.000000e+00  0.000000e+00  1.000000e+00
   outer loop
     vertex  3.196766e+01  1.001573e+02  4.800000e+01
     vertex  3.188859e+01  1.001886e+02  4.800000e+01
     vertex  3.192791e+01  1.001724e+02  4.800000e+01
   endloop
 endfacet
 facet normal  0.000000e+00  0.000000e+00  1.000000e+00
   outer loop
     vertex  3.196766e+01  1.001573e+02  4.800000e+01
     vertex  3.169948e+01  1.002855e+02  4.800000e+01
     vertex  3.184974e+01  1.002059e+02  4.800000e+01
   endloop
 endfacet
 facet normal  0.000000e+00  0.000000e+00  1.000000e+00
   outer loop
     vertex  3.101278e+01  1.011730e+02  4.800000e+01
     vertex  3.102542e+01  1.011324e+02  4.800000e+01
     vertex  3.103917e+01  1.010922e+02  4.800000e+01
   endloop
 endfacet
 facet normal  0.000000e+00  0.000000e+00  1.000000e+00
   outer loop
     vertex  3.101278e+01  1.011730e+02  4.800000e+01
     vertex  3.103917e+01  1.010922e+02  4.800000e+01
     vertex  3.105402e+01  1.010523e+02  4.800000e+01
   endloop
 endfacet
 facet normal  0.000000e+00  0.000000e+00  1.000000e+00
   outer loop
     vertex  3.208918e+01  1.001185e+02  4.800000e+01
     vertex  3.196766e+01  1.001573e+02  4.800000e+01
     vertex  3.200781e+01  1.001433e+02  4.800000e+01
   endloop
 endfacet
 facet normal  0.000000e+00  0.000000e+00  1.000000e+00
   outer loop
     vertex  3.208918e+01  1.001185e+02  4.800000e+01
     vertex  3.200781e+01  1.001433e+02  4.800000e+01
     vertex  3.204832e+01  1.001303e+02  4.800000e+01
   endloop
 endfacet
 facet normal  0.000000e+00  0.000000e+00  1.000000e+00
   outer loop
     vertex  3.099086e+01  1.012552e+02  4.800000e+01
     vertex  3.100126e+01  1.012139e+02  4.800000e+01
     vertex  3.101278e+01  1.011730e+02  4.800000e+01
   endloop
 endfacet
 facet normal  0.000000e+00  0.000000e+00  1.000000e+00
   outer loop
     vertex  3.217179e+01  1.000983e+02  4.800000e+01
     vertex  3.208918e+01  1.001185e+02  4.800000e+01
     vertex  3.213034e+01  1.001079e+02  4.800000e+01
   endloop
 endfacet
 facet normal  0.000000e+00  0.000000e+00  1.000000e+00
   outer loop
     vertex  3.097348e+01  1.013384e+02  4.800000e+01
     vertex  3.098160e+01  1.012967e+02  4.800000e+01
     vertex  3.099086e+01  1.012552e+02  4.800000e+01
   endloop
 endfacet
 facet normal  0.000000e+00  0.000000e+00  1.000000e+00
   outer loop
     vertex  3.229746e+01  1.000765e+02  4.800000e+01
     vertex  3.217179e+01  1.000983e+02  4.800000e+01
     vertex  3.221347e+01  1.000899e+02  4.800000e+01
   endloop
 endfacet
 facet normal  0.000000e+00  0.000000e+00  1.000000e+00
   outer loop
     vertex  3.229746e+01  1.000765e+02  4.800000e+01
     vertex  3.221347e+01  1.000899e+02  4.800000e+01
     vertex  3.225538e+01  1.000826e+02  4.800000e+01
   endloop
 endfacet
 facet normal  0.000000e+00  0.000000e+00  1.000000e+00
   outer loop
     vertex  3.096070e+01  1.014225e+02  4.800000e+01
     vertex  3.096652e+01  1.013804e+02  4.800000e+01
     vertex  3.097348e+01  1.013384e+02  4.800000e+01
   endloop
 endfacet
 facet normal  0.000000e+00  0.000000e+00  1.000000e+00
   outer loop
     vertex  3.095255e+01  1.015072e+02  4.800000e+01
     vertex  3.095604e+01  1.014648e+02  4.800000e+01
     vertex  3.096070e+01  1.014225e+02  4.800000e+01
   endloop
 endfacet
 facet normal  0.000000e+00  0.000000e+00  1.000000e+00
   outer loop
     vertex  3.246701e+01  1.000637e+02  4.800000e+01
     vertex  3.238206e+01  1.000678e+02  4.800000e+01
     vertex  3.242450e+01  1.000652e+02  4.800000e+01
   endloop
 endfacet
 facet normal  0.000000e+00  0.000000e+00  1.000000e+00
   outer loop
     vertex  3.255205e+01  1.000643e+02  4.800000e+01
     vertex  3.238206e+01  1.000678e+02  4.800000e+01
     vertex  3.246701e+01  1.000637e+02  4.800000e+01
   endloop
 endfacet
 facet normal  0.000000e+00  0.000000e+00  1.000000e+00
   outer loop
     vertex  3.255205e+01  1.000643e+02  4.800000e+01
     vertex  3.229746e+01  1.000765e+02  4.800000e+01
     vertex  3.233970e+01  1.000716e+02  4.800000e+01
   endloop
 endfacet
 facet normal  0.000000e+00  0.000000e+00  1.000000e+00
   outer loop
     vertex  3.255205e+01  1.000643e+02  4.800000e+01
     vertex  3.233970e+01  1.000716e+02  4.800000e+01
     vertex  3.238206e+01  1.000678e+02  4.800000e+01
   endloop
 endfacet
 facet normal  0.000000e+00  0.000000e+00  1.000000e+00
   outer loop
     vertex  3.255205e+01  1.000643e+02  4.800000e+01
     vertex  3.246701e+01  1.000637e+02  4.800000e+01
     vertex  3.250953e+01  1.000634e+02  4.800000e+01
   endloop
 endfacet
 facet normal  0.000000e+00  0.000000e+00  1.000000e+00
   outer loop
     vertex  3.267924e+01  1.000739e+02  4.800000e+01
     vertex  3.255205e+01  1.000643e+02  4.800000e+01
     vertex  3.259453e+01  1.000664e+02  4.800000e+01
   endloop
 endfacet
 facet normal  0.000000e+00  0.000000e+00  1.000000e+00
   outer loop
     vertex  3.267924e+01  1.000739e+02  4.800000e+01
     vertex  3.259453e+01  1.000664e+02  4.800000e+01
     vertex  3.263693e+01  1.000696e+02  4.800000e+01
   endloop
 endfacet
 facet normal  0.000000e+00  0.000000e+00  1.000000e+00
   outer loop
     vertex  3.096070e+01  1.018043e+02  4.800000e+01
     vertex  3.095604e+01  1.017620e+02  4.800000e+01
     vertex  3.095255e+01  1.017196e+02  4.800000e+01
   endloop
 endfacet
 facet normal  0.000000e+00  0.000000e+00  1.000000e+00
   outer loop
     vertex  3.276340e+01  1.000861e+02  4.800000e+01
     vertex  3.267924e+01  1.000739e+02  4.800000e+01
     vertex  3.272140e+01  1.000795e+02  4.800000e+01
   endloop
 endfacet
 facet normal  0.000000e+00  0.000000e+00  1.000000e+00
   outer loop
     vertex  3.097348e+01  1.018884e+02  4.800000e+01
     vertex  3.096652e+01  1.018464e+02  4.800000e+01
     vertex  3.096070e+01  1.018043e+02  4.800000e+01
   endloop
 endfacet
 facet normal  0.000000e+00  0.000000e+00  1.000000e+00
   outer loop
     vertex  3.097348e+01  1.018884e+02  4.800000e+01
     vertex  3.096070e+01  1.018043e+02  4.800000e+01
     vertex  3.095255e+01  1.017196e+02  4.800000e+01
   endloop
 endfacet
 facet normal  0.000000e+00  0.000000e+00  1.000000e+00
   outer loop
     vertex  3.098160e+01  1.019301e+02  4.800000e+01
     vertex  3.101278e+01  1.011730e+02  4.800000e+01
     vertex  3.105402e+01  1.010523e+02  4.800000e+01
   endloop
 endfacet
 facet normal  0.000000e+00  0.000000e+00  1.000000e+00
   outer loop
     vertex  3.098160e+01  1.019301e+02  4.800000e+01
     vertex  3.099086e+01  1.012552e+02  4.800000e+01
     vertex  3.101278e+01  1.011730e+02  4.800000e+01
   endloop
 endfacet
 facet normal  0.000000e+00  0.000000e+00  1.000000e+00
   outer loop
     vertex  3.098160e+01  1.019301e+02  4.800000e+01
     vertex  3.095255e+01  1.017196e+02  4.800000e+01
     vertex  3.095021e+01  1.016772e+02  4.800000e+01
   endloop
 endfacet
 facet normal  0.000000e+00  0.000000e+00  1.000000e+00
   outer loop
     vertex  3.098160e+01  1.019301e+02  4.800000e+01
     vertex  3.095021e+01  1.016772e+02  4.800000e+01
     vertex  3.094905e+01  1.016347e+02  4.800000e+01
   endloop
 endfacet
 facet normal  0.000000e+00  0.000000e+00  1.000000e+00
   outer loop
     vertex  3.098160e+01  1.019301e+02  4.800000e+01
     vertex  3.094905e+01  1.016347e+02  4.800000e+01
     vertex  3.094905e+01  1.015921e+02  4.800000e+01
   endloop
 endfacet
 facet normal  0.000000e+00  0.000000e+00  1.000000e+00
   outer loop
     vertex  3.098160e+01  1.019301e+02  4.800000e+01
     vertex  3.094905e+01  1.015921e+02  4.800000e+01
     vertex  3.095021e+01  1.015496e+02  4.800000e+01
   endloop
 endfacet
 facet normal  0.000000e+00  0.000000e+00  1.000000e+00
   outer loop
     vertex  3.098160e+01  1.019301e+02  4.800000e+01
     vertex  3.097348e+01  1.013384e+02  4.800000e+01
     vertex  3.099086e+01  1.012552e+02  4.800000e+01
   endloop
 endfacet
 facet normal  0.000000e+00  0.000000e+00  1.000000e+00
   outer loop
     vertex  3.098160e+01  1.019301e+02  4.800000e+01
     vertex  3.095021e+01  1.015496e+02  4.800000e+01
     vertex  3.095255e+01  1.015072e+02  4.800000e+01
   endloop
 endfacet
 facet normal  0.000000e+00  0.000000e+00  1.000000e+00
   outer loop
     vertex  3.098160e+01  1.019301e+02  4.800000e+01
     vertex  3.095255e+01  1.015072e+02  4.800000e+01
     vertex  3.096070e+01  1.014225e+02  4.800000e+01
   endloop
 endfacet
 facet normal  0.000000e+00  0.000000e+00  1.000000e+00
   outer loop
     vertex  3.098160e+01  1.019301e+02  4.800000e+01
     vertex  3.096070e+01  1.014225e+02  4.800000e+01
     vertex  3.097348e+01  1.013384e+02  4.800000e+01
   endloop
 endfacet
 facet normal  0.000000e+00  0.000000e+00  1.000000e+00
   outer loop
     vertex  3.098160e+01  1.019301e+02  4.800000e+01
     vertex  3.097348e+01  1.018884e+02  4.800000e+01
     vertex  3.095255e+01  1.017196e+02  4.800000e+01
   endloop
 endfacet
 facet normal  0.000000e+00  0.000000e+00  1.000000e+00
   outer loop
     vertex  3.098160e+01  1.019301e+02  4.800000e+01
     vertex  3.105402e+01  1.010523e+02  4.800000e+01
     vertex  3.106996e+01  1.010129e+02  4.800000e+01
   endloop
 endfacet
 facet normal  0.000000e+00  0.000000e+00  1.000000e+00
   outer loop
     vertex  3.098160e+01  1.019301e+02  4.800000e+01
     vertex  3.106996e+01  1.010129e+02  4.800000e+01
     vertex  3.108697e+01  1.009739e+02  4.800000e+01
   endloop
 endfacet
 facet normal  0.000000e+00  0.000000e+00  1.000000e+00
   outer loop
     vertex  3.098160e+01  1.019301e+02  4.800000e+01
     vertex  3.108697e+01  1.009739e+02  4.800000e+01
     vertex  3.110505e+01  1.009354e+02  4.800000e+01
   endloop
 endfacet
 facet normal  0.000000e+00  0.000000e+00  1.000000e+00
   outer loop
     vertex  3.098160e+01  1.019301e+02  4.800000e+01
     vertex  3.110505e+01  1.009354e+02  4.800000e+01
     vertex  3.112417e+01  1.008974e+02  4.800000e+01
   endloop
 endfacet
 facet normal  0.000000e+00  0.000000e+00  1.000000e+00
   outer loop
     vertex  3.098160e+01  1.019301e+02  4.800000e+01
     vertex  3.112417e+01  1.008974e+02  4.800000e+01
     vertex  3.114433e+01  1.008600e+02  4.800000e+01
   endloop
 endfacet
 facet normal  0.000000e+00  0.000000e+00  1.000000e+00
   outer loop
     vertex  3.098160e+01  1.019301e+02  4.800000e+01
     vertex  3.114433e+01  1.008600e+02  4.800000e+01
     vertex  3.116551e+01  1.008231e+02  4.800000e+01
   endloop
 endfacet
 facet normal  0.000000e+00  0.000000e+00  1.000000e+00
   outer loop
     vertex  3.098160e+01  1.019301e+02  4.800000e+01
     vertex  3.116551e+01  1.008231e+02  4.800000e+01
     vertex  3.118769e+01  1.007868e+02  4.800000e+01
   endloop
 endfacet
 facet normal  0.000000e+00  0.000000e+00  1.000000e+00
   outer loop
     vertex  3.098160e+01  1.019301e+02  4.800000e+01
     vertex  3.118769e+01  1.007868e+02  4.800000e+01
     vertex  3.121086e+01  1.007512e+02  4.800000e+01
   endloop
 endfacet
 facet normal  0.000000e+00  0.000000e+00  1.000000e+00
   outer loop
     vertex  3.288808e+01  1.001131e+02  4.800000e+01
     vertex  3.276340e+01  1.000861e+02  4.800000e+01
     vertex  3.280520e+01  1.000940e+02  4.800000e+01
   endloop
 endfacet
 facet normal  0.000000e+00  0.000000e+00  1.000000e+00
   outer loop
     vertex  3.288808e+01  1.001131e+02  4.800000e+01
     vertex  3.280520e+01  1.000940e+02  4.800000e+01
     vertex  3.284677e+01  1.001029e+02  4.800000e+01
   endloop
 endfacet
 facet normal  0.000000e+00  0.000000e+00  1.000000e+00
   outer loop
     vertex  3.292909e+01  1.001243e+02  4.800000e+01
     vertex  3.267924e+01  1.000739e+02  4.800000e+01
     vertex  3.276340e+01  1.000861e+02  4.800000e+01
   endloop
 endfacet
 facet normal  0.000000e+00  0.000000e+00  1.000000e+00
   outer loop
     vertex  3.292909e+01  1.001243e+02  4.800000e+01
     vertex  3.276340e+01  1.000861e+02  4.800000e+01
     vertex  3.288808e+01  1.001131e+02  4.800000e+01
   endloop
 endfacet
 facet normal  0.000000e+00  0.000000e+00  1.000000e+00
   outer loop
     vertex  3.101278e+01  1.020538e+02  4.800000e+01
     vertex  3.100126e+01  1.020129e+02  4.800000e+01
     vertex  3.099086e+01  1.019716e+02  4.800000e+01
   endloop
 endfacet
 facet normal  0.000000e+00  0.000000e+00  1.000000e+00
   outer loop
     vertex  3.101278e+01  1.020538e+02  4.800000e+01
     vertex  3.099086e+01  1.019716e+02  4.800000e+01
     vertex  3.098160e+01  1.019301e+02  4.800000e+01
   endloop
 endfacet
 facet normal  0.000000e+00  0.000000e+00  1.000000e+00
   outer loop
     vertex  3.101278e+01  1.020538e+02  4.800000e+01
     vertex  3.121086e+01  1.007512e+02  4.800000e+01
     vertex  3.123500e+01  1.007161e+02  4.800000e+01
   endloop
 endfacet
 facet normal  0.000000e+00  0.000000e+00  1.000000e+00
   outer loop
     vertex  3.101278e+01  1.020538e+02  4.800000e+01
     vertex  3.123500e+01  1.007161e+02  4.800000e+01
     vertex  3.126009e+01  1.006818e+02  4.800000e+01
   endloop
 endfacet
 facet normal  0.000000e+00  0.000000e+00  1.000000e+00
   outer loop
     vertex  3.101278e+01  1.020538e+02  4.800000e+01
     vertex  3.134088e+01  1.005831e+02  4.800000e+01
     vertex  3.136958e+01  1.005517e+02  4.800000e+01
   endloop
 endfacet
 facet normal  0.000000e+00  0.000000e+00  1.000000e+00
   outer loop
     vertex  3.101278e+01  1.020538e+02  4.800000e+01
     vertex  3.136958e+01  1.005517e+02  4.800000e+01
     vertex  3.139913e+01  1.005211e+02  4.800000e+01
   endloop
 endfacet
 facet normal  0.000000e+00  0.000000e+00  1.000000e+00
   outer loop
     vertex  3.101278e+01  1.020538e+02  4.800000e+01
     vertex  3.098160e+01  1.019301e+02  4.800000e+01
     vertex  3.121086e+01  1.007512e+02  4.800000e+01
   endloop
 endfacet
 facet normal  0.000000e+00  0.000000e+00  1.000000e+00
   outer loop
     vertex  3.101278e+01  1.020538e+02  4.800000e+01
     vertex  3.139913e+01  1.005211e+02  4.800000e+01
     vertex  3.142951e+01  1.004914e+02  4.800000e+01
   endloop
 endfacet
 facet normal  0.000000e+00  0.000000e+00  1.000000e+00
   outer loop
     vertex  3.101278e+01  1.020538e+02  4.800000e+01
     vertex  3.142951e+01  1.004914e+02  4.800000e+01
     vertex  3.149266e+01  1.004344e+02  4.800000e+01
   endloop
 endfacet
 facet normal  0.000000e+00  0.000000e+00  1.000000e+00
   outer loop
     vertex  3.101278e+01  1.020538e+02  4.800000e+01
     vertex  3.149266e+01  1.004344e+02  4.800000e+01
     vertex  3.152538e+01  1.004073e+02  4.800000e+01
   endloop
 endfacet
 facet normal  0.000000e+00  0.000000e+00  1.000000e+00
   outer loop
     vertex  3.101278e+01  1.020538e+02  4.800000e+01
     vertex  3.159300e+01  1.003557e+02  4.800000e+01
     vertex  3.162785e+01  1.003313e+02  4.800000e+01
   endloop
 endfacet
 facet normal  0.000000e+00  0.000000e+00  1.000000e+00
   outer loop
     vertex  3.101278e+01  1.020538e+02  4.800000e+01
     vertex  3.162785e+01  1.003313e+02  4.800000e+01
     vertex  3.166335e+01  1.003079e+02  4.800000e+01
   endloop
 endfacet
 facet normal  0.000000e+00  0.000000e+00  1.000000e+00
   outer loop
     vertex  3.101278e+01  1.020538e+02  4.800000e+01
     vertex  3.126009e+01  1.006818e+02  4.800000e+01
     vertex  3.134088e+01  1.005831e+02  4.800000e+01
   endloop
 endfacet
 facet normal  0.000000e+00  0.000000e+00  1.000000e+00
   outer loop
     vertex  3.101278e+01  1.020538e+02  4.800000e+01
     vertex  3.152538e+01  1.004073e+02  4.800000e+01
     vertex  3.159300e+01  1.003557e+02  4.800000e+01
   endloop
 endfacet
 facet normal  0.000000e+00  0.000000e+00  1.000000e+00
   outer loop
     vertex  3.296978e+01  1.001367e+02  4.800000e+01
     vertex  3.267924e+01  1.000739e+02  4.800000e+01
     vertex  3.292909e+01  1.001243e+02  4.800000e+01
   endloop
 endfacet
 facet normal  0.000000e+00  0.000000e+00  1.000000e+00
   outer loop
     vertex  3.103917e+01  1.021346e+02  4.800000e+01
     vertex  3.102542e+01  1.020944e+02  4.800000e+01
     vertex  3.101278e+01  1.020538e+02  4.800000e+01
   endloop
 endfacet
 facet normal  0.000000e+00  0.000000e+00  1.000000e+00
   outer loop
     vertex  3.308960e+01  1.001804e+02  4.800000e+01
     vertex  3.296978e+01  1.001367e+02  4.800000e+01
     vertex  3.301012e+01  1.001501e+02  4.800000e+01
   endloop
 endfacet
 facet normal  0.000000e+00  0.000000e+00  1.000000e+00
   outer loop
     vertex  3.308960e+01  1.001804e+02  4.800000e+01
     vertex  3.301012e+01  1.001501e+02  4.800000e+01
     vertex  3.305007e+01  1.001647e+02  4.800000e+01
   endloop
 endfacet
 facet normal  0.000000e+00  0.000000e+00  1.000000e+00
   outer loop
     vertex  3.106996e+01  1.022139e+02  4.800000e+01
     vertex  3.105402e+01  1.021745e+02  4.800000e+01
     vertex  3.103917e+01  1.021346e+02  4.800000e+01
   endloop
 endfacet
 facet normal  0.000000e+00  0.000000e+00  1.000000e+00
   outer loop
     vertex  3.110505e+01  1.022914e+02  4.800000e+01
     vertex  3.106996e+01  1.022139e+02  4.800000e+01
     vertex  3.103917e+01  1.021346e+02  4.800000e+01
   endloop
 endfacet
 facet normal  0.000000e+00  0.000000e+00  1.000000e+00
   outer loop
     vertex  3.110505e+01  1.022914e+02  4.800000e+01
     vertex  3.108697e+01  1.022529e+02  4.800000e+01
     vertex  3.106996e+01  1.022139e+02  4.800000e+01
   endloop
 endfacet
 facet normal  0.000000e+00  0.000000e+00  1.000000e+00
   outer loop
     vertex  3.114433e+01  1.023668e+02  4.800000e+01
     vertex  3.112417e+01  1.023294e+02  4.800000e+01
     vertex  3.110505e+01  1.022914e+02  4.800000e+01
   endloop
 endfacet
 facet normal  0.000000e+00  0.000000e+00  1.000000e+00
   outer loop
     vertex  3.328003e+01  1.002746e+02  4.800000e+01
     vertex  3.308960e+01  1.001804e+02  4.800000e+01
     vertex  3.312869e+01  1.001971e+02  4.800000e+01
   endloop
 endfacet
 facet normal  0.000000e+00  0.000000e+00  1.000000e+00
   outer loop
     vertex  3.328003e+01  1.002746e+02  4.800000e+01
     vertex  3.312869e+01  1.001971e+02  4.800000e+01
     vertex  3.316731e+01  1.002149e+02  4.800000e+01
   endloop
 endfacet
 facet normal  0.000000e+00  0.000000e+00  1.000000e+00
   outer loop
     vertex  3.328003e+01  1.002746e+02  4.800000e+01
     vertex  3.316731e+01  1.002149e+02  4.800000e+01
     vertex  3.320543e+01  1.002338e+02  4.800000e+01
   endloop
 endfacet
 facet normal  0.000000e+00  0.000000e+00  1.000000e+00
   outer loop
     vertex  3.328003e+01  1.002746e+02  4.800000e+01
     vertex  3.320543e+01  1.002338e+02  4.800000e+01
     vertex  3.324301e+01  1.002537e+02  4.800000e+01
   endloop
 endfacet
 facet normal  0.000000e+00  0.000000e+00  1.000000e+00
   outer loop
     vertex  3.116551e+01  1.024037e+02  4.800000e+01
     vertex  3.114433e+01  1.023668e+02  4.800000e+01
     vertex  3.110505e+01  1.022914e+02  4.800000e+01
   endloop
 endfacet
 facet normal  0.000000e+00  0.000000e+00  1.000000e+00
   outer loop
     vertex  3.121086e+01  1.024756e+02  4.800000e+01
     vertex  3.118769e+01  1.024400e+02  4.800000e+01
     vertex  3.116551e+01  1.024037e+02  4.800000e+01
   endloop
 endfacet
 facet normal  0.000000e+00  0.000000e+00  1.000000e+00
   outer loop
     vertex  3.338746e+01  1.003434e+02  4.800000e+01
     vertex  3.331646e+01  1.002966e+02  4.800000e+01
     vertex  3.335228e+01  1.003195e+02  4.800000e+01
   endloop
 endfacet
 facet normal  0.000000e+00  0.000000e+00  1.000000e+00
   outer loop
     vertex  3.342197e+01  1.003682e+02  4.800000e+01
     vertex  3.331646e+01  1.002966e+02  4.800000e+01
     vertex  3.338746e+01  1.003434e+02  4.800000e+01
   endloop
 endfacet
 facet normal  0.000000e+00  0.000000e+00  1.000000e+00
   outer loop
     vertex  3.342197e+01  1.003682e+02  4.800000e+01
     vertex  3.328003e+01  1.002746e+02  4.800000e+01
     vertex  3.331646e+01  1.002966e+02  4.800000e+01
   endloop
 endfacet
 facet normal  0.000000e+00  0.000000e+00  1.000000e+00
   outer loop
     vertex  3.342197e+01  1.003682e+02  4.800000e+01
     vertex  3.308960e+01  1.001804e+02  4.800000e+01
     vertex  3.328003e+01  1.002746e+02  4.800000e+01
   endloop
 endfacet
 facet normal  0.000000e+00  0.000000e+00  1.000000e+00
   outer loop
     vertex  3.128611e+01  1.025786e+02  4.800000e+01
     vertex  3.126009e+01  1.025450e+02  4.800000e+01
     vertex  3.123500e+01  1.025107e+02  4.800000e+01
   endloop
 endfacet
 facet normal  0.000000e+00  0.000000e+00  1.000000e+00
   outer loop
     vertex  3.128611e+01  1.025786e+02  4.800000e+01
     vertex  3.123500e+01  1.025107e+02  4.800000e+01
     vertex  3.121086e+01  1.024756e+02  4.800000e+01
   endloop
 endfacet
 facet normal  0.000000e+00  0.000000e+00  1.000000e+00
   outer loop
     vertex  3.131305e+01  1.026115e+02  4.800000e+01
     vertex  3.110505e+01  1.022914e+02  4.800000e+01
     vertex  3.103917e+01  1.021346e+02  4.800000e+01
   endloop
 endfacet
 facet normal  0.000000e+00  0.000000e+00  1.000000e+00
   outer loop
     vertex  3.131305e+01  1.026115e+02  4.800000e+01
     vertex  3.128611e+01  1.025786e+02  4.800000e+01
     vertex  3.121086e+01  1.024756e+02  4.800000e+01
   endloop
 endfacet
 facet normal  0.000000e+00  0.000000e+00  1.000000e+00
   outer loop
     vertex  3.131305e+01  1.026115e+02  4.800000e+01
     vertex  3.121086e+01  1.024756e+02  4.800000e+01
     vertex  3.116551e+01  1.024037e+02  4.800000e+01
   endloop
 endfacet
 facet normal  0.000000e+00  0.000000e+00  1.000000e+00
   outer loop
     vertex  3.131305e+01  1.026115e+02  4.800000e+01
     vertex  3.116551e+01  1.024037e+02  4.800000e+01
     vertex  3.110505e+01  1.022914e+02  4.800000e+01
   endloop
 endfacet
 facet normal  0.000000e+00  0.000000e+00  1.000000e+00
   outer loop
     vertex  3.355280e+01  1.004768e+02  4.800000e+01
     vertex  3.342197e+01  1.003682e+02  4.800000e+01
     vertex  3.345578e+01  1.003940e+02  4.800000e+01
   endloop
 endfacet
 facet normal  0.000000e+00  0.000000e+00  1.000000e+00
   outer loop
     vertex  3.355280e+01  1.004768e+02  4.800000e+01
     vertex  3.345578e+01  1.003940e+02  4.800000e+01
     vertex  3.348887e+01  1.004207e+02  4.800000e+01
   endloop
 endfacet
 facet normal  0.000000e+00  0.000000e+00  1.000000e+00
   outer loop
     vertex  3.355280e+01  1.004768e+02  4.800000e+01
     vertex  3.348887e+01  1.004207e+02  4.800000e+01
     vertex  3.352122e+01  1.004483e+02  4.800000e+01
   endloop
 endfacet
 facet normal  0.000000e+00  0.000000e+00  1.000000e+00
   outer loop
     vertex  3.136958e+01  1.026751e+02  4.800000e+01
     vertex  3.134088e+01  1.026437e+02  4.800000e+01
     vertex  3.131305e+01  1.026115e+02  4.800000e+01
   endloop
 endfacet
 facet normal  0.000000e+00  0.000000e+00  1.000000e+00
   outer loop
     vertex  3.358358e+01  1.005062e+02  4.800000e+01
     vertex  3.342197e+01  1.003682e+02  4.800000e+01
     vertex  3.355280e+01  1.004768e+02  4.800000e+01
   endloop
 endfacet
 facet normal  0.000000e+00  0.000000e+00  1.000000e+00
   outer loop
     vertex  3.361355e+01  1.005363e+02  4.800000e+01
     vertex  3.342197e+01  1.003682e+02  4.800000e+01
     vertex  3.358358e+01  1.005062e+02  4.800000e+01
   endloop
 endfacet
 facet normal  0.000000e+00  0.000000e+00  1.000000e+00
   outer loop
     vertex  3.142951e+01  1.027354e+02  4.800000e+01
     vertex  3.136958e+01  1.026751e+02  4.800000e+01
     vertex  3.131305e+01  1.026115e+02  4.800000e+01
   endloop
 endfacet
 facet normal  0.000000e+00  0.000000e+00  1.000000e+00
   outer loop
     vertex  3.142951e+01  1.027354e+02  4.800000e+01
     vertex  3.139913e+01  1.027057e+02  4.800000e+01
     vertex  3.136958e+01  1.026751e+02  4.800000e+01
   endloop
 endfacet
 facet normal  0.000000e+00  0.000000e+00  1.000000e+00
   outer loop
     vertex  3.146069e+01  1.027643e+02  4.800000e+01
     vertex  3.142951e+01  1.027354e+02  4.800000e+01
     vertex  3.131305e+01  1.026115e+02  4.800000e+01
   endloop
 endfacet
 facet normal  0.000000e+00  0.000000e+00  1.000000e+00
   outer loop
     vertex  3.367094e+01  1.005991e+02  4.800000e+01
     vertex  3.361355e+01  1.005363e+02  4.800000e+01
     vertex  3.364268e+01  1.005673e+02  4.800000e+01
   endloop
 endfacet
 facet normal  0.000000e+00  0.000000e+00  1.000000e+00
   outer loop
     vertex  3.149266e+01  1.027924e+02  4.800000e+01
     vertex  3.146069e+01  1.027643e+02  4.800000e+01
     vertex  3.131305e+01  1.026115e+02  4.800000e+01
   endloop
 endfacet
 facet normal  0.000000e+00  0.000000e+00  1.000000e+00
   outer loop
     vertex  3.369833e+01  1.006316e+02  4.800000e+01
     vertex  3.361355e+01  1.005363e+02  4.800000e+01
     vertex  3.367094e+01  1.005991e+02  4.800000e+01
   endloop
 endfacet
 facet normal  0.000000e+00  0.000000e+00  1.000000e+00
   outer loop
     vertex  3.152538e+01  1.028195e+02  4.800000e+01
     vertex  3.149266e+01  1.027924e+02  4.800000e+01
     vertex  3.131305e+01  1.026115e+02  4.800000e+01
   endloop
 endfacet
 facet normal  0.000000e+00  0.000000e+00  1.000000e+00
   outer loop
     vertex  3.372481e+01  1.006649e+02  4.800000e+01
     vertex  3.342197e+01  1.003682e+02  4.800000e+01
     vertex  3.361355e+01  1.005363e+02  4.800000e+01
   endloop
 endfacet
 facet normal  0.000000e+00  0.000000e+00  1.000000e+00
   outer loop
     vertex  3.372481e+01  1.006649e+02  4.800000e+01
     vertex  3.361355e+01  1.005363e+02  4.800000e+01
     vertex  3.369833e+01  1.006316e+02  4.800000e+01
   endloop
 endfacet
 facet normal  0.000000e+00  0.000000e+00  1.000000e+00
   outer loop
     vertex  3.377499e+01  1.007336e+02  4.800000e+01
     vertex  3.372481e+01  1.006649e+02  4.800000e+01
     vertex  3.375037e+01  1.006989e+02  4.800000e+01
   endloop
 endfacet
 facet normal  0.000000e+00  0.000000e+00  1.000000e+00
   outer loop
     vertex  3.377499e+01  1.007336e+02  4.800000e+01
     vertex  3.342197e+01  1.003682e+02  4.800000e+01
     vertex  3.372481e+01  1.006649e+02  4.800000e+01
   endloop
 endfacet
 facet normal  0.000000e+00  0.000000e+00  1.000000e+00
   outer loop
     vertex  3.379865e+01  1.007689e+02  4.800000e+01
     vertex  3.342197e+01  1.003682e+02  4.800000e+01
     vertex  3.377499e+01  1.007336e+02  4.800000e+01
   endloop
 endfacet
 facet normal  0.000000e+00  0.000000e+00  1.000000e+00
   outer loop
     vertex  3.166335e+01  1.029189e+02  4.800000e+01
     vertex  3.162785e+01  1.028955e+02  4.800000e+01
     vertex  3.159300e+01  1.028711e+02  4.800000e+01
   endloop
 endfacet
 facet normal  0.000000e+00  0.000000e+00  1.000000e+00
   outer loop
     vertex  3.166335e+01  1.029189e+02  4.800000e+01
     vertex  3.159300e+01  1.028711e+02  4.800000e+01
     vertex  3.155884e+01  1.028458e+02  4.800000e+01
   endloop
 endfacet
 facet normal  0.000000e+00  0.000000e+00  1.000000e+00
   outer loop
     vertex  3.169948e+01  1.029413e+02  4.800000e+01
     vertex  3.155884e+01  1.028458e+02  4.800000e+01
     vertex  3.152538e+01  1.028195e+02  4.800000e+01
   endloop
 endfacet
 facet normal  0.000000e+00  0.000000e+00  1.000000e+00
   outer loop
     vertex  3.169948e+01  1.029413e+02  4.800000e+01
     vertex  3.166335e+01  1.029189e+02  4.800000e+01
     vertex  3.155884e+01  1.028458e+02  4.800000e+01
   endloop
 endfacet
 facet normal  0.000000e+00  0.000000e+00  1.000000e+00
   outer loop
     vertex  3.386368e+01  1.008786e+02  4.800000e+01
     vertex  3.382132e+01  1.008049e+02  4.800000e+01
     vertex  3.384301e+01  1.008415e+02  4.800000e+01
   endloop
 endfacet
 facet normal  0.000000e+00  0.000000e+00  1.000000e+00
   outer loop
     vertex  3.177351e+01  1.029832e+02  4.800000e+01
     vertex  3.173621e+01  1.029628e+02  4.800000e+01
     vertex  3.169948e+01  1.029413e+02  4.800000e+01
   endloop
 endfacet
 facet normal  0.000000e+00  0.000000e+00  1.000000e+00
   outer loop
     vertex  3.390192e+01  1.009546e+02  4.800000e+01
     vertex  3.386368e+01  1.008786e+02  4.800000e+01
     vertex  3.388332e+01  1.009164e+02  4.800000e+01
   endloop
 endfacet
 facet normal  0.000000e+00  0.000000e+00  1.000000e+00
   outer loop
     vertex  3.390192e+01  1.009546e+02  4.800000e+01
     vertex  3.382132e+01  1.008049e+02  4.800000e+01
     vertex  3.386368e+01  1.008786e+02  4.800000e+01
   endloop
 endfacet
 facet normal  0.000000e+00  0.000000e+00  1.000000e+00
   outer loop
     vertex  3.184974e+01  1.030209e+02  4.800000e+01
     vertex  3.181137e+01  1.030026e+02  4.800000e+01
     vertex  3.177351e+01  1.029832e+02  4.800000e+01
   endloop
 endfacet
 facet normal  0.000000e+00  0.000000e+00  1.000000e+00
   outer loop
     vertex  3.391947e+01  1.009933e+02  4.800000e+01
     vertex  3.379865e+01  1.007689e+02  4.800000e+01
     vertex  3.382132e+01  1.008049e+02  4.800000e+01
   endloop
 endfacet
 facet normal  0.000000e+00  0.000000e+00  1.000000e+00
   outer loop
     vertex  3.391947e+01  1.009933e+02  4.800000e+01
     vertex  3.382132e+01  1.008049e+02  4.800000e+01
     vertex  3.390192e+01  1.009546e+02  4.800000e+01
   endloop
 endfacet
 facet normal  0.000000e+00  0.000000e+00  1.000000e+00
   outer loop
     vertex  3.393595e+01  1.010325e+02  4.800000e+01
     vertex  3.379865e+01  1.007689e+02  4.800000e+01
     vertex  3.391947e+01  1.009933e+02  4.800000e+01
   endloop
 endfacet
 facet normal  0.000000e+00  0.000000e+00  1.000000e+00
   outer loop
     vertex  3.192791e+01  1.030544e+02  4.800000e+01
     vertex  3.177351e+01  1.029832e+02  4.800000e+01
     vertex  3.169948e+01  1.029413e+02  4.800000e+01
   endloop
 endfacet
 facet normal  0.000000e+00  0.000000e+00  1.000000e+00
   outer loop
     vertex  3.192791e+01  1.030544e+02  4.800000e+01
     vertex  3.188859e+01  1.030382e+02  4.800000e+01
     vertex  3.184974e+01  1.030209e+02  4.800000e+01
   endloop
 endfacet
 facet normal  0.000000e+00  0.000000e+00  1.000000e+00
   outer loop
     vertex  3.192791e+01  1.030544e+02  4.800000e+01
     vertex  3.184974e+01  1.030209e+02  4.800000e+01
     vertex  3.177351e+01  1.029832e+02  4.800000e+01
   endloop
 endfacet
 facet normal  0.000000e+00  0.000000e+00  1.000000e+00
   outer loop
     vertex  3.395134e+01  1.010722e+02  4.800000e+01
     vertex  3.379865e+01  1.007689e+02  4.800000e+01
     vertex  3.393595e+01  1.010325e+02  4.800000e+01
   endloop
 endfacet
 facet normal  0.000000e+00  0.000000e+00  1.000000e+00
   outer loop
     vertex  3.395134e+01  1.010722e+02  4.800000e+01
     vertex  3.342197e+01  1.003682e+02  4.800000e+01
     vertex  3.379865e+01  1.007689e+02  4.800000e+01
   endloop
 endfacet
 facet normal  0.000000e+00  0.000000e+00  1.000000e+00
   outer loop
     vertex  3.196766e+01  1.030695e+02  4.800000e+01
     vertex  3.169948e+01  1.029413e+02  4.800000e+01
     vertex  3.152538e+01  1.028195e+02  4.800000e+01
   endloop
 endfacet
 facet normal  0.000000e+00  0.000000e+00  1.000000e+00
   outer loop
     vertex  3.196766e+01  1.030695e+02  4.800000e+01
     vertex  3.131305e+01  1.026115e+02  4.800000e+01
     vertex  3.103917e+01  1.021346e+02  4.800000e+01
   endloop
 endfacet
 facet normal  0.000000e+00  0.000000e+00  1.000000e+00
   outer loop
     vertex  3.196766e+01  1.030695e+02  4.800000e+01
     vertex  3.152538e+01  1.028195e+02  4.800000e+01
     vertex  3.131305e+01  1.026115e+02  4.800000e+01
   endloop
 endfacet
 facet normal  0.000000e+00  0.000000e+00  1.000000e+00
   outer loop
     vertex  3.196766e+01  1.030695e+02  4.800000e+01
     vertex  3.192791e+01  1.030544e+02  4.800000e+01
     vertex  3.169948e+01  1.029413e+02  4.800000e+01
   endloop
 endfacet
 facet normal  0.000000e+00  0.000000e+00  1.000000e+00
   outer loop
     vertex  3.196766e+01  1.030695e+02  4.800000e+01
     vertex  3.103917e+01  1.021346e+02  4.800000e+01
     vertex  3.101278e+01  1.020538e+02  4.800000e+01
   endloop
 endfacet
 facet normal  0.000000e+00  0.000000e+00  1.000000e+00
   outer loop
     vertex  3.399092e+01  1.011934e+02  4.800000e+01
     vertex  3.396564e+01  1.011122e+02  4.800000e+01
     vertex  3.397884e+01  1.011527e+02  4.800000e+01
   endloop
 endfacet
 facet normal  0.000000e+00  0.000000e+00  1.000000e+00
   outer loop
     vertex  3.208918e+01  1.031083e+02  4.800000e+01
     vertex  3.204832e+01  1.030965e+02  4.800000e+01
     vertex  3.200781e+01  1.030835e+02  4.800000e+01
   endloop
 endfacet
 facet normal  0.000000e+00  0.000000e+00  1.000000e+00
   outer loop
     vertex  3.400188e+01  1.012345e+02  4.800000e+01
     vertex  3.395134e+01  1.010722e+02  4.800000e+01
     vertex  3.396564e+01  1.011122e+02  4.800000e+01
   endloop
 endfacet
 facet normal  0.000000e+00  0.000000e+00  1.000000e+00
   outer loop
     vertex  3.400188e+01  1.012345e+02  4.800000e+01
     vertex  3.396564e+01  1.011122e+02  4.800000e+01
     vertex  3.399092e+01  1.011934e+02  4.800000e+01
   endloop
 endfacet
 facet normal  0.000000e+00  0.000000e+00  1.000000e+00
   outer loop
     vertex  3.213034e+01  1.031189e+02  4.800000e+01
     vertex  3.208918e+01  1.031083e+02  4.800000e+01
     vertex  3.200781e+01  1.030835e+02  4.800000e+01
   endloop
 endfacet
 facet normal  0.000000e+00  0.000000e+00  1.000000e+00
   outer loop
     vertex  3.401171e+01  1.012759e+02  4.800000e+01
     vertex  3.395134e+01  1.010722e+02  4.800000e+01
     vertex  3.400188e+01  1.012345e+02  4.800000e+01
   endloop
 endfacet
 facet normal  0.000000e+00  0.000000e+00  1.000000e+00
   outer loop
     vertex  3.217179e+01  1.031285e+02  4.800000e+01
     vertex  3.196766e+01  1.030695e+02  4.800000e+01
     vertex  3.101278e+01  1.020538e+02  4.800000e+01
   endloop
 endfacet
 facet normal  0.000000e+00  0.000000e+00  1.000000e+00
   outer loop
     vertex  3.217179e+01  1.031285e+02  4.800000e+01
     vertex  3.213034e+01  1.031189e+02  4.800000e+01
     vertex  3.200781e+01  1.030835e+02  4.800000e+01
   endloop
 endfacet
 facet normal  0.000000e+00  0.000000e+00  1.000000e+00
   outer loop
     vertex  3.217179e+01  1.031285e+02  4.800000e+01
     vertex  3.200781e+01  1.030835e+02  4.800000e+01
     vertex  3.196766e+01  1.030695e+02  4.800000e+01
   endloop
 endfacet
 facet normal  0.000000e+00  0.000000e+00  1.000000e+00
   outer loop
     vertex  3.402794e+01  1.013594e+02  4.800000e+01
     vertex  3.395134e+01  1.010722e+02  4.800000e+01
     vertex  3.401171e+01  1.012759e+02  4.800000e+01
   endloop
 endfacet
 facet normal  0.000000e+00  0.000000e+00  1.000000e+00
   outer loop
     vertex  3.402794e+01  1.013594e+02  4.800000e+01
     vertex  3.401171e+01  1.012759e+02  4.800000e+01
     vertex  3.402040e+01  1.013175e+02  4.800000e+01
   endloop
 endfacet
 facet normal  0.000000e+00  0.000000e+00  1.000000e+00
   outer loop
     vertex  3.225538e+01  1.031442e+02  4.800000e+01
     vertex  3.221347e+01  1.031369e+02  4.800000e+01
     vertex  3.217179e+01  1.031285e+02  4.800000e+01
   endloop
 endfacet
 facet normal  0.000000e+00  0.000000e+00  1.000000e+00
   outer loop
     vertex  3.403434e+01  1.014014e+02  4.800000e+01
     vertex  3.395134e+01  1.010722e+02  4.800000e+01
     vertex  3.402794e+01  1.013594e+02  4.800000e+01
   endloop
 endfacet
 facet normal  0.000000e+00  0.000000e+00  1.000000e+00
   outer loop
     vertex  3.229746e+01  1.031503e+02  4.800000e+01
     vertex  3.225538e+01  1.031442e+02  4.800000e+01
     vertex  3.217179e+01  1.031285e+02  4.800000e+01
   endloop
 endfacet
 facet normal  0.000000e+00  0.000000e+00  1.000000e+00
   outer loop
     vertex  3.233970e+01  1.031552e+02  4.800000e+01
     vertex  3.229746e+01  1.031503e+02  4.800000e+01
     vertex  3.217179e+01  1.031285e+02  4.800000e+01
   endloop
 endfacet
 facet normal  0.000000e+00  0.000000e+00  1.000000e+00
   outer loop
     vertex  3.404365e+01  1.014860e+02  4.800000e+01
     vertex  3.395134e+01  1.010722e+02  4.800000e+01
     vertex  3.403434e+01  1.014014e+02  4.800000e+01
   endloop
 endfacet
 facet normal  0.000000e+00  0.000000e+00  1.000000e+00
   outer loop
     vertex  3.404365e+01  1.014860e+02  4.800000e+01
     vertex  3.403434e+01  1.014014e+02  4.800000e+01
     vertex  3.403957e+01  1.014436e+02  4.800000e+01
   endloop
 endfacet
 facet normal  0.000000e+00  0.000000e+00  1.000000e+00
   outer loop
     vertex  3.242450e+01  1.031616e+02  4.800000e+01
     vertex  3.233970e+01  1.031552e+02  4.800000e+01
     vertex  3.217179e+01  1.031285e+02  4.800000e+01
   endloop
 endfacet
 facet normal  0.000000e+00  0.000000e+00  1.000000e+00
   outer loop
     vertex  3.242450e+01  1.031616e+02  4.800000e+01
     vertex  3.238206e+01  1.031590e+02  4.800000e+01
     vertex  3.233970e+01  1.031552e+02  4.800000e+01
   endloop
 endfacet
 facet normal  0.000000e+00  0.000000e+00  1.000000e+00
   outer loop
     vertex  3.404832e+01  1.015709e+02  4.800000e+01
     vertex  3.404365e+01  1.014860e+02  4.800000e+01
     vertex  3.404657e+01  1.015284e+02  4.800000e+01
   endloop
 endfacet
 facet normal  0.000000e+00  0.000000e+00  1.000000e+00
   outer loop
     vertex  3.250953e+01  1.031634e+02  4.800000e+01
     vertex  3.246701e+01  1.031631e+02  4.800000e+01
     vertex  3.242450e+01  1.031616e+02  4.800000e+01
   endloop
 endfacet
 facet normal  0.000000e+00  0.000000e+00  1.000000e+00
   outer loop
     vertex  3.404832e+01  1.016559e+02  4.800000e+01
     vertex  3.404832e+01  1.015709e+02  4.800000e+01
     vertex  3.404890e+01  1.016134e+02  4.800000e+01
   endloop
 endfacet
 facet normal  0.000000e+00  0.000000e+00  1.000000e+00
   outer loop
     vertex  3.404657e+01  1.016984e+02  4.800000e+01
     vertex  3.404832e+01  1.015709e+02  4.800000e+01
     vertex  3.404832e+01  1.016559e+02  4.800000e+01
   endloop
 endfacet
 facet normal  0.000000e+00  0.000000e+00  1.000000e+00
   outer loop
     vertex  3.259453e+01  1.031604e+02  4.800000e+01
     vertex  3.255205e+01  1.031625e+02  4.800000e+01
     vertex  3.250953e+01  1.031634e+02  4.800000e+01
   endloop
 endfacet
 facet normal  0.000000e+00  0.000000e+00  1.000000e+00
   outer loop
     vertex  3.263693e+01  1.031572e+02  4.800000e+01
     vertex  3.250953e+01  1.031634e+02  4.800000e+01
     vertex  3.242450e+01  1.031616e+02  4.800000e+01
   endloop
 endfacet
 facet normal  0.000000e+00  0.000000e+00  1.000000e+00
   outer loop
     vertex  3.263693e+01  1.031572e+02  4.800000e+01
     vertex  3.259453e+01  1.031604e+02  4.800000e+01
     vertex  3.250953e+01  1.031634e+02  4.800000e+01
   endloop
 endfacet
 facet normal  0.000000e+00  0.000000e+00  1.000000e+00
   outer loop
     vertex  3.403957e+01  1.017832e+02  4.800000e+01
     vertex  3.404657e+01  1.016984e+02  4.800000e+01
     vertex  3.404365e+01  1.017408e+02  4.800000e+01
   endloop
 endfacet
 facet normal  0.000000e+00  0.000000e+00  1.000000e+00
   outer loop
     vertex  3.403957e+01  1.017832e+02  4.800000e+01
     vertex  3.404832e+01  1.015709e+02  4.800000e+01
     vertex  3.404657e+01  1.016984e+02  4.800000e+01
   endloop
 endfacet
 facet normal  0.000000e+00  0.000000e+00  1.000000e+00
   outer loop
     vertex  3.403434e+01  1.018254e+02  4.800000e+01
     vertex  3.404832e+01  1.015709e+02  4.800000e+01
     vertex  3.403957e+01  1.017832e+02  4.800000e+01
   endloop
 endfacet
 facet normal  0.000000e+00  0.000000e+00  1.000000e+00
   outer loop
     vertex  3.272140e+01  1.031473e+02  4.800000e+01
     vertex  3.267924e+01  1.031529e+02  4.800000e+01
     vertex  3.263693e+01  1.031572e+02  4.800000e+01
   endloop
 endfacet
 facet normal  0.000000e+00  0.000000e+00  1.000000e+00
   outer loop
     vertex  3.276340e+01  1.031407e+02  4.800000e+01
     vertex  3.272140e+01  1.031473e+02  4.800000e+01
     vertex  3.263693e+01  1.031572e+02  4.800000e+01
   endloop
 endfacet
 facet normal  0.000000e+00  0.000000e+00  1.000000e+00
   outer loop
     vertex  3.402040e+01  1.019093e+02  4.800000e+01
     vertex  3.403434e+01  1.018254e+02  4.800000e+01
     vertex  3.402794e+01  1.018674e+02  4.800000e+01
   endloop
 endfacet
 facet normal  0.000000e+00  0.000000e+00  1.000000e+00
   outer loop
     vertex  3.402040e+01  1.019093e+02  4.800000e+01
     vertex  3.404365e+01  1.014860e+02  4.800000e+01
     vertex  3.404832e+01  1.015709e+02  4.800000e+01
   endloop
 endfacet
 facet normal  0.000000e+00  0.000000e+00  1.000000e+00
   outer loop
     vertex  3.402040e+01  1.019093e+02  4.800000e+01
     vertex  3.404832e+01  1.015709e+02  4.800000e+01
     vertex  3.403434e+01  1.018254e+02  4.800000e+01
   endloop
 endfacet
 facet normal  0.000000e+00  0.000000e+00  1.000000e+00
   outer loop
     vertex  3.284677e+01  1.031239e+02  4.800000e+01
     vertex  3.217179e+01  1.031285e+02  4.800000e+01
     vertex  3.101278e+01  1.020538e+02  4.800000e+01
   endloop
 endfacet
 facet normal  0.000000e+00  0.000000e+00  1.000000e+00
   outer loop
     vertex  3.284677e+01  1.031239e+02  4.800000e+01
     vertex  3.280520e+01  1.031328e+02  4.800000e+01
     vertex  3.276340e+01  1.031407e+02  4.800000e+01
   endloop
 endfacet
 facet normal  0.000000e+00  0.000000e+00  1.000000e+00
   outer loop
     vertex  3.284677e+01  1.031239e+02  4.800000e+01
     vertex  3.242450e+01  1.031616e+02  4.800000e+01
     vertex  3.217179e+01  1.031285e+02  4.800000e+01
   endloop
 endfacet
 facet normal  0.000000e+00  0.000000e+00  1.000000e+00
   outer loop
     vertex  3.284677e+01  1.031239e+02  4.800000e+01
     vertex  3.263693e+01  1.031572e+02  4.800000e+01
     vertex  3.242450e+01  1.031616e+02  4.800000e+01
   endloop
 endfacet
 facet normal  0.000000e+00  0.000000e+00  1.000000e+00
   outer loop
     vertex  3.284677e+01  1.031239e+02  4.800000e+01
     vertex  3.276340e+01  1.031407e+02  4.800000e+01
     vertex  3.263693e+01  1.031572e+02  4.800000e+01
   endloop
 endfacet
 facet normal  0.000000e+00  0.000000e+00  1.000000e+00
   outer loop
     vertex  3.284677e+01  1.031239e+02  4.800000e+01
     vertex  3.101278e+01  1.020538e+02  4.800000e+01
     vertex  3.166335e+01  1.003079e+02  4.800000e+01
   endloop
 endfacet
 facet normal  0.000000e+00  0.000000e+00  1.000000e+00
   outer loop
     vertex  3.284677e+01  1.031239e+02  4.800000e+01
     vertex  3.166335e+01  1.003079e+02  4.800000e+01
     vertex  3.196766e+01  1.001573e+02  4.800000e+01
   endloop
 endfacet
 facet normal  0.000000e+00  0.000000e+00  1.000000e+00
   outer loop
     vertex  3.400188e+01  1.019923e+02  4.800000e+01
     vertex  3.402040e+01  1.019093e+02  4.800000e+01
     vertex  3.401171e+01  1.019509e+02  4.800000e+01
   endloop
 endfacet
 facet normal  0.000000e+00  0.000000e+00  1.000000e+00
   outer loop
     vertex  3.400188e+01  1.019923e+02  4.800000e+01
     vertex  3.404365e+01  1.014860e+02  4.800000e+01
     vertex  3.402040e+01  1.019093e+02  4.800000e+01
   endloop
 endfacet
 facet normal  0.000000e+00  0.000000e+00  1.000000e+00
   outer loop
     vertex  3.399092e+01  1.020334e+02  4.800000e+01
     vertex  3.404365e+01  1.014860e+02  4.800000e+01
     vertex  3.400188e+01  1.019923e+02  4.800000e+01
   endloop
 endfacet
 facet normal  0.000000e+00  0.000000e+00  1.000000e+00
   outer loop
     vertex  3.292909e+01  1.031025e+02  4.800000e+01
     vertex  3.288808e+01  1.031137e+02  4.800000e+01
     vertex  3.284677e+01  1.031239e+02  4.800000e+01
   endloop
 endfacet
 facet normal  0.000000e+00  0.000000e+00  1.000000e+00
   outer loop
     vertex  3.396564e+01  1.021146e+02  4.800000e+01
     vertex  3.399092e+01  1.020334e+02  4.800000e+01
     vertex  3.397884e+01  1.020741e+02  4.800000e+01
   endloop
 endfacet
 facet normal  0.000000e+00  0.000000e+00  1.000000e+00
   outer loop
     vertex  3.396564e+01  1.021146e+02  4.800000e+01
     vertex  3.404365e+01  1.014860e+02  4.800000e+01
     vertex  3.399092e+01  1.020334e+02  4.800000e+01
   endloop
 endfacet
 facet normal  0.000000e+00  0.000000e+00  1.000000e+00
   outer loop
     vertex  3.301012e+01  1.030767e+02  4.800000e+01
     vertex  3.296978e+01  1.030901e+02  4.800000e+01
     vertex  3.292909e+01  1.031025e+02  4.800000e+01
   endloop
 endfacet
 facet normal  0.000000e+00  0.000000e+00  1.000000e+00
   outer loop
     vertex  3.305007e+01  1.030621e+02  4.800000e+01
     vertex  3.301012e+01  1.030767e+02  4.800000e+01
     vertex  3.292909e+01  1.031025e+02  4.800000e+01
   endloop
 endfacet
 facet normal  0.000000e+00  0.000000e+00  1.000000e+00
   outer loop
     vertex  3.393595e+01  1.021943e+02  4.800000e+01
     vertex  3.396564e+01  1.021146e+02  4.800000e+01
     vertex  3.395134e+01  1.021546e+02  4.800000e+01
   endloop
 endfacet
 facet normal  0.000000e+00  0.000000e+00  1.000000e+00
   outer loop
     vertex  3.308960e+01  1.030464e+02  4.800000e+01
     vertex  3.305007e+01  1.030621e+02  4.800000e+01
     vertex  3.292909e+01  1.031025e+02  4.800000e+01
   endloop
 endfacet
 facet normal  0.000000e+00  0.000000e+00  1.000000e+00
   outer loop
     vertex  3.308960e+01  1.030464e+02  4.800000e+01
     vertex  3.292909e+01  1.031025e+02  4.800000e+01
     vertex  3.284677e+01  1.031239e+02  4.800000e+01
   endloop
 endfacet
 facet normal  0.000000e+00  0.000000e+00  1.000000e+00
   outer loop
     vertex  3.312869e+01  1.030297e+02  4.800000e+01
     vertex  3.308960e+01  1.030464e+02  4.800000e+01
     vertex  3.284677e+01  1.031239e+02  4.800000e+01
   endloop
 endfacet
 facet normal  0.000000e+00  0.000000e+00  1.000000e+00
   outer loop
     vertex  3.390192e+01  1.022722e+02  4.800000e+01
     vertex  3.393595e+01  1.021943e+02  4.800000e+01
     vertex  3.391947e+01  1.022335e+02  4.800000e+01
   endloop
 endfacet
 facet normal  0.000000e+00  0.000000e+00  1.000000e+00
   outer loop
     vertex  3.390192e+01  1.022722e+02  4.800000e+01
     vertex  3.404365e+01  1.014860e+02  4.800000e+01
     vertex  3.396564e+01  1.021146e+02  4.800000e+01
   endloop
 endfacet
 facet normal  0.000000e+00  0.000000e+00  1.000000e+00
   outer loop
     vertex  3.390192e+01  1.022722e+02  4.800000e+01
     vertex  3.396564e+01  1.021146e+02  4.800000e+01
     vertex  3.393595e+01  1.021943e+02  4.800000e+01
   endloop
 endfacet
 facet normal  0.000000e+00  0.000000e+00  1.000000e+00
   outer loop
     vertex  3.390192e+01  1.022722e+02  4.800000e+01
     vertex  3.395134e+01  1.010722e+02  4.800000e+01
     vertex  3.404365e+01  1.014860e+02  4.800000e+01
   endloop
 endfacet
 facet normal  0.000000e+00  0.000000e+00  1.000000e+00
   outer loop
     vertex  3.316731e+01  1.030119e+02  4.800000e+01
     vertex  3.312869e+01  1.030297e+02  4.800000e+01
     vertex  3.284677e+01  1.031239e+02  4.800000e+01
   endloop
 endfacet
 facet normal  0.000000e+00  0.000000e+00  1.000000e+00
   outer loop
     vertex  3.320543e+01  1.029930e+02  4.800000e+01
     vertex  3.316731e+01  1.030119e+02  4.800000e+01
     vertex  3.284677e+01  1.031239e+02  4.800000e+01
   endloop
 endfacet
 facet normal  0.000000e+00  0.000000e+00  1.000000e+00
   outer loop
     vertex  3.328003e+01  1.029522e+02  4.800000e+01
     vertex  3.324301e+01  1.029731e+02  4.800000e+01
     vertex  3.320543e+01  1.029930e+02  4.800000e+01
   endloop
 endfacet
 facet normal  0.000000e+00  0.000000e+00  1.000000e+00
   outer loop
     vertex  3.382132e+01  1.024219e+02  4.800000e+01
     vertex  3.388332e+01  1.023104e+02  4.800000e+01
     vertex  3.386368e+01  1.023482e+02  4.800000e+01
   endloop
 endfacet
 facet normal  0.000000e+00  0.000000e+00  1.000000e+00
   outer loop
     vertex  3.382132e+01  1.024219e+02  4.800000e+01
     vertex  3.386368e+01  1.023482e+02  4.800000e+01
     vertex  3.384301e+01  1.023853e+02  4.800000e+01
   endloop
 endfacet
 facet normal  0.000000e+00  0.000000e+00  1.000000e+00
   outer loop
     vertex  3.379865e+01  1.024579e+02  4.800000e+01
     vertex  3.390192e+01  1.022722e+02  4.800000e+01
     vertex  3.388332e+01  1.023104e+02  4.800000e+01
   endloop
 endfacet
 facet normal  0.000000e+00  0.000000e+00  1.000000e+00
   outer loop
     vertex  3.379865e+01  1.024579e+02  4.800000e+01
     vertex  3.388332e+01  1.023104e+02  4.800000e+01
     vertex  3.382132e+01  1.024219e+02  4.800000e+01
   endloop
 endfacet
 facet normal  0.000000e+00  0.000000e+00  1.000000e+00
   outer loop
     vertex  3.335228e+01  1.029073e+02  4.800000e+01
     vertex  3.196766e+01  1.001573e+02  4.800000e+01
     vertex  3.208918e+01  1.001185e+02  4.800000e+01
   endloop
 endfacet
 facet normal  0.000000e+00  0.000000e+00  1.000000e+00
   outer loop
     vertex  3.335228e+01  1.029073e+02  4.800000e+01
     vertex  3.208918e+01  1.001185e+02  4.800000e+01
     vertex  3.217179e+01  1.000983e+02  4.800000e+01
   endloop
 endfacet
 facet normal  0.000000e+00  0.000000e+00  1.000000e+00
   outer loop
     vertex  3.335228e+01  1.029073e+02  4.800000e+01
     vertex  3.320543e+01  1.029930e+02  4.800000e+01
     vertex  3.284677e+01  1.031239e+02  4.800000e+01
   endloop
 endfacet
 facet normal  0.000000e+00  0.000000e+00  1.000000e+00
   outer loop
     vertex  3.335228e+01  1.029073e+02  4.800000e+01
     vertex  3.331646e+01  1.029302e+02  4.800000e+01
     vertex  3.328003e+01  1.029522e+02  4.800000e+01
   endloop
 endfacet
 facet normal  0.000000e+00  0.000000e+00  1.000000e+00
   outer loop
     vertex  3.335228e+01  1.029073e+02  4.800000e+01
     vertex  3.328003e+01  1.029522e+02  4.800000e+01
     vertex  3.320543e+01  1.029930e+02  4.800000e+01
   endloop
 endfacet
 facet normal  0.000000e+00  0.000000e+00  1.000000e+00
   outer loop
     vertex  3.335228e+01  1.029073e+02  4.800000e+01
     vertex  3.229746e+01  1.000765e+02  4.800000e+01
     vertex  3.255205e+01  1.000643e+02  4.800000e+01
   endloop
 endfacet
 facet normal  0.000000e+00  0.000000e+00  1.000000e+00
   outer loop
     vertex  3.335228e+01  1.029073e+02  4.800000e+01
     vertex  3.255205e+01  1.000643e+02  4.800000e+01
     vertex  3.267924e+01  1.000739e+02  4.800000e+01
   endloop
 endfacet
 facet normal  0.000000e+00  0.000000e+00  1.000000e+00
   outer loop
     vertex  3.335228e+01  1.029073e+02  4.800000e+01
     vertex  3.267924e+01  1.000739e+02  4.800000e+01
     vertex  3.296978e+01  1.001367e+02  4.800000e+01
   endloop
 endfacet
 facet normal  0.000000e+00  0.000000e+00  1.000000e+00
   outer loop
     vertex  3.335228e+01  1.029073e+02  4.800000e+01
     vertex  3.217179e+01  1.000983e+02  4.800000e+01
     vertex  3.229746e+01  1.000765e+02  4.800000e+01
   endloop
 endfacet
 facet normal  0.000000e+00  0.000000e+00  1.000000e+00
   outer loop
     vertex  3.335228e+01  1.029073e+02  4.800000e+01
     vertex  3.284677e+01  1.031239e+02  4.800000e+01
     vertex  3.196766e+01  1.001573e+02  4.800000e+01
   endloop
 endfacet
 facet normal  0.000000e+00  0.000000e+00  1.000000e+00
   outer loop
     vertex  3.377499e+01  1.024932e+02  4.800000e+01
     vertex  3.390192e+01  1.022722e+02  4.800000e+01
     vertex  3.379865e+01  1.024579e+02  4.800000e+01
   endloop
 endfacet
 facet normal  0.000000e+00  0.000000e+00  1.000000e+00
   outer loop
     vertex  3.375037e+01  1.025279e+02  4.800000e+01
     vertex  3.390192e+01  1.022722e+02  4.800000e+01
     vertex  3.377499e+01  1.024932e+02  4.800000e+01
   endloop
 endfacet
 facet normal  0.000000e+00  0.000000e+00  1.000000e+00
   outer loop
     vertex  3.372481e+01  1.025619e+02  4.800000e+01
     vertex  3.390192e+01  1.022722e+02  4.800000e+01
     vertex  3.375037e+01  1.025279e+02  4.800000e+01
   endloop
 endfacet
 facet normal  0.000000e+00  0.000000e+00  1.000000e+00
   outer loop
     vertex  3.345578e+01  1.028328e+02  4.800000e+01
     vertex  3.342197e+01  1.028586e+02  4.800000e+01
     vertex  3.338746e+01  1.028834e+02  4.800000e+01
   endloop
 endfacet
 facet normal  0.000000e+00  0.000000e+00  1.000000e+00
   outer loop
     vertex  3.369833e+01  1.025952e+02  4.800000e+01
     vertex  3.390192e+01  1.022722e+02  4.800000e+01
     vertex  3.372481e+01  1.025619e+02  4.800000e+01
   endloop
 endfacet
 facet normal  0.000000e+00  0.000000e+00  1.000000e+00
   outer loop
     vertex  3.348887e+01  1.028061e+02  4.800000e+01
     vertex  3.338746e+01  1.028834e+02  4.800000e+01
     vertex  3.335228e+01  1.029073e+02  4.800000e+01
   endloop
 endfacet
 facet normal  0.000000e+00  0.000000e+00  1.000000e+00
   outer loop
     vertex  3.348887e+01  1.028061e+02  4.800000e+01
     vertex  3.345578e+01  1.028328e+02  4.800000e+01
     vertex  3.338746e+01  1.028834e+02  4.800000e+01
   endloop
 endfacet
 facet normal  0.000000e+00  0.000000e+00  1.000000e+00
   outer loop
     vertex  3.352122e+01  1.027785e+02  4.800000e+01
     vertex  3.348887e+01  1.028061e+02  4.800000e+01
     vertex  3.335228e+01  1.029073e+02  4.800000e+01
   endloop
 endfacet
 facet normal  0.000000e+00  0.000000e+00  1.000000e+00
   outer loop
     vertex  3.364268e+01  1.026595e+02  4.800000e+01
     vertex  3.369833e+01  1.025952e+02  4.800000e+01
     vertex  3.367094e+01  1.026277e+02  4.800000e+01
   endloop
 endfacet
 facet normal  0.000000e+00  0.000000e+00  1.000000e+00
   outer loop
     vertex  3.364268e+01  1.026595e+02  4.800000e+01
     vertex  3.390192e+01  1.022722e+02  4.800000e+01
     vertex  3.369833e+01  1.025952e+02  4.800000e+01
   endloop
 endfacet
 facet normal  0.000000e+00  0.000000e+00  1.000000e+00
   outer loop
     vertex  3.355280e+01  1.027500e+02  4.800000e+01
     vertex  3.352122e+01  1.027785e+02  4.800000e+01
     vertex  3.335228e+01  1.029073e+02  4.800000e+01
   endloop
 endfacet
 facet normal  0.000000e+00  0.000000e+00  1.000000e+00
   outer loop
     vertex  3.358358e+01  1.027206e+02  4.800000e+01
     vertex  3.296978e+01  1.001367e+02  4.800000e+01
     vertex  3.308960e+01  1.001804e+02  4.800000e+01
   endloop
 endfacet
 facet normal  0.000000e+00  0.000000e+00  1.000000e+00
   outer loop
     vertex  3.358358e+01  1.027206e+02  4.800000e+01
     vertex  3.342197e+01  1.003682e+02  4.800000e+01
     vertex  3.395134e+01  1.010722e+02  4.800000e+01
   endloop
 endfacet
 facet normal  0.000000e+00  0.000000e+00  1.000000e+00
   outer loop
     vertex  3.358358e+01  1.027206e+02  4.800000e+01
     vertex  3.308960e+01  1.001804e+02  4.800000e+01
     vertex  3.342197e+01  1.003682e+02  4.800000e+01
   endloop
 endfacet
 facet normal  0.000000e+00  0.000000e+00  1.000000e+00
   outer loop
     vertex  3.358358e+01  1.027206e+02  4.800000e+01
     vertex  3.364268e+01  1.026595e+02  4.800000e+01
     vertex  3.361355e+01  1.026905e+02  4.800000e+01
   endloop
 endfacet
 facet normal  0.000000e+00  0.000000e+00  1.000000e+00
   outer loop
     vertex  3.358358e+01  1.027206e+02  4.800000e+01
     vertex  3.395134e+01  1.010722e+02  4.800000e+01
     vertex  3.390192e+01  1.022722e+02  4.800000e+01
   endloop
 endfacet
 facet normal  0.000000e+00  0.000000e+00  1.000000e+00
   outer loop
     vertex  3.358358e+01  1.027206e+02  4.800000e+01
     vertex  3.335228e+01  1.029073e+02  4.800000e+01
     vertex  3.296978e+01  1.001367e+02  4.800000e+01
   endloop
 endfacet
 facet normal  0.000000e+00  0.000000e+00  1.000000e+00
   outer loop
     vertex  3.358358e+01  1.027206e+02  4.800000e+01
     vertex  3.355280e+01  1.027500e+02  4.800000e+01
     vertex  3.335228e+01  1.029073e+02  4.800000e+01
   endloop
 endfacet
 facet normal  0.000000e+00  0.000000e+00  1.000000e+00
   outer loop
     vertex  3.358358e+01  1.027206e+02  4.800000e+01
     vertex  3.390192e+01  1.022722e+02  4.800000e+01
     vertex  3.364268e+01  1.026595e+02  4.800000e+01
   endloop
 endfacet
 facet normal -9.999059e-01 -1.371831e-02  9.868628e-21
   outer loop
     vertex  7.905052e+01  1.016559e+02  5.200000e+01
     vertex  7.905110e+01  1.016134e+02  4.800000e+01
     vertex  7.905110e+01  1.016134e+02  5.200000e+01
   endloop
 endfacet
 facet normal -9.999059e-01 -1.371831e-02 -0.000000e+00
   outer loop
     vertex  7.905052e+01  1.016559e+02  5.200000e+01
     vertex  7.905052e+01  1.016559e+02  4.800000e+01
     vertex  7.905110e+01  1.016134e+02  4.800000e+01
   endloop
 endfacet
 facet normal -9.991532e-01 -4.114462e-02 -0.000000e+00
   outer loop
     vertex  7.904877e+01  1.016984e+02  5.200000e+01
     vertex  7.904877e+01  1.016984e+02  4.800000e+01
     vertex  7.905052e+01  1.016559e+02  4.800000e+01
   endloop
 endfacet
 facet normal -9.991532e-01 -4.114462e-02 -7.992391e-21
   outer loop
     vertex  7.904877e+01  1.016984e+02  5.200000e+01
     vertex  7.905052e+01  1.016559e+02  4.800000e+01
     vertex  7.905052e+01  1.016559e+02  5.200000e+01
   endloop
 endfacet
 facet normal -9.976484e-01 -6.853995e-02 -0.000000e+00
   outer loop
     vertex  7.904585e+01  1.017408e+02  5.200000e+01
     vertex  7.904585e+01  1.017408e+02  4.800000e+01
     vertex  7.904877e+01  1.016984e+02  4.800000e+01
   endloop
 endfacet
 facet normal -9.976484e-01 -6.853995e-02 -3.406517e-20
   outer loop
     vertex  7.904585e+01  1.017408e+02  5.200000e+01
     vertex  7.904877e+01  1.016984e+02  4.800000e+01
     vertex  7.904877e+01  1.016984e+02  5.200000e+01
   endloop
 endfacet
 facet normal -9.953925e-01 -9.588368e-02 -0.000000e+00
   outer loop
     vertex  7.904177e+01  1.017832e+02  5.200000e+01
     vertex  7.904177e+01  1.017832e+02  4.800000e+01
     vertex  7.904585e+01  1.017408e+02  4.800000e+01
   endloop
 endfacet
 facet normal -9.953925e-01 -9.588368e-02 -3.005399e-20
   outer loop
     vertex  7.904177e+01  1.017832e+02  5.200000e+01
     vertex  7.904585e+01  1.017408e+02  4.800000e+01
     vertex  7.904585e+01  1.017408e+02  5.200000e+01
   endloop
 endfacet
 facet normal -9.923874e-01 -1.231552e-01 -0.000000e+00
   outer loop
     vertex  7.903654e+01  1.018254e+02  5.200000e+01
     vertex  7.903654e+01  1.018254e+02  4.800000e+01
     vertex  7.904177e+01  1.017832e+02  4.800000e+01
   endloop
 endfacet
 facet normal -9.923874e-01 -1.231552e-01 -1.245152e-20
   outer loop
     vertex  7.903654e+01  1.018254e+02  5.200000e+01
     vertex  7.904177e+01  1.017832e+02  4.800000e+01
     vertex  7.904177e+01  1.017832e+02  5.200000e+01
   endloop
 endfacet
 facet normal -9.886353e-01 -1.503341e-01 -0.000000e+00
   outer loop
     vertex  7.903014e+01  1.018674e+02  5.200000e+01
     vertex  7.903014e+01  1.018674e+02  4.800000e+01
     vertex  7.903654e+01  1.018254e+02  4.800000e+01
   endloop
 endfacet
 facet normal -9.886353e-01 -1.503341e-01 -4.143991e-20
   outer loop
     vertex  7.903014e+01  1.018674e+02  5.200000e+01
     vertex  7.903654e+01  1.018254e+02  4.800000e+01
     vertex  7.903654e+01  1.018254e+02  5.200000e+01
   endloop
 endfacet
 facet normal -9.841389e-01 -1.773998e-01 -0.000000e+00
   outer loop
     vertex  7.902260e+01  1.019093e+02  5.200000e+01
     vertex  7.902260e+01  1.019093e+02  4.800000e+01
     vertex  7.903014e+01  1.018674e+02  4.800000e+01
   endloop
 endfacet
 facet normal -9.841389e-01 -1.773998e-01  1.372972e-19
   outer loop
     vertex  7.902260e+01  1.019093e+02  5.200000e+01
     vertex  7.903014e+01  1.018674e+02  4.800000e+01
     vertex  7.903014e+01  1.018674e+02  5.200000e+01
   endloop
 endfacet
 facet normal -9.789017e-01 -2.043319e-01 -0.000000e+00
   outer loop
     vertex  7.901391e+01  1.019509e+02  5.200000e+01
     vertex  7.901391e+01  1.019509e+02  4.800000e+01
     vertex  7.902260e+01  1.019093e+02  4.800000e+01
   endloop
 endfacet
 facet normal -9.789017e-01 -2.043319e-01 -2.222823e-20
   outer loop
     vertex  7.901391e+01  1.019509e+02  5.200000e+01
     vertex  7.902260e+01  1.019093e+02  4.800000e+01
     vertex  7.902260e+01  1.019093e+02  5.200000e+01
   endloop
 endfacet
 facet normal -9.729276e-01 -2.311102e-01 -0.000000e+00
   outer loop
     vertex  7.900408e+01  1.019923e+02  5.200000e+01
     vertex  7.900408e+01  1.019923e+02  4.800000e+01
     vertex  7.901391e+01  1.019509e+02  4.800000e+01
   endloop
 endfacet
 facet normal -9.729276e-01 -2.311102e-01  1.903098e-20
   outer loop
     vertex  7.900408e+01  1.019923e+02  5.200000e+01
     vertex  7.901391e+01  1.019509e+02  4.800000e+01
     vertex  7.901391e+01  1.019509e+02  5.200000e+01
   endloop
 endfacet
 facet normal -9.662211e-01 -2.577146e-01 -1.386123e-19
   outer loop
     vertex  7.899312e+01  1.020334e+02  5.200000e+01
     vertex  7.900408e+01  1.019923e+02  4.800000e+01
     vertex  7.900408e+01  1.019923e+02  5.200000e+01
   endloop
 endfacet
 facet normal -9.662211e-01 -2.577146e-01 -0.000000e+00
   outer loop
     vertex  7.899312e+01  1.020334e+02  5.200000e+01
     vertex  7.899312e+01  1.020334e+02  4.800000e+01
     vertex  7.900408e+01  1.019923e+02  4.800000e+01
   endloop
 endfacet
 facet normal -9.587873e-01 -2.841250e-01  9.045468e-20
   outer loop
     vertex  7.898104e+01  1.020741e+02  5.200000e+01
     vertex  7.899312e+01  1.020334e+02  4.800000e+01
     vertex  7.899312e+01  1.020334e+02  5.200000e+01
   endloop
 endfacet
 facet normal -9.587873e-01 -2.841250e-01 -0.000000e+00
   outer loop
     vertex  7.898104e+01  1.020741e+02  5.200000e+01
     vertex  7.898104e+01  1.020741e+02  4.800000e+01
     vertex  7.899312e+01  1.020334e+02  4.800000e+01
   endloop
 endfacet
 facet normal -9.506317e-01 -3.103214e-01 -1.356758e-19
   outer loop
     vertex  7.896784e+01  1.021146e+02  5.200000e+01
     vertex  7.898104e+01  1.020741e+02  4.800000e+01
     vertex  7.898104e+01  1.020741e+02  5.200000e+01
   endloop
 endfacet
 facet normal -9.506317e-01 -3.103214e-01 -0.000000e+00
   outer loop
     vertex  7.896784e+01  1.021146e+02  5.200000e+01
     vertex  7.896784e+01  1.021146e+02  4.800000e+01
     vertex  7.898104e+01  1.020741e+02  4.800000e+01
   endloop
 endfacet
 facet normal -9.417605e-01 -3.362843e-01  2.870635e-19
   outer loop
     vertex  7.895354e+01  1.021546e+02  5.200000e+01
     vertex  7.896784e+01  1.021146e+02  4.800000e+01
     vertex  7.896784e+01  1.021146e+02  5.200000e+01
   endloop
 endfacet
 facet normal -9.417605e-01 -3.362843e-01 -0.000000e+00
   outer loop
     vertex  7.895354e+01  1.021546e+02  5.200000e+01
     vertex  7.895354e+01  1.021546e+02  4.800000e+01
     vertex  7.896784e+01  1.021146e+02  4.800000e+01
   endloop
 endfacet
 facet normal -9.321804e-01 -3.619940e-01 -7.665266e-20
   outer loop
     vertex  7.893815e+01  1.021943e+02  5.200000e+01
     vertex  7.895354e+01  1.021546e+02  4.800000e+01
     vertex  7.895354e+01  1.021546e+02  5.200000e+01
   endloop
 endfacet
 facet normal -9.321804e-01 -3.619940e-01 -0.000000e+00
   outer loop
     vertex  7.893815e+01  1.021943e+02  5.200000e+01
     vertex  7.893815e+01  1.021943e+02  4.800000e+01
     vertex  7.895354e+01  1.021546e+02  4.800000e+01
   endloop
 endfacet
 facet normal -9.218986e-01 -3.874313e-01 -0.000000e+00
   outer loop
     vertex  7.893815e+01  1.021943e+02  5.200000e+01
     vertex  7.892167e+01  1.022335e+02  4.800000e+01
     vertex  7.893815e+01  1.021943e+02  4.800000e+01
   endloop
 endfacet
 facet normal -9.218986e-01 -3.874313e-01 -0.000000e+00
   outer loop
     vertex  7.892167e+01  1.022335e+02  5.200000e+01
     vertex  7.892167e+01  1.022335e+02  4.800000e+01
     vertex  7.893815e+01  1.021943e+02  5.200000e+01
   endloop
 endfacet
 facet normal -9.109228e-01 -4.125769e-01 -0.000000e+00
   outer loop
     vertex  7.892167e+01  1.022335e+02  5.200000e+01
     vertex  7.890412e+01  1.022722e+02  4.800000e+01
     vertex  7.892167e+01  1.022335e+02  4.800000e+01
   endloop
 endfacet
 facet normal -9.109228e-01 -4.125769e-01 -0.000000e+00
   outer loop
     vertex  7.890412e+01  1.022722e+02  5.200000e+01
     vertex  7.890412e+01  1.022722e+02  4.800000e+01
     vertex  7.892167e+01  1.022335e+02  5.200000e+01
   endloop
 endfacet
 facet normal -8.992613e-01 -4.374119e-01 -2.895653e-19
   outer loop
     vertex  7.888552e+01  1.023104e+02  5.200000e+01
     vertex  7.890412e+01  1.022722e+02  4.800000e+01
     vertex  7.890412e+01  1.022722e+02  5.200000e+01
   endloop
 endfacet
 facet normal -8.992613e-01 -4.374119e-01 -0.000000e+00
   outer loop
     vertex  7.888552e+01  1.023104e+02  5.200000e+01
     vertex  7.888552e+01  1.023104e+02  4.800000e+01
     vertex  7.890412e+01  1.022722e+02  4.800000e+01
   endloop
 endfacet
 facet normal -8.869228e-01 -4.619176e-01 -7.472970e-20
   outer loop
     vertex  7.886588e+01  1.023482e+02  5.200000e+01
     vertex  7.888552e+01  1.023104e+02  4.800000e+01
     vertex  7.888552e+01  1.023104e+02  5.200000e+01
   endloop
 endfacet
 facet normal -8.869228e-01 -4.619176e-01 -0.000000e+00
   outer loop
     vertex  7.886588e+01  1.023482e+02  5.200000e+01
     vertex  7.886588e+01  1.023482e+02  4.800000e+01
     vertex  7.888552e+01  1.023104e+02  4.800000e+01
   endloop
 endfacet
 facet normal -8.739167e-01 -4.860756e-01 -0.000000e+00
   outer loop
     vertex  7.886588e+01  1.023482e+02  5.200000e+01
     vertex  7.884521e+01  1.023853e+02  4.800000e+01
     vertex  7.886588e+01  1.023482e+02  4.800000e+01
   endloop
 endfacet
 facet normal -8.739167e-01 -4.860756e-01 -0.000000e+00
   outer loop
     vertex  7.884521e+01  1.023853e+02  5.200000e+01
     vertex  7.884521e+01  1.023853e+02  4.800000e+01
     vertex  7.886588e+01  1.023482e+02  5.200000e+01
   endloop
 endfacet
 facet normal -8.602528e-01 -5.098678e-01  3.264105e-20
   outer loop
     vertex  7.882352e+01  1.024219e+02  5.200000e+01
     vertex  7.884521e+01  1.023853e+02  4.800000e+01
     vertex  7.884521e+01  1.023853e+02  5.200000e+01
   endloop
 endfacet
 facet normal -8.602528e-01 -5.098678e-01 -0.000000e+00
   outer loop
     vertex  7.882352e+01  1.024219e+02  5.200000e+01
     vertex  7.882352e+01  1.024219e+02  4.800000e+01
     vertex  7.884521e+01  1.023853e+02  4.800000e+01
   endloop
 endfacet
 facet normal -8.459413e-01 -5.332761e-01 -1.953042e-19
   outer loop
     vertex  7.880085e+01  1.024579e+02  5.200000e+01
     vertex  7.882352e+01  1.024219e+02  4.800000e+01
     vertex  7.882352e+01  1.024219e+02  5.200000e+01
   endloop
 endfacet
 facet normal -8.459413e-01 -5.332761e-01 -0.000000e+00
   outer loop
     vertex  7.880085e+01  1.024579e+02  5.200000e+01
     vertex  7.880085e+01  1.024579e+02  4.800000e+01
     vertex  7.882352e+01  1.024219e+02  4.800000e+01
   endloop
 endfacet
 facet normal -8.309929e-01 -5.562829e-01 -0.000000e+00
   outer loop
     vertex  7.877719e+01  1.024932e+02  5.200000e+01
     vertex  7.877719e+01  1.024932e+02  4.800000e+01
     vertex  7.880085e+01  1.024579e+02  4.800000e+01
   endloop
 endfacet
 facet normal -8.309929e-01 -5.562829e-01 -9.812408e-20
   outer loop
     vertex  7.877719e+01  1.024932e+02  5.200000e+01
     vertex  7.880085e+01  1.024579e+02  4.800000e+01
     vertex  7.880085e+01  1.024579e+02  5.200000e+01
   endloop
 endfacet
 facet normal -8.154191e-01 -5.788711e-01 -0.000000e+00
   outer loop
     vertex  7.877719e+01  1.024932e+02  5.200000e+01
     vertex  7.875257e+01  1.025279e+02  4.800000e+01
     vertex  7.877719e+01  1.024932e+02  4.800000e+01
   endloop
 endfacet
 facet normal -8.154191e-01 -5.788711e-01 -0.000000e+00
   outer loop
     vertex  7.875257e+01  1.025279e+02  5.200000e+01
     vertex  7.875257e+01  1.025279e+02  4.800000e+01
     vertex  7.877719e+01  1.024932e+02  5.200000e+01
   endloop
 endfacet
 facet normal -7.992314e-01 -6.010234e-01 -1.380219e-19
   outer loop
     vertex  7.872701e+01  1.025619e+02  5.200000e+01
     vertex  7.875257e+01  1.025279e+02  4.800000e+01
     vertex  7.875257e+01  1.025279e+02  5.200000e+01
   endloop
 endfacet
 facet normal -7.992314e-01 -6.010234e-01 -0.000000e+00
   outer loop
     vertex  7.872701e+01  1.025619e+02  5.200000e+01
     vertex  7.872701e+01  1.025619e+02  4.800000e+01
     vertex  7.875257e+01  1.025279e+02  4.800000e+01
   endloop
 endfacet
 facet normal -7.824421e-01 -6.227234e-01 -0.000000e+00
   outer loop
     vertex  7.872701e+01  1.025619e+02  5.200000e+01
     vertex  7.870053e+01  1.025952e+02  4.800000e+01
     vertex  7.872701e+01  1.025619e+02  4.800000e+01
   endloop
 endfacet
 facet normal -7.824421e-01 -6.227234e-01 -0.000000e+00
   outer loop
     vertex  7.870053e+01  1.025952e+02  5.200000e+01
     vertex  7.870053e+01  1.025952e+02  4.800000e+01
     vertex  7.872701e+01  1.025619e+02  5.200000e+01
   endloop
 endfacet
 facet normal -7.650637e-01 -6.439545e-01 -0.000000e+00
   outer loop
     vertex  7.867314e+01  1.026277e+02  5.200000e+01
     vertex  7.867314e+01  1.026277e+02  4.800000e+01
     vertex  7.870053e+01  1.025952e+02  4.800000e+01
   endloop
 endfacet
 facet normal -7.650637e-01 -6.439545e-01 -2.991394e-19
   outer loop
     vertex  7.867314e+01  1.026277e+02  5.200000e+01
     vertex  7.870053e+01  1.025952e+02  4.800000e+01
     vertex  7.870053e+01  1.025952e+02  5.200000e+01
   endloop
 endfacet
 facet normal -7.471095e-01 -6.647010e-01 -0.000000e+00
   outer loop
     vertex  7.864488e+01  1.026595e+02  5.200000e+01
     vertex  7.864488e+01  1.026595e+02  4.800000e+01
     vertex  7.867314e+01  1.026277e+02  4.800000e+01
   endloop
 endfacet
 facet normal -7.471095e-01 -6.647010e-01 -1.487795e-19
   outer loop
     vertex  7.864488e+01  1.026595e+02  5.200000e+01
     vertex  7.867314e+01  1.026277e+02  4.800000e+01
     vertex  7.867314e+01  1.026277e+02  5.200000e+01
   endloop
 endfacet
 facet normal -7.285929e-01 -6.849470e-01 -0.000000e+00
   outer loop
     vertex  7.861575e+01  1.026905e+02  5.200000e+01
     vertex  7.861575e+01  1.026905e+02  4.800000e+01
     vertex  7.864488e+01  1.026595e+02  4.800000e+01
   endloop
 endfacet
 facet normal -7.285929e-01 -6.849470e-01 -3.972602e-20
   outer loop
     vertex  7.861575e+01  1.026905e+02  5.200000e+01
     vertex  7.864488e+01  1.026595e+02  4.800000e+01
     vertex  7.864488e+01  1.026595e+02  5.200000e+01
   endloop
 endfacet
 facet normal -7.095278e-01 -7.046775e-01 -0.000000e+00
   outer loop
     vertex  7.858578e+01  1.027206e+02  5.200000e+01
     vertex  7.858578e+01  1.027206e+02  4.800000e+01
     vertex  7.861575e+01  1.026905e+02  4.800000e+01
   endloop
 endfacet
 facet normal -7.095278e-01 -7.046775e-01  2.968068e-19
   outer loop
     vertex  7.858578e+01  1.027206e+02  5.200000e+01
     vertex  7.861575e+01  1.026905e+02  4.800000e+01
     vertex  7.861575e+01  1.026905e+02  5.200000e+01
   endloop
 endfacet
 facet normal -6.899286e-01 -7.238775e-01 -0.000000e+00
   outer loop
     vertex  7.855500e+01  1.027500e+02  5.200000e+01
     vertex  7.855500e+01  1.027500e+02  4.800000e+01
     vertex  7.858578e+01  1.027206e+02  4.800000e+01
   endloop
 endfacet
 facet normal -6.899286e-01 -7.238775e-01 -6.883268e-20
   outer loop
     vertex  7.855500e+01  1.027500e+02  5.200000e+01
     vertex  7.858578e+01  1.027206e+02  4.800000e+01
     vertex  7.858578e+01  1.027206e+02  5.200000e+01
   endloop
 endfacet
 facet normal -6.698100e-01 -7.425325e-01 -0.000000e+00
   outer loop
     vertex  7.852342e+01  1.027785e+02  5.200000e+01
     vertex  7.852342e+01  1.027785e+02  4.800000e+01
     vertex  7.855500e+01  1.027500e+02  4.800000e+01
   endloop
 endfacet
 facet normal -6.698100e-01 -7.425325e-01  2.222736e-19
   outer loop
     vertex  7.852342e+01  1.027785e+02  5.200000e+01
     vertex  7.855500e+01  1.027500e+02  4.800000e+01
     vertex  7.855500e+01  1.027500e+02  5.200000e+01
   endloop
 endfacet
 facet normal -6.491872e-01 -7.606287e-01 -0.000000e+00
   outer loop
     vertex  7.849107e+01  1.028061e+02  5.200000e+01
     vertex  7.849107e+01  1.028061e+02  4.800000e+01
     vertex  7.852342e+01  1.027785e+02  4.800000e+01
   endloop
 endfacet
 facet normal -6.491872e-01 -7.606287e-01  2.096480e-19
   outer loop
     vertex  7.849107e+01  1.028061e+02  5.200000e+01
     vertex  7.852342e+01  1.027785e+02  4.800000e+01
     vertex  7.852342e+01  1.027785e+02  5.200000e+01
   endloop
 endfacet
 facet normal -6.280757e-01 -7.781522e-01 -0.000000e+00
   outer loop
     vertex  7.845798e+01  1.028328e+02  5.200000e+01
     vertex  7.845798e+01  1.028328e+02  4.800000e+01
     vertex  7.849107e+01  1.028061e+02  4.800000e+01
   endloop
 endfacet
 facet normal -6.280757e-01 -7.781522e-01  1.578071e-20
   outer loop
     vertex  7.845798e+01  1.028328e+02  5.200000e+01
     vertex  7.849107e+01  1.028061e+02  4.800000e+01
     vertex  7.849107e+01  1.028061e+02  5.200000e+01
   endloop
 endfacet
 facet normal -6.064915e-01 -7.950900e-01 -0.000000e+00
   outer loop
     vertex  7.842417e+01  1.028586e+02  5.200000e+01
     vertex  7.842417e+01  1.028586e+02  4.800000e+01
     vertex  7.845798e+01  1.028328e+02  4.800000e+01
   endloop
 endfacet
 facet normal -5.844507e-01 -8.114292e-01 -0.000000e+00
   outer loop
     vertex  7.842417e+01  1.028586e+02  5.200000e+01
     vertex  7.838966e+01  1.028834e+02  4.800000e+01
     vertex  7.842417e+01  1.028586e+02  4.800000e+01
   endloop
 endfacet
 facet normal -6.064915e-01 -7.950900e-01 -1.503653e-19
   outer loop
     vertex  7.842417e+01  1.028586e+02  5.200000e+01
     vertex  7.845798e+01  1.028328e+02  4.800000e+01
     vertex  7.845798e+01  1.028328e+02  5.200000e+01
   endloop
 endfacet
 facet normal -5.844507e-01 -8.114292e-01 -0.000000e+00
   outer loop
     vertex  7.838966e+01  1.028834e+02  5.200000e+01
     vertex  7.838966e+01  1.028834e+02  4.800000e+01
     vertex  7.842417e+01  1.028586e+02  5.200000e+01
   endloop
 endfacet
 facet normal -5.619699e-01 -8.271577e-01 -1.678093e-19
   outer loop
     vertex  7.835448e+01  1.029073e+02  5.200000e+01
     vertex  7.838966e+01  1.028834e+02  4.800000e+01
     vertex  7.838966e+01  1.028834e+02  5.200000e+01
   endloop
 endfacet
 facet normal -5.619699e-01 -8.271577e-01 -0.000000e+00
   outer loop
     vertex  7.835448e+01  1.029073e+02  5.200000e+01
     vertex  7.835448e+01  1.029073e+02  4.800000e+01
     vertex  7.838966e+01  1.028834e+02  4.800000e+01
   endloop
 endfacet
 facet normal -5.390661e-01 -8.422635e-01  9.305232e-20
   outer loop
     vertex  7.831866e+01  1.029302e+02  5.200000e+01
     vertex  7.835448e+01  1.029073e+02  4.800000e+01
     vertex  7.835448e+01  1.029073e+02  5.200000e+01
   endloop
 endfacet
 facet normal -5.390661e-01 -8.422635e-01 -0.000000e+00
   outer loop
     vertex  7.831866e+01  1.029302e+02  5.200000e+01
     vertex  7.831866e+01  1.029302e+02  4.800000e+01
     vertex  7.835448e+01  1.029073e+02  4.800000e+01
   endloop
 endfacet
 facet normal -5.157565e-01 -8.567352e-01  1.026873e-19
   outer loop
     vertex  7.828223e+01  1.029522e+02  5.200000e+01
     vertex  7.831866e+01  1.029302e+02  4.800000e+01
     vertex  7.831866e+01  1.029302e+02  5.200000e+01
   endloop
 endfacet
 facet normal -5.157565e-01 -8.567352e-01 -0.000000e+00
   outer loop
     vertex  7.828223e+01  1.029522e+02  5.200000e+01
     vertex  7.828223e+01  1.029522e+02  4.800000e+01
     vertex  7.831866e+01  1.029302e+02  4.800000e+01
   endloop
 endfacet
 facet normal -4.920587e-01 -8.705620e-01  1.632176e-19
   outer loop
     vertex  7.824521e+01  1.029731e+02  5.200000e+01
     vertex  7.828223e+01  1.029522e+02  4.800000e+01
     vertex  7.828223e+01  1.029522e+02  5.200000e+01
   endloop
 endfacet
 facet normal -4.920587e-01 -8.705620e-01 -0.000000e+00
   outer loop
     vertex  7.824521e+01  1.029731e+02  5.200000e+01
     vertex  7.824521e+01  1.029731e+02  4.800000e+01
     vertex  7.828223e+01  1.029522e+02  4.800000e+01
   endloop
 endfacet
 facet normal -4.679904e-01 -8.837335e-01  1.875605e-19
   outer loop
     vertex  7.820763e+01  1.029930e+02  5.200000e+01
     vertex  7.824521e+01  1.029731e+02  4.800000e+01
     vertex  7.824521e+01  1.029731e+02  5.200000e+01
   endloop
 endfacet
 facet normal -4.679904e-01 -8.837335e-01 -0.000000e+00
   outer loop
     vertex  7.820763e+01  1.029930e+02  5.200000e+01
     vertex  7.820763e+01  1.029930e+02  4.800000e+01
     vertex  7.824521e+01  1.029731e+02  4.800000e+01
   endloop
 endfacet
 facet normal -4.435699e-01 -8.962398e-01 -3.276483e-20
   outer loop
     vertex  7.816951e+01  1.030119e+02  5.200000e+01
     vertex  7.820763e+01  1.029930e+02  4.800000e+01
     vertex  7.820763e+01  1.029930e+02  5.200000e+01
   endloop
 endfacet
 facet normal -4.435699e-01 -8.962398e-01 -0.000000e+00
   outer loop
     vertex  7.816951e+01  1.030119e+02  5.200000e+01
     vertex  7.816951e+01  1.030119e+02  4.800000e+01
     vertex  7.820763e+01  1.029930e+02  4.800000e+01
   endloop
 endfacet
 facet normal -4.188155e-01 -9.080714e-01  1.188525e-19
   outer loop
     vertex  7.813089e+01  1.030297e+02  5.200000e+01
     vertex  7.816951e+01  1.030119e+02  4.800000e+01
     vertex  7.816951e+01  1.030119e+02  5.200000e+01
   endloop
 endfacet
 facet normal -4.188155e-01 -9.080714e-01 -0.000000e+00
   outer loop
     vertex  7.813089e+01  1.030297e+02  5.200000e+01
     vertex  7.813089e+01  1.030297e+02  4.800000e+01
     vertex  7.816951e+01  1.030119e+02  4.800000e+01
   endloop
 endfacet
 facet normal -3.937458e-01 -9.192194e-01 -7.739913e-20
   outer loop
     vertex  7.809180e+01  1.030464e+02  5.200000e+01
     vertex  7.813089e+01  1.030297e+02  4.800000e+01
     vertex  7.813089e+01  1.030297e+02  5.200000e+01
   endloop
 endfacet
 facet normal -3.937458e-01 -9.192194e-01 -0.000000e+00
   outer loop
     vertex  7.809180e+01  1.030464e+02  5.200000e+01
     vertex  7.809180e+01  1.030464e+02  4.800000e+01
     vertex  7.813089e+01  1.030297e+02  4.800000e+01
   endloop
 endfacet
 facet normal -3.683796e-01 -9.296754e-01  1.238929e-19
   outer loop
     vertex  7.805227e+01  1.030621e+02  5.200000e+01
     vertex  7.809180e+01  1.030464e+02  4.800000e+01
     vertex  7.809180e+01  1.030464e+02  5.200000e+01
   endloop
 endfacet
 facet normal -3.683796e-01 -9.296754e-01 -0.000000e+00
   outer loop
     vertex  7.805227e+01  1.030621e+02  5.200000e+01
     vertex  7.805227e+01  1.030621e+02  4.800000e+01
     vertex  7.809180e+01  1.030464e+02  4.800000e+01
   endloop
 endfacet
 facet normal -3.427362e-01 -9.394317e-01 -9.733122e-20
   outer loop
     vertex  7.801232e+01  1.030767e+02  5.200000e+01
     vertex  7.805227e+01  1.030621e+02  4.800000e+01
     vertex  7.805227e+01  1.030621e+02  5.200000e+01
   endloop
 endfacet
 facet normal -3.427362e-01 -9.394317e-01 -0.000000e+00
   outer loop
     vertex  7.801232e+01  1.030767e+02  5.200000e+01
     vertex  7.801232e+01  1.030767e+02  4.800000e+01
     vertex  7.805227e+01  1.030621e+02  4.800000e+01
   endloop
 endfacet
 facet normal -3.168348e-01 -9.484807e-01 -0.000000e+00
   outer loop
     vertex  7.801232e+01  1.030767e+02  5.200000e+01
     vertex  7.797198e+01  1.030901e+02  4.800000e+01
     vertex  7.801232e+01  1.030767e+02  4.800000e+01
   endloop
 endfacet
 facet normal -3.168348e-01 -9.484807e-01 -0.000000e+00
   outer loop
     vertex  7.797198e+01  1.030901e+02  5.200000e+01
     vertex  7.797198e+01  1.030901e+02  4.800000e+01
     vertex  7.801232e+01  1.030767e+02  5.200000e+01
   endloop
 endfacet
 facet normal -2.906949e-01 -9.568158e-01  2.610932e-19
   outer loop
     vertex  7.793129e+01  1.031025e+02  5.200000e+01
     vertex  7.797198e+01  1.030901e+02  4.800000e+01
     vertex  7.797198e+01  1.030901e+02  5.200000e+01
   endloop
 endfacet
 facet normal -2.906949e-01 -9.568158e-01 -0.000000e+00
   outer loop
     vertex  7.793129e+01  1.031025e+02  5.200000e+01
     vertex  7.793129e+01  1.031025e+02  4.800000e+01
     vertex  7.797198e+01  1.030901e+02  4.800000e+01
   endloop
 endfacet
 facet normal -2.643362e-01 -9.644306e-01 -4.427584e-20
   outer loop
     vertex  7.789028e+01  1.031137e+02  5.200000e+01
     vertex  7.793129e+01  1.031025e+02  4.800000e+01
     vertex  7.793129e+01  1.031025e+02  5.200000e+01
   endloop
 endfacet
 facet normal -2.643362e-01 -9.644306e-01 -0.000000e+00
   outer loop
     vertex  7.789028e+01  1.031137e+02  5.200000e+01
     vertex  7.789028e+01  1.031137e+02  4.800000e+01
     vertex  7.793129e+01  1.031025e+02  4.800000e+01
   endloop
 endfacet
 facet normal -2.377784e-01 -9.713194e-01  1.098318e-19
   outer loop
     vertex  7.784897e+01  1.031239e+02  5.200000e+01
     vertex  7.789028e+01  1.031137e+02  4.800000e+01
     vertex  7.789028e+01  1.031137e+02  5.200000e+01
   endloop
 endfacet
 facet normal -2.377784e-01 -9.713194e-01 -0.000000e+00
   outer loop
     vertex  7.784897e+01  1.031239e+02  5.200000e+01
     vertex  7.784897e+01  1.031239e+02  4.800000e+01
     vertex  7.789028e+01  1.031137e+02  4.800000e+01
   endloop
 endfacet
 facet normal -2.110417e-01 -9.774771e-01 -1.440788e-19
   outer loop
     vertex  7.780740e+01  1.031328e+02  5.200000e+01
     vertex  7.784897e+01  1.031239e+02  4.800000e+01
     vertex  7.784897e+01  1.031239e+02  5.200000e+01
   endloop
 endfacet
 facet normal -2.110417e-01 -9.774771e-01 -0.000000e+00
   outer loop
     vertex  7.780740e+01  1.031328e+02  5.200000e+01
     vertex  7.780740e+01  1.031328e+02  4.800000e+01
     vertex  7.784897e+01  1.031239e+02  4.800000e+01
   endloop
 endfacet
 facet normal -1.841461e-01 -9.828989e-01 -7.654806e-20
   outer loop
     vertex  7.776560e+01  1.031407e+02  5.200000e+01
     vertex  7.780740e+01  1.031328e+02  4.800000e+01
     vertex  7.780740e+01  1.031328e+02  5.200000e+01
   endloop
 endfacet
 facet normal -1.841461e-01 -9.828989e-01 -0.000000e+00
   outer loop
     vertex  7.776560e+01  1.031407e+02  5.200000e+01
     vertex  7.776560e+01  1.031407e+02  4.800000e+01
     vertex  7.780740e+01  1.031328e+02  4.800000e+01
   endloop
 endfacet
 facet normal -1.571119e-01 -9.875808e-01  1.351335e-19
   outer loop
     vertex  7.772360e+01  1.031473e+02  5.200000e+01
     vertex  7.776560e+01  1.031407e+02  4.800000e+01
     vertex  7.776560e+01  1.031407e+02  5.200000e+01
   endloop
 endfacet
 facet normal -1.571119e-01 -9.875808e-01 -0.000000e+00
   outer loop
     vertex  7.772360e+01  1.031473e+02  5.200000e+01
     vertex  7.772360e+01  1.031473e+02  4.800000e+01
     vertex  7.776560e+01  1.031407e+02  4.800000e+01
   endloop
 endfacet
 facet normal -1.299594e-01 -9.915193e-01 -1.039652e-21
   outer loop
     vertex  7.768144e+01  1.031529e+02  5.200000e+01
     vertex  7.772360e+01  1.031473e+02  4.800000e+01
     vertex  7.772360e+01  1.031473e+02  5.200000e+01
   endloop
 endfacet
 facet normal -1.299594e-01 -9.915193e-01 -0.000000e+00
   outer loop
     vertex  7.768144e+01  1.031529e+02  5.200000e+01
     vertex  7.768144e+01  1.031529e+02  4.800000e+01
     vertex  7.772360e+01  1.031473e+02  4.800000e+01
   endloop
 endfacet
 facet normal -1.027091e-01 -9.947114e-01 -5.282443e-20
   outer loop
     vertex  7.763913e+01  1.031572e+02  5.200000e+01
     vertex  7.768144e+01  1.031529e+02  4.800000e+01
     vertex  7.768144e+01  1.031529e+02  5.200000e+01
   endloop
 endfacet
 facet normal -1.027091e-01 -9.947114e-01 -0.000000e+00
   outer loop
     vertex  7.763913e+01  1.031572e+02  5.200000e+01
     vertex  7.763913e+01  1.031572e+02  4.800000e+01
     vertex  7.768144e+01  1.031529e+02  4.800000e+01
   endloop
 endfacet
 facet normal -7.538152e-02 -9.971548e-01 -0.000000e+00
   outer loop
     vertex  7.763913e+01  1.031572e+02  5.200000e+01
     vertex  7.759673e+01  1.031604e+02  4.800000e+01
     vertex  7.763913e+01  1.031572e+02  4.800000e+01
   endloop
 endfacet
 facet normal -7.538152e-02 -9.971548e-01 -0.000000e+00
   outer loop
     vertex  7.759673e+01  1.031604e+02  5.200000e+01
     vertex  7.759673e+01  1.031604e+02  4.800000e+01
     vertex  7.763913e+01  1.031572e+02  5.200000e+01
   endloop
 endfacet
 facet normal -4.799716e-02 -9.988475e-01  3.174113e-20
   outer loop
     vertex  7.755425e+01  1.031625e+02  5.200000e+01
     vertex  7.759673e+01  1.031604e+02  4.800000e+01
     vertex  7.759673e+01  1.031604e+02  5.200000e+01
   endloop
 endfacet
 facet normal -4.799716e-02 -9.988475e-01 -0.000000e+00
   outer loop
     vertex  7.755425e+01  1.031625e+02  5.200000e+01
     vertex  7.755425e+01  1.031625e+02  4.800000e+01
     vertex  7.759673e+01  1.031604e+02  4.800000e+01
   endloop
 endfacet
 facet normal -2.057667e-02 -9.997883e-01 -0.000000e+00
   outer loop
     vertex  7.751173e+01  1.031634e+02  5.200000e+01
     vertex  7.751173e+01  1.031634e+02  4.800000e+01
     vertex  7.755425e+01  1.031625e+02  4.800000e+01
   endloop
 endfacet
 facet normal -2.057667e-02 -9.997883e-01  5.013684e-21
   outer loop
     vertex  7.751173e+01  1.031634e+02  5.200000e+01
     vertex  7.755425e+01  1.031625e+02  4.800000e+01
     vertex  7.755425e+01  1.031625e+02  5.200000e+01
   endloop
 endfacet
 facet normal  6.859319e-03 -9.999765e-01  0.000000e+00
   outer loop
     vertex  7.746921e+01  1.031631e+02  5.200000e+01
     vertex  7.746921e+01  1.031631e+02  4.800000e+01
     vertex  7.751173e+01  1.031634e+02  4.800000e+01
   endloop
 endfacet
 facet normal  6.859319e-03 -9.999765e-01 -2.298340e-21
   outer loop
     vertex  7.746921e+01  1.031631e+02  5.200000e+01
     vertex  7.751173e+01  1.031634e+02  4.800000e+01
     vertex  7.751173e+01  1.031634e+02  5.200000e+01
   endloop
 endfacet
 facet normal  3.429014e-02 -9.994119e-01  0.000000e+00
   outer loop
     vertex  7.742670e+01  1.031616e+02  5.200000e+01
     vertex  7.742670e+01  1.031616e+02  4.800000e+01
     vertex  7.746921e+01  1.031631e+02  4.800000e+01
   endloop
 endfacet
 facet normal  6.169515e-02 -9.980950e-01  0.000000e+00
   outer loop
     vertex  7.742670e+01  1.031616e+02  5.200000e+01
     vertex  7.738426e+01  1.031590e+02  4.800000e+01
     vertex  7.742670e+01  1.031616e+02  4.800000e+01
   endloop
 endfacet
 facet normal  3.429014e-02 -9.994119e-01 -3.538555e-20
   outer loop
     vertex  7.742670e+01  1.031616e+02  5.200000e+01
     vertex  7.746921e+01  1.031631e+02  4.800000e+01
     vertex  7.746921e+01  1.031631e+02  5.200000e+01
   endloop
 endfacet
 facet normal  8.905371e-02 -9.960268e-01  0.000000e+00
   outer loop
     vertex  7.738426e+01  1.031590e+02  5.200000e+01
     vertex  7.734190e+01  1.031552e+02  4.800000e+01
     vertex  7.738426e+01  1.031590e+02  4.800000e+01
   endloop
 endfacet
 facet normal  6.169515e-02 -9.980950e-01  0.000000e+00
   outer loop
     vertex  7.738426e+01  1.031590e+02  5.200000e+01
     vertex  7.738426e+01  1.031590e+02  4.800000e+01
     vertex  7.742670e+01  1.031616e+02  5.200000e+01
   endloop
 endfacet
 facet normal  8.905371e-02 -9.960268e-01  0.000000e+00
   outer loop
     vertex  7.734190e+01  1.031552e+02  5.200000e+01
     vertex  7.734190e+01  1.031552e+02  4.800000e+01
     vertex  7.738426e+01  1.031590e+02  5.200000e+01
   endloop
 endfacet
 facet normal  1.163452e-01 -9.932088e-01 -2.784187e-20
   outer loop
     vertex  7.729966e+01  1.031503e+02  5.200000e+01
     vertex  7.734190e+01  1.031552e+02  4.800000e+01
     vertex  7.734190e+01  1.031552e+02  5.200000e+01
   endloop
 endfacet
 facet normal  1.163452e-01 -9.932088e-01  0.000000e+00
   outer loop
     vertex  7.729966e+01  1.031503e+02  5.200000e+01
     vertex  7.729966e+01  1.031503e+02  4.800000e+01
     vertex  7.734190e+01  1.031552e+02  4.800000e+01
   endloop
 endfacet
 facet normal  1.435492e-01 -9.896432e-01  0.000000e+00
   outer loop
     vertex  7.729966e+01  1.031503e+02  5.200000e+01
     vertex  7.725758e+01  1.031442e+02  4.800000e+01
     vertex  7.729966e+01  1.031503e+02  4.800000e+01
   endloop
 endfacet
 facet normal  1.435492e-01 -9.896432e-01  0.000000e+00
   outer loop
     vertex  7.725758e+01  1.031442e+02  5.200000e+01
     vertex  7.725758e+01  1.031442e+02  4.800000e+01
     vertex  7.729966e+01  1.031503e+02  5.200000e+01
   endloop
 endfacet
 facet normal  1.706451e-01 -9.853326e-01  1.005031e-19
   outer loop
     vertex  7.721567e+01  1.031369e+02  5.200000e+01
     vertex  7.725758e+01  1.031442e+02  4.800000e+01
     vertex  7.725758e+01  1.031442e+02  5.200000e+01
   endloop
 endfacet
 facet normal  1.706451e-01 -9.853326e-01  0.000000e+00
   outer loop
     vertex  7.721567e+01  1.031369e+02  5.200000e+01
     vertex  7.721567e+01  1.031369e+02  4.800000e+01
     vertex  7.725758e+01  1.031442e+02  4.800000e+01
   endloop
 endfacet
 facet normal  1.976125e-01 -9.802802e-01  0.000000e+00
   outer loop
     vertex  7.721567e+01  1.031369e+02  5.200000e+01
     vertex  7.717399e+01  1.031285e+02  4.800000e+01
     vertex  7.721567e+01  1.031369e+02  4.800000e+01
   endloop
 endfacet
 facet normal  1.976125e-01 -9.802802e-01  0.000000e+00
   outer loop
     vertex  7.717399e+01  1.031285e+02  5.200000e+01
     vertex  7.717399e+01  1.031285e+02  4.800000e+01
     vertex  7.721567e+01  1.031369e+02  5.200000e+01
   endloop
 endfacet
 facet normal  2.244312e-01 -9.744899e-01 -6.260945e-20
   outer loop
     vertex  7.713254e+01  1.031189e+02  5.200000e+01
     vertex  7.717399e+01  1.031285e+02  4.800000e+01
     vertex  7.717399e+01  1.031285e+02  5.200000e+01
   endloop
 endfacet
 facet normal  2.244312e-01 -9.744899e-01  0.000000e+00
   outer loop
     vertex  7.713254e+01  1.031189e+02  5.200000e+01
     vertex  7.713254e+01  1.031189e+02  4.800000e+01
     vertex  7.717399e+01  1.031285e+02  4.800000e+01
   endloop
 endfacet
 facet normal  2.510809e-01 -9.679661e-01  0.000000e+00
   outer loop
     vertex  7.713254e+01  1.031189e+02  5.200000e+01
     vertex  7.709138e+01  1.031083e+02  4.800000e+01
     vertex  7.713254e+01  1.031189e+02  4.800000e+01
   endloop
 endfacet
 facet normal  2.510809e-01 -9.679661e-01  0.000000e+00
   outer loop
     vertex  7.709138e+01  1.031083e+02  5.200000e+01
     vertex  7.709138e+01  1.031083e+02  4.800000e+01
     vertex  7.713254e+01  1.031189e+02  5.200000e+01
   endloop
 endfacet
 facet normal  2.775416e-01 -9.607136e-01  1.412486e-19
   outer loop
     vertex  7.705052e+01  1.030965e+02  5.200000e+01
     vertex  7.709138e+01  1.031083e+02  4.800000e+01
     vertex  7.709138e+01  1.031083e+02  5.200000e+01
   endloop
 endfacet
 facet normal  2.775416e-01 -9.607136e-01  0.000000e+00
   outer loop
     vertex  7.705052e+01  1.030965e+02  5.200000e+01
     vertex  7.705052e+01  1.030965e+02  4.800000e+01
     vertex  7.709138e+01  1.031083e+02  4.800000e+01
   endloop
 endfacet
 facet normal  3.037934e-01 -9.527379e-01 -7.003338e-20
   outer loop
     vertex  7.701001e+01  1.030835e+02  5.200000e+01
     vertex  7.705052e+01  1.030965e+02  4.800000e+01
     vertex  7.705052e+01  1.030965e+02  5.200000e+01
   endloop
 endfacet
 facet normal  3.037934e-01 -9.527379e-01  0.000000e+00
   outer loop
     vertex  7.701001e+01  1.030835e+02  5.200000e+01
     vertex  7.701001e+01  1.030835e+02  4.800000e+01
     vertex  7.705052e+01  1.030965e+02  4.800000e+01
   endloop
 endfacet
 facet normal  3.298166e-01 -9.440450e-01 -2.893339e-19
   outer loop
     vertex  7.696986e+01  1.030695e+02  5.200000e+01
     vertex  7.701001e+01  1.030835e+02  4.800000e+01
     vertex  7.701001e+01  1.030835e+02  5.200000e+01
   endloop
 endfacet
 facet normal  3.298166e-01 -9.440450e-01  0.000000e+00
   outer loop
     vertex  7.696986e+01  1.030695e+02  5.200000e+01
     vertex  7.696986e+01  1.030695e+02  4.800000e+01
     vertex  7.701001e+01  1.030835e+02  4.800000e+01
   endloop
 endfacet
 facet normal  3.555914e-01 -9.346415e-01 -9.282587e-20
   outer loop
     vertex  7.693011e+01  1.030544e+02  5.200000e+01
     vertex  7.696986e+01  1.030695e+02  4.800000e+01
     vertex  7.696986e+01  1.030695e+02  5.200000e+01
   endloop
 endfacet
 facet normal  3.555914e-01 -9.346415e-01  0.000000e+00
   outer loop
     vertex  7.693011e+01  1.030544e+02  5.200000e+01
     vertex  7.693011e+01  1.030544e+02  4.800000e+01
     vertex  7.696986e+01  1.030695e+02  4.800000e+01
   endloop
 endfacet
 facet normal  3.810986e-01 -9.245344e-01 -1.733820e-19
   outer loop
     vertex  7.689079e+01  1.030382e+02  5.200000e+01
     vertex  7.693011e+01  1.030544e+02  4.800000e+01
     vertex  7.693011e+01  1.030544e+02  5.200000e+01
   endloop
 endfacet
 facet normal  3.810986e-01 -9.245344e-01  0.000000e+00
   outer loop
     vertex  7.689079e+01  1.030382e+02  5.200000e+01
     vertex  7.689079e+01  1.030382e+02  4.800000e+01
     vertex  7.693011e+01  1.030544e+02  4.800000e+01
   endloop
 endfacet
 facet normal  4.063188e-01 -9.137314e-01  0.000000e+00
   outer loop
     vertex  7.685194e+01  1.030209e+02  5.200000e+01
     vertex  7.685194e+01  1.030209e+02  4.800000e+01
     vertex  7.689079e+01  1.030382e+02  4.800000e+01
   endloop
 endfacet
 facet normal  4.063188e-01 -9.137314e-01 -4.944197e-20
   outer loop
     vertex  7.685194e+01  1.030209e+02  5.200000e+01
     vertex  7.689079e+01  1.030382e+02  4.800000e+01
     vertex  7.689079e+01  1.030382e+02  5.200000e+01
   endloop
 endfacet
 facet normal  4.312333e-01 -9.022405e-01  0.000000e+00
   outer loop
     vertex  7.681357e+01  1.030026e+02  5.200000e+01
     vertex  7.681357e+01  1.030026e+02  4.800000e+01
     vertex  7.685194e+01  1.030209e+02  4.800000e+01
   endloop
 endfacet
 facet normal  4.312333e-01 -9.022405e-01  2.356540e-19
   outer loop
     vertex  7.681357e+01  1.030026e+02  5.200000e+01
     vertex  7.685194e+01  1.030209e+02  4.800000e+01
     vertex  7.685194e+01  1.030209e+02  5.200000e+01
   endloop
 endfacet
 facet normal  4.558231e-01 -8.900704e-01  0.000000e+00
   outer loop
     vertex  7.677571e+01  1.029832e+02  5.200000e+01
     vertex  7.677571e+01  1.029832e+02  4.800000e+01
     vertex  7.681357e+01  1.030026e+02  4.800000e+01
   endloop
 endfacet
 facet normal  4.800697e-01 -8.772303e-01  0.000000e+00
   outer loop
     vertex  7.677571e+01  1.029832e+02  5.200000e+01
     vertex  7.673841e+01  1.029628e+02  4.800000e+01
     vertex  7.677571e+01  1.029832e+02  4.800000e+01
   endloop
 endfacet
 facet normal  4.558231e-01 -8.900704e-01 -2.816772e-19
   outer loop
     vertex  7.677571e+01  1.029832e+02  5.200000e+01
     vertex  7.681357e+01  1.030026e+02  4.800000e+01
     vertex  7.681357e+01  1.030026e+02  5.200000e+01
   endloop
 endfacet
 facet normal  5.039550e-01 -8.637299e-01  0.000000e+00
   outer loop
     vertex  7.673841e+01  1.029628e+02  5.200000e+01
     vertex  7.670168e+01  1.029413e+02  4.800000e+01
     vertex  7.673841e+01  1.029628e+02  4.800000e+01
   endloop
 endfacet
 facet normal  4.800697e-01 -8.772303e-01  0.000000e+00
   outer loop
     vertex  7.673841e+01  1.029628e+02  5.200000e+01
     vertex  7.673841e+01  1.029628e+02  4.800000e+01
     vertex  7.677571e+01  1.029832e+02  5.200000e+01
   endloop
 endfacet
 facet normal  5.274609e-01 -8.495793e-01  0.000000e+00
   outer loop
     vertex  7.670168e+01  1.029413e+02  5.200000e+01
     vertex  7.666555e+01  1.029189e+02  4.800000e+01
     vertex  7.670168e+01  1.029413e+02  4.800000e+01
   endloop
 endfacet
 facet normal  5.039550e-01 -8.637299e-01  0.000000e+00
   outer loop
     vertex  7.670168e+01  1.029413e+02  5.200000e+01
     vertex  7.670168e+01  1.029413e+02  4.800000e+01
     vertex  7.673841e+01  1.029628e+02  5.200000e+01
   endloop
 endfacet
 facet normal  5.274609e-01 -8.495793e-01  0.000000e+00
   outer loop
     vertex  7.666555e+01  1.029189e+02  5.200000e+01
     vertex  7.666555e+01  1.029189e+02  4.800000e+01
     vertex  7.670168e+01  1.029413e+02  5.200000e+01
   endloop
 endfacet
 facet normal  5.505698e-01 -8.347891e-01  0.000000e+00
   outer loop
     vertex  7.663005e+01  1.028955e+02  5.200000e+01
     vertex  7.663005e+01  1.028955e+02  4.800000e+01
     vertex  7.666555e+01  1.029189e+02  4.800000e+01
   endloop
 endfacet
 facet normal  5.505698e-01 -8.347891e-01  1.613563e-19
   outer loop
     vertex  7.663005e+01  1.028955e+02  5.200000e+01
     vertex  7.666555e+01  1.029189e+02  4.800000e+01
     vertex  7.666555e+01  1.029189e+02  5.200000e+01
   endloop
 endfacet
 facet normal  5.732642e-01 -8.193706e-01  0.000000e+00
   outer loop
     vertex  7.659520e+01  1.028711e+02  5.200000e+01
     vertex  7.659520e+01  1.028711e+02  4.800000e+01
     vertex  7.663005e+01  1.028955e+02  4.800000e+01
   endloop
 endfacet
 facet normal  5.955271e-01 -8.033352e-01  0.000000e+00
   outer loop
     vertex  7.659520e+01  1.028711e+02  5.200000e+01
     vertex  7.656104e+01  1.028458e+02  4.800000e+01
     vertex  7.659520e+01  1.028711e+02  4.800000e+01
   endloop
 endfacet
 facet normal  5.732642e-01 -8.193706e-01  1.759255e-19
   outer loop
     vertex  7.659520e+01  1.028711e+02  5.200000e+01
     vertex  7.663005e+01  1.028955e+02  4.800000e+01
     vertex  7.663005e+01  1.028955e+02  5.200000e+01
   endloop
 endfacet
 facet normal  5.955271e-01 -8.033352e-01  0.000000e+00
   outer loop
     vertex  7.656104e+01  1.028458e+02  5.200000e+01
     vertex  7.656104e+01  1.028458e+02  4.800000e+01
     vertex  7.659520e+01  1.028711e+02  5.200000e+01
   endloop
 endfacet
 facet normal  6.173417e-01 -7.866951e-01  0.000000e+00
   outer loop
     vertex  7.652758e+01  1.028195e+02  5.200000e+01
     vertex  7.652758e+01  1.028195e+02  4.800000e+01
     vertex  7.656104e+01  1.028458e+02  4.800000e+01
   endloop
 endfacet
 facet normal  6.386916e-01 -7.694628e-01  0.000000e+00
   outer loop
     vertex  7.652758e+01  1.028195e+02  5.200000e+01
     vertex  7.649486e+01  1.027924e+02  4.800000e+01
     vertex  7.652758e+01  1.028195e+02  4.800000e+01
   endloop
 endfacet
 facet normal  6.173417e-01 -7.866951e-01 -2.246792e-19
   outer loop
     vertex  7.652758e+01  1.028195e+02  5.200000e+01
     vertex  7.656104e+01  1.028458e+02  4.800000e+01
     vertex  7.656104e+01  1.028458e+02  5.200000e+01
   endloop
 endfacet
 facet normal  6.386916e-01 -7.694628e-01  0.000000e+00
   outer loop
     vertex  7.649486e+01  1.027924e+02  5.200000e+01
     vertex  7.649486e+01  1.027924e+02  4.800000e+01
     vertex  7.652758e+01  1.028195e+02  5.200000e+01
   endloop
 endfacet
 facet normal  6.595607e-01 -7.516513e-01  0.000000e+00
   outer loop
     vertex  7.646289e+01  1.027643e+02  5.200000e+01
     vertex  7.646289e+01  1.027643e+02  4.800000e+01
     vertex  7.649486e+01  1.027924e+02  4.800000e+01
   endloop
 endfacet
 facet normal  6.595607e-01 -7.516513e-01 -7.347948e-20
   outer loop
     vertex  7.646289e+01  1.027643e+02  5.200000e+01
     vertex  7.649486e+01  1.027924e+02  4.800000e+01
     vertex  7.649486e+01  1.027924e+02  5.200000e+01
   endloop
 endfacet
 facet normal  6.799333e-01 -7.332740e-01  0.000000e+00
   outer loop
     vertex  7.643171e+01  1.027354e+02  5.200000e+01
     vertex  7.643171e+01  1.027354e+02  4.800000e+01
     vertex  7.646289e+01  1.027643e+02  4.800000e+01
   endloop
 endfacet
 facet normal  6.799333e-01 -7.332740e-01  3.091861e-19
   outer loop
     vertex  7.643171e+01  1.027354e+02  5.200000e+01
     vertex  7.646289e+01  1.027643e+02  4.800000e+01
     vertex  7.646289e+01  1.027643e+02  5.200000e+01
   endloop
 endfacet
 facet normal  6.997940e-01 -7.143447e-01  0.000000e+00
   outer loop
     vertex  7.640133e+01  1.027057e+02  5.200000e+01
     vertex  7.640133e+01  1.027057e+02  4.800000e+01
     vertex  7.643171e+01  1.027354e+02  4.800000e+01
   endloop
 endfacet
 facet normal  7.191280e-01 -6.948776e-01  0.000000e+00
   outer loop
     vertex  7.640133e+01  1.027057e+02  5.200000e+01
     vertex  7.637178e+01  1.026751e+02  4.800000e+01
     vertex  7.640133e+01  1.027057e+02  4.800000e+01
   endloop
 endfacet
 facet normal  6.997940e-01 -7.143447e-01 -3.147583e-19
   outer loop
     vertex  7.640133e+01  1.027057e+02  5.200000e+01
     vertex  7.643171e+01  1.027354e+02  4.800000e+01
     vertex  7.643171e+01  1.027354e+02  5.200000e+01
   endloop
 endfacet
 facet normal  7.191280e-01 -6.948776e-01  0.000000e+00
   outer loop
     vertex  7.637178e+01  1.026751e+02  5.200000e+01
     vertex  7.637178e+01  1.026751e+02  4.800000e+01
     vertex  7.640133e+01  1.027057e+02  5.200000e+01
   endloop
 endfacet
 facet normal  7.379206e-01 -6.748875e-01  0.000000e+00
   outer loop
     vertex  7.637178e+01  1.026751e+02  5.200000e+01
     vertex  7.634308e+01  1.026437e+02  4.800000e+01
     vertex  7.637178e+01  1.026751e+02  4.800000e+01
   endloop
 endfacet
 facet normal  7.379206e-01 -6.748875e-01  0.000000e+00
   outer loop
     vertex  7.634308e+01  1.026437e+02  5.200000e+01
     vertex  7.634308e+01  1.026437e+02  4.800000e+01
     vertex  7.637178e+01  1.026751e+02  5.200000e+01
   endloop
 endfacet
 facet normal  7.561578e-01 -6.543893e-01 -1.573177e-19
   outer loop
     vertex  7.631525e+01  1.026115e+02  5.200000e+01
     vertex  7.634308e+01  1.026437e+02  4.800000e+01
     vertex  7.634308e+01  1.026437e+02  5.200000e+01
   endloop
 endfacet
 facet normal  7.561578e-01 -6.543893e-01  0.000000e+00
   outer loop
     vertex  7.631525e+01  1.026115e+02  5.200000e+01
     vertex  7.631525e+01  1.026115e+02  4.800000e+01
     vertex  7.634308e+01  1.026437e+02  4.800000e+01
   endloop
 endfacet
 facet normal  7.738257e-01 -6.333986e-01  0.000000e+00
   outer loop
     vertex  7.628831e+01  1.025786e+02  5.200000e+01
     vertex  7.628831e+01  1.025786e+02  4.800000e+01
     vertex  7.631525e+01  1.026115e+02  4.800000e+01
   endloop
 endfacet
 facet normal  7.738257e-01 -6.333986e-01 -3.886997e-20
   outer loop
     vertex  7.628831e+01  1.025786e+02  5.200000e+01
     vertex  7.631525e+01  1.026115e+02  4.800000e+01
     vertex  7.631525e+01  1.026115e+02  5.200000e+01
   endloop
 endfacet
 facet normal  7.909112e-01 -6.119310e-01  0.000000e+00
   outer loop
     vertex  7.626229e+01  1.025450e+02  5.200000e+01
     vertex  7.626229e+01  1.025450e+02  4.800000e+01
     vertex  7.628831e+01  1.025786e+02  4.800000e+01
   endloop
 endfacet
 facet normal  8.074012e-01 -5.900028e-01  0.000000e+00
   outer loop
     vertex  7.626229e+01  1.025450e+02  5.200000e+01
     vertex  7.623720e+01  1.025107e+02  4.800000e+01
     vertex  7.626229e+01  1.025450e+02  4.800000e+01
   endloop
 endfacet
 facet normal  7.909112e-01 -6.119310e-01 -1.247475e-19
   outer loop
     vertex  7.626229e+01  1.025450e+02  5.200000e+01
     vertex  7.628831e+01  1.025786e+02  4.800000e+01
     vertex  7.628831e+01  1.025786e+02  5.200000e+01
   endloop
 endfacet
 facet normal  8.074012e-01 -5.900028e-01  0.000000e+00
   outer loop
     vertex  7.623720e+01  1.025107e+02  5.200000e+01
     vertex  7.623720e+01  1.025107e+02  4.800000e+01
     vertex  7.626229e+01  1.025450e+02  5.200000e+01
   endloop
 endfacet
 facet normal  8.232835e-01 -5.676304e-01  0.000000e+00
   outer loop
     vertex  7.621306e+01  1.024756e+02  5.200000e+01
     vertex  7.621306e+01  1.024756e+02  4.800000e+01
     vertex  7.623720e+01  1.025107e+02  4.800000e+01
   endloop
 endfacet
 facet normal  8.232835e-01 -5.676304e-01  5.434030e-20
   outer loop
     vertex  7.621306e+01  1.024756e+02  5.200000e+01
     vertex  7.623720e+01  1.025107e+02  4.800000e+01
     vertex  7.623720e+01  1.025107e+02  5.200000e+01
   endloop
 endfacet
 facet normal  8.385460e-01 -5.448308e-01  0.000000e+00
   outer loop
     vertex  7.618989e+01  1.024400e+02  5.200000e+01
     vertex  7.618989e+01  1.024400e+02  4.800000e+01
     vertex  7.621306e+01  1.024756e+02  4.800000e+01
   endloop
 endfacet
 facet normal  8.385460e-01 -5.448308e-01 -2.565235e-19
   outer loop
     vertex  7.618989e+01  1.024400e+02  5.200000e+01
     vertex  7.621306e+01  1.024756e+02  4.800000e+01
     vertex  7.621306e+01  1.024756e+02  5.200000e+01
   endloop
 endfacet
 facet normal  8.531773e-01 -5.216210e-01  0.000000e+00
   outer loop
     vertex  7.616771e+01  1.024037e+02  5.200000e+01
     vertex  7.616771e+01  1.024037e+02  4.800000e+01
     vertex  7.618989e+01  1.024400e+02  4.800000e+01
   endloop
 endfacet
 facet normal  8.531773e-01 -5.216210e-01 -3.062979e-19
   outer loop
     vertex  7.616771e+01  1.024037e+02  5.200000e+01
     vertex  7.618989e+01  1.024400e+02  4.800000e+01
     vertex  7.618989e+01  1.024400e+02  5.200000e+01
   endloop
 endfacet
 facet normal  8.671664e-01 -4.980186e-01  0.000000e+00
   outer loop
     vertex  7.614653e+01  1.023668e+02  5.200000e+01
     vertex  7.614653e+01  1.023668e+02  4.800000e+01
     vertex  7.616771e+01  1.024037e+02  4.800000e+01
   endloop
 endfacet
 facet normal  8.671664e-01 -4.980186e-01  2.794354e-20
   outer loop
     vertex  7.614653e+01  1.023668e+02  5.200000e+01
     vertex  7.616771e+01  1.024037e+02  4.800000e+01
     vertex  7.616771e+01  1.024037e+02  5.200000e+01
   endloop
 endfacet
 facet normal  8.805026e-01 -4.740412e-01  0.000000e+00
   outer loop
     vertex  7.612637e+01  1.023294e+02  5.200000e+01
     vertex  7.612637e+01  1.023294e+02  4.800000e+01
     vertex  7.614653e+01  1.023668e+02  4.800000e+01
   endloop
 endfacet
 facet normal  8.805026e-01 -4.740412e-01  1.752940e-19
   outer loop
     vertex  7.612637e+01  1.023294e+02  5.200000e+01
     vertex  7.614653e+01  1.023668e+02  4.800000e+01
     vertex  7.614653e+01  1.023668e+02  5.200000e+01
   endloop
 endfacet
 facet normal  8.931761e-01 -4.497071e-01  0.000000e+00
   outer loop
     vertex  7.610725e+01  1.022914e+02  5.200000e+01
     vertex  7.610725e+01  1.022914e+02  4.800000e+01
     vertex  7.612637e+01  1.023294e+02  4.800000e+01
   endloop
 endfacet
 facet normal  8.931761e-01 -4.497071e-01 -3.950244e-20
   outer loop
     vertex  7.610725e+01  1.022914e+02  5.200000e+01
     vertex  7.612637e+01  1.023294e+02  4.800000e+01
     vertex  7.612637e+01  1.023294e+02  5.200000e+01
   endloop
 endfacet
 facet normal  9.051772e-01 -4.250344e-01  0.000000e+00
   outer loop
     vertex  7.608917e+01  1.022529e+02  5.200000e+01
     vertex  7.608917e+01  1.022529e+02  4.800000e+01
     vertex  7.610725e+01  1.022914e+02  4.800000e+01
   endloop
 endfacet
 facet normal  9.051772e-01 -4.250344e-01 -1.095709e-19
   outer loop
     vertex  7.608917e+01  1.022529e+02  5.200000e+01
     vertex  7.610725e+01  1.022914e+02  4.800000e+01
     vertex  7.610725e+01  1.022914e+02  5.200000e+01
   endloop
 endfacet
 facet normal  9.164969e-01 -4.000417e-01  0.000000e+00
   outer loop
     vertex  7.607216e+01  1.022139e+02  5.200000e+01
     vertex  7.607216e+01  1.022139e+02  4.800000e+01
     vertex  7.608917e+01  1.022529e+02  4.800000e+01
   endloop
 endfacet
 facet normal  9.271267e-01 -3.747479e-01  0.000000e+00
   outer loop
     vertex  7.607216e+01  1.022139e+02  5.200000e+01
     vertex  7.605622e+01  1.021745e+02  4.800000e+01
     vertex  7.607216e+01  1.022139e+02  4.800000e+01
   endloop
 endfacet
 facet normal  9.164969e-01 -4.000417e-01 -2.299420e-19
   outer loop
     vertex  7.607216e+01  1.022139e+02  5.200000e+01
     vertex  7.608917e+01  1.022529e+02  4.800000e+01
     vertex  7.608917e+01  1.022529e+02  5.200000e+01
   endloop
 endfacet
 facet normal  9.271267e-01 -3.747479e-01  0.000000e+00
   outer loop
     vertex  7.605622e+01  1.021745e+02  5.200000e+01
     vertex  7.605622e+01  1.021745e+02  4.800000e+01
     vertex  7.607216e+01  1.022139e+02  5.200000e+01
   endloop
 endfacet
 facet normal  9.370586e-01 -3.491720e-01  0.000000e+00
   outer loop
     vertex  7.604137e+01  1.021346e+02  5.200000e+01
     vertex  7.604137e+01  1.021346e+02  4.800000e+01
     vertex  7.605622e+01  1.021745e+02  4.800000e+01
   endloop
 endfacet
 facet normal  9.370586e-01 -3.491720e-01 -2.780750e-19
   outer loop
     vertex  7.604137e+01  1.021346e+02  5.200000e+01
     vertex  7.605622e+01  1.021745e+02  4.800000e+01
     vertex  7.605622e+01  1.021745e+02  5.200000e+01
   endloop
 endfacet
 facet normal  9.462851e-01 -3.233333e-01  0.000000e+00
   outer loop
     vertex  7.602762e+01  1.020944e+02  5.200000e+01
     vertex  7.602762e+01  1.020944e+02  4.800000e+01
     vertex  7.604137e+01  1.021346e+02  4.800000e+01
   endloop
 endfacet
 facet normal  9.462851e-01 -3.233333e-01 -8.554231e-20
   outer loop
     vertex  7.602762e+01  1.020944e+02  5.200000e+01
     vertex  7.604137e+01  1.021346e+02  4.800000e+01
     vertex  7.604137e+01  1.021346e+02  5.200000e+01
   endloop
 endfacet
 facet normal  9.547993e-01 -2.972512e-01  0.000000e+00
   outer loop
     vertex  7.601498e+01  1.020538e+02  5.200000e+01
     vertex  7.601498e+01  1.020538e+02  4.800000e+01
     vertex  7.602762e+01  1.020944e+02  4.800000e+01
   endloop
 endfacet
 facet normal  9.625948e-01 -2.709453e-01  0.000000e+00
   outer loop
     vertex  7.601498e+01  1.020538e+02  5.200000e+01
     vertex  7.600346e+01  1.020129e+02  4.800000e+01
     vertex  7.601498e+01  1.020538e+02  4.800000e+01
   endloop
 endfacet
 facet normal  9.547993e-01 -2.972512e-01  2.078384e-19
   outer loop
     vertex  7.601498e+01  1.020538e+02  5.200000e+01
     vertex  7.602762e+01  1.020944e+02  4.800000e+01
     vertex  7.602762e+01  1.020944e+02  5.200000e+01
   endloop
 endfacet
 facet normal  9.625948e-01 -2.709453e-01  0.000000e+00
   outer loop
     vertex  7.600346e+01  1.020129e+02  5.200000e+01
     vertex  7.600346e+01  1.020129e+02  4.800000e+01
     vertex  7.601498e+01  1.020538e+02  5.200000e+01
   endloop
 endfacet
 facet normal  9.696656e-01 -2.444354e-01  0.000000e+00
   outer loop
     vertex  7.599306e+01  1.019716e+02  5.200000e+01
     vertex  7.599306e+01  1.019716e+02  4.800000e+01
     vertex  7.600346e+01  1.020129e+02  4.800000e+01
   endloop
 endfacet
 facet normal  9.696656e-01 -2.444354e-01 -1.256204e-19
   outer loop
     vertex  7.599306e+01  1.019716e+02  5.200000e+01
     vertex  7.600346e+01  1.020129e+02  4.800000e+01
     vertex  7.600346e+01  1.020129e+02  5.200000e+01
   endloop
 endfacet
 facet normal  9.760065e-01 -2.177416e-01  0.000000e+00
   outer loop
     vertex  7.598380e+01  1.019301e+02  5.200000e+01
     vertex  7.598380e+01  1.019301e+02  4.800000e+01
     vertex  7.599306e+01  1.019716e+02  4.800000e+01
   endloop
 endfacet
 facet normal  9.760065e-01 -2.177416e-01  9.312386e-20
   outer loop
     vertex  7.598380e+01  1.019301e+02  5.200000e+01
     vertex  7.599306e+01  1.019716e+02  4.800000e+01
     vertex  7.599306e+01  1.019716e+02  5.200000e+01
   endloop
 endfacet
 facet normal  9.816126e-01 -1.908838e-01  0.000000e+00
   outer loop
     vertex  7.597568e+01  1.018884e+02  5.200000e+01
     vertex  7.597568e+01  1.018884e+02  4.800000e+01
     vertex  7.598380e+01  1.019301e+02  4.800000e+01
   endloop
 endfacet
 facet normal  9.864799e-01 -1.638824e-01  0.000000e+00
   outer loop
     vertex  7.597568e+01  1.018884e+02  5.200000e+01
     vertex  7.596872e+01  1.018464e+02  4.800000e+01
     vertex  7.597568e+01  1.018884e+02  4.800000e+01
   endloop
 endfacet
 facet normal  9.816126e-01 -1.908838e-01 -1.472224e-19
   outer loop
     vertex  7.597568e+01  1.018884e+02  5.200000e+01
     vertex  7.598380e+01  1.019301e+02  4.800000e+01
     vertex  7.598380e+01  1.019301e+02  5.200000e+01
   endloop
 endfacet
 facet normal  9.906046e-01 -1.367575e-01  0.000000e+00
   outer loop
     vertex  7.596872e+01  1.018464e+02  5.200000e+01
     vertex  7.596290e+01  1.018043e+02  4.800000e+01
     vertex  7.596872e+01  1.018464e+02  4.800000e+01
   endloop
 endfacet
 facet normal  9.864799e-01 -1.638824e-01  0.000000e+00
   outer loop
     vertex  7.596872e+01  1.018464e+02  5.200000e+01
     vertex  7.596872e+01  1.018464e+02  4.800000e+01
     vertex  7.597568e+01  1.018884e+02  5.200000e+01
   endloop
 endfacet
 facet normal  9.906046e-01 -1.367575e-01  0.000000e+00
   outer loop
     vertex  7.596290e+01  1.018043e+02  5.200000e+01
     vertex  7.596290e+01  1.018043e+02  4.800000e+01
     vertex  7.596872e+01  1.018464e+02  5.200000e+01
   endloop
 endfacet
 facet normal  9.939835e-01 -1.095298e-01 -3.751891e-20
   outer loop
     vertex  7.595824e+01  1.017620e+02  5.200000e+01
     vertex  7.596290e+01  1.018043e+02  4.800000e+01
     vertex  7.596290e+01  1.018043e+02  5.200000e+01
   endloop
 endfacet
 facet normal  9.939835e-01 -1.095298e-01  0.000000e+00
   outer loop
     vertex  7.595824e+01  1.017620e+02  5.200000e+01
     vertex  7.595824e+01  1.017620e+02  4.800000e+01
     vertex  7.596290e+01  1.018043e+02  4.800000e+01
   endloop
 endfacet
 facet normal  9.966142e-01 -8.221955e-02 -6.220609e-20
   outer loop
     vertex  7.595475e+01  1.017196e+02  5.200000e+01
     vertex  7.595824e+01  1.017620e+02  4.800000e+01
     vertex  7.595824e+01  1.017620e+02  5.200000e+01
   endloop
 endfacet
 facet normal  9.966142e-01 -8.221955e-02  0.000000e+00
   outer loop
     vertex  7.595475e+01  1.017196e+02  5.200000e+01
     vertex  7.595475e+01  1.017196e+02  4.800000e+01
     vertex  7.595824e+01  1.017620e+02  4.800000e+01
   endloop
 endfacet
 facet normal  9.984947e-01 -5.484744e-02  2.935621e-20
   outer loop
     vertex  7.595241e+01  1.016772e+02  5.200000e+01
     vertex  7.595475e+01  1.017196e+02  4.800000e+01
     vertex  7.595475e+01  1.017196e+02  5.200000e+01
   endloop
 endfacet
 facet normal  9.984947e-01 -5.484744e-02  0.000000e+00
   outer loop
     vertex  7.595241e+01  1.016772e+02  5.200000e+01
     vertex  7.595241e+01  1.016772e+02  4.800000e+01
     vertex  7.595475e+01  1.017196e+02  4.800000e+01
   endloop
 endfacet
 facet normal  9.996236e-01 -2.743405e-02  7.254282e-21
   outer loop
     vertex  7.595125e+01  1.016347e+02  5.200000e+01
     vertex  7.595241e+01  1.016772e+02  4.800000e+01
     vertex  7.595241e+01  1.016772e+02  5.200000e+01
   endloop
 endfacet
 facet normal  9.996236e-01 -2.743405e-02  0.000000e+00
   outer loop
     vertex  7.595125e+01  1.016347e+02  5.200000e+01
     vertex  7.595125e+01  1.016347e+02  4.800000e+01
     vertex  7.595241e+01  1.016772e+02  4.800000e+01
   endloop
 endfacet
 facet normal  1.000000e+00 -0.000000e+00  0.000000e+00
   outer loop
     vertex  7.595125e+01  1.015921e+02  5.200000e+01
     vertex  7.595125e+01  1.016347e+02  4.800000e+01
     vertex  7.595125e+01  1.016347e+02  5.200000e+01
   endloop
 endfacet
 facet normal  1.000000e+00  0.000000e+00  0.000000e+00
   outer loop
     vertex  7.595125e+01  1.015921e+02  5.200000e+01
     vertex  7.595125e+01  1.015921e+02  4.800000e+01
     vertex  7.595125e+01  1.016347e+02  4.800000e+01
   endloop
 endfacet
 facet normal  9.996236e-01  2.743405e-02 -7.254282e-21
   outer loop
     vertex  7.595241e+01  1.015496e+02  5.200000e+01
     vertex  7.595125e+01  1.015921e+02  4.800000e+01
     vertex  7.595125e+01  1.015921e+02  5.200000e+01
   endloop
 endfacet
 facet normal  9.996236e-01  2.743405e-02  0.000000e+00
   outer loop
     vertex  7.595241e+01  1.015496e+02  5.200000e+01
     vertex  7.595241e+01  1.015496e+02  4.800000e+01
     vertex  7.595125e+01  1.015921e+02  4.800000e+01
   endloop
 endfacet
 facet normal  9.984947e-01  5.484744e-02 -2.935621e-20
   outer loop
     vertex  7.595475e+01  1.015072e+02  5.200000e+01
     vertex  7.595241e+01  1.015496e+02  4.800000e+01
     vertex  7.595241e+01  1.015496e+02  5.200000e+01
   endloop
 endfacet
 facet normal  9.984947e-01  5.484744e-02  0.000000e+00
   outer loop
     vertex  7.595475e+01  1.015072e+02  5.200000e+01
     vertex  7.595475e+01  1.015072e+02  4.800000e+01
     vertex  7.595241e+01  1.015496e+02  4.800000e+01
   endloop
 endfacet
 facet normal  9.966142e-01  8.221955e-02  6.220609e-20
   outer loop
     vertex  7.595824e+01  1.014648e+02  5.200000e+01
     vertex  7.595475e+01  1.015072e+02  4.800000e+01
     vertex  7.595475e+01  1.015072e+02  5.200000e+01
   endloop
 endfacet
 facet normal  9.966142e-01  8.221955e-02  0.000000e+00
   outer loop
     vertex  7.595824e+01  1.014648e+02  5.200000e+01
     vertex  7.595824e+01  1.014648e+02  4.800000e+01
     vertex  7.595475e+01  1.015072e+02  4.800000e+01
   endloop
 endfacet
 facet normal  9.939835e-01  1.095298e-01  0.000000e+00
   outer loop
     vertex  7.595824e+01  1.014648e+02  5.200000e+01
     vertex  7.596290e+01  1.014225e+02  4.800000e+01
     vertex  7.595824e+01  1.014648e+02  4.800000e+01
   endloop
 endfacet
 facet normal  9.939835e-01  1.095298e-01  0.000000e+00
   outer loop
     vertex  7.596290e+01  1.014225e+02  5.200000e+01
     vertex  7.596290e+01  1.014225e+02  4.800000e+01
     vertex  7.595824e+01  1.014648e+02  5.200000e+01
   endloop
 endfacet
 facet normal  9.906046e-01  1.367575e-01 -1.242579e-20
   outer loop
     vertex  7.596872e+01  1.013804e+02  5.200000e+01
     vertex  7.596290e+01  1.014225e+02  4.800000e+01
     vertex  7.596290e+01  1.014225e+02  5.200000e+01
   endloop
 endfacet
 facet normal  9.906046e-01  1.367575e-01  0.000000e+00
   outer loop
     vertex  7.596872e+01  1.013804e+02  5.200000e+01
     vertex  7.596872e+01  1.013804e+02  4.800000e+01
     vertex  7.596290e+01  1.014225e+02  4.800000e+01
   endloop
 endfacet
 facet normal  9.864799e-01  1.638824e-01 -1.283545e-19
   outer loop
     vertex  7.597568e+01  1.013384e+02  5.200000e+01
     vertex  7.596872e+01  1.013804e+02  4.800000e+01
     vertex  7.596872e+01  1.013804e+02  5.200000e+01
   endloop
 endfacet
 facet normal  9.864799e-01  1.638824e-01  0.000000e+00
   outer loop
     vertex  7.597568e+01  1.013384e+02  5.200000e+01
     vertex  7.597568e+01  1.013384e+02  4.800000e+01
     vertex  7.596872e+01  1.013804e+02  4.800000e+01
   endloop
 endfacet
 facet normal  9.816126e-01  1.908838e-01  1.469946e-19
   outer loop
     vertex  7.598380e+01  1.012967e+02  5.200000e+01
     vertex  7.597568e+01  1.013384e+02  4.800000e+01
     vertex  7.597568e+01  1.013384e+02  5.200000e+01
   endloop
 endfacet
 facet normal  9.816126e-01  1.908838e-01  0.000000e+00
   outer loop
     vertex  7.598380e+01  1.012967e+02  5.200000e+01
     vertex  7.598380e+01  1.012967e+02  4.800000e+01
     vertex  7.597568e+01  1.013384e+02  4.800000e+01
   endloop
 endfacet
 facet normal  9.760065e-01  2.177416e-01  0.000000e+00
   outer loop
     vertex  7.599306e+01  1.012552e+02  5.200000e+01
     vertex  7.599306e+01  1.012552e+02  4.800000e+01
     vertex  7.598380e+01  1.012967e+02  4.800000e+01
   endloop
 endfacet
 facet normal  9.760065e-01  2.177416e-01  9.382754e-20
   outer loop
     vertex  7.599306e+01  1.012552e+02  5.200000e+01
     vertex  7.598380e+01  1.012967e+02  4.800000e+01
     vertex  7.598380e+01  1.012967e+02  5.200000e+01
   endloop
 endfacet
 facet normal  9.696656e-01  2.444354e-01  0.000000e+00
   outer loop
     vertex  7.600346e+01  1.012139e+02  5.200000e+01
     vertex  7.600346e+01  1.012139e+02  4.800000e+01
     vertex  7.599306e+01  1.012552e+02  4.800000e+01
   endloop
 endfacet
 facet normal  9.696656e-01  2.444354e-01  1.256204e-19
   outer loop
     vertex  7.600346e+01  1.012139e+02  5.200000e+01
     vertex  7.599306e+01  1.012552e+02  4.800000e+01
     vertex  7.599306e+01  1.012552e+02  5.200000e+01
   endloop
 endfacet
 facet normal  9.625948e-01  2.709453e-01  1.015220e-19
   outer loop
     vertex  7.601498e+01  1.011730e+02  5.200000e+01
     vertex  7.600346e+01  1.012139e+02  4.800000e+01
     vertex  7.600346e+01  1.012139e+02  5.200000e+01
   endloop
 endfacet
 facet normal  9.625948e-01  2.709453e-01  0.000000e+00
   outer loop
     vertex  7.601498e+01  1.011730e+02  5.200000e+01
     vertex  7.601498e+01  1.011730e+02  4.800000e+01
     vertex  7.600346e+01  1.012139e+02  4.800000e+01
   endloop
 endfacet
 facet normal  9.547993e-01  2.972512e-01  0.000000e+00
   outer loop
     vertex  7.602762e+01  1.011324e+02  5.200000e+01
     vertex  7.602762e+01  1.011324e+02  4.800000e+01
     vertex  7.601498e+01  1.011730e+02  4.800000e+01
   endloop
 endfacet
 facet normal  9.547993e-01  2.972512e-01 -2.724058e-19
   outer loop
     vertex  7.602762e+01  1.011324e+02  5.200000e+01
     vertex  7.601498e+01  1.011730e+02  4.800000e+01
     vertex  7.601498e+01  1.011730e+02  5.200000e+01
   endloop
 endfacet
 facet normal  9.462851e-01  3.233333e-01  0.000000e+00
   outer loop
     vertex  7.604137e+01  1.010922e+02  5.200000e+01
     vertex  7.604137e+01  1.010922e+02  4.800000e+01
     vertex  7.602762e+01  1.011324e+02  4.800000e+01
   endloop
 endfacet
 facet normal  9.462851e-01  3.233333e-01 -9.438747e-20
   outer loop
     vertex  7.604137e+01  1.010922e+02  5.200000e+01
     vertex  7.602762e+01  1.011324e+02  4.800000e+01
     vertex  7.602762e+01  1.011324e+02  5.200000e+01
   endloop
 endfacet
 facet normal  9.370586e-01  3.491720e-01  0.000000e+00
   outer loop
     vertex  7.605622e+01  1.010523e+02  5.200000e+01
     vertex  7.605622e+01  1.010523e+02  4.800000e+01
     vertex  7.604137e+01  1.010922e+02  4.800000e+01
   endloop
 endfacet
 facet normal  9.271267e-01  3.747479e-01  0.000000e+00
   outer loop
     vertex  7.605622e+01  1.010523e+02  5.200000e+01
     vertex  7.607216e+01  1.010129e+02  4.800000e+01
     vertex  7.605622e+01  1.010523e+02  4.800000e+01
   endloop
 endfacet
 facet normal  9.370586e-01  3.491720e-01  2.780750e-19
   outer loop
     vertex  7.605622e+01  1.010523e+02  5.200000e+01
     vertex  7.604137e+01  1.010922e+02  4.800000e+01
     vertex  7.604137e+01  1.010922e+02  5.200000e+01
   endloop
 endfacet
 facet normal  9.271267e-01  3.747479e-01  0.000000e+00
   outer loop
     vertex  7.607216e+01  1.010129e+02  5.200000e+01
     vertex  7.607216e+01  1.010129e+02  4.800000e+01
     vertex  7.605622e+01  1.010523e+02  5.200000e+01
   endloop
 endfacet
 facet normal  9.164969e-01  4.000417e-01  0.000000e+00
   outer loop
     vertex  7.608917e+01  1.009739e+02  5.200000e+01
     vertex  7.608917e+01  1.009739e+02  4.800000e+01
     vertex  7.607216e+01  1.010129e+02  4.800000e+01
   endloop
 endfacet
 facet normal  9.164969e-01  4.000417e-01 -1.371968e-20
   outer loop
     vertex  7.608917e+01  1.009739e+02  5.200000e+01
     vertex  7.607216e+01  1.010129e+02  4.800000e+01
     vertex  7.607216e+01  1.010129e+02  5.200000e+01
   endloop
 endfacet
 facet normal  9.051772e-01  4.250344e-01  0.000000e+00
   outer loop
     vertex  7.610725e+01  1.009354e+02  5.200000e+01
     vertex  7.610725e+01  1.009354e+02  4.800000e+01
     vertex  7.608917e+01  1.009739e+02  4.800000e+01
   endloop
 endfacet
 facet normal  9.051772e-01  4.250344e-01  1.095709e-19
   outer loop
     vertex  7.610725e+01  1.009354e+02  5.200000e+01
     vertex  7.608917e+01  1.009739e+02  4.800000e+01
     vertex  7.608917e+01  1.009739e+02  5.200000e+01
   endloop
 endfacet
 facet normal  8.931761e-01  4.497071e-01  0.000000e+00
   outer loop
     vertex  7.612637e+01  1.008974e+02  5.200000e+01
     vertex  7.612637e+01  1.008974e+02  4.800000e+01
     vertex  7.610725e+01  1.009354e+02  4.800000e+01
   endloop
 endfacet
 facet normal  8.805026e-01  4.740412e-01  0.000000e+00
   outer loop
     vertex  7.612637e+01  1.008974e+02  5.200000e+01
     vertex  7.614653e+01  1.008600e+02  4.800000e+01
     vertex  7.612637e+01  1.008974e+02  4.800000e+01
   endloop
 endfacet
 facet normal  8.931761e-01  4.497071e-01  8.581566e-20
   outer loop
     vertex  7.612637e+01  1.008974e+02  5.200000e+01
     vertex  7.610725e+01  1.009354e+02  4.800000e+01
     vertex  7.610725e+01  1.009354e+02  5.200000e+01
   endloop
 endfacet
 facet normal  8.671664e-01  4.980186e-01  0.000000e+00
   outer loop
     vertex  7.614653e+01  1.008600e+02  5.200000e+01
     vertex  7.616771e+01  1.008231e+02  4.800000e+01
     vertex  7.614653e+01  1.008600e+02  4.800000e+01
   endloop
 endfacet
 facet normal  8.805026e-01  4.740412e-01  0.000000e+00
   outer loop
     vertex  7.614653e+01  1.008600e+02  5.200000e+01
     vertex  7.614653e+01  1.008600e+02  4.800000e+01
     vertex  7.612637e+01  1.008974e+02  5.200000e+01
   endloop
 endfacet
 facet normal  8.671664e-01  4.980186e-01  0.000000e+00
   outer loop
     vertex  7.616771e+01  1.008231e+02  5.200000e+01
     vertex  7.616771e+01  1.008231e+02  4.800000e+01
     vertex  7.614653e+01  1.008600e+02  5.200000e+01
   endloop
 endfacet
 facet normal  8.531773e-01  5.216210e-01  0.000000e+00
   outer loop
     vertex  7.618989e+01  1.007868e+02  5.200000e+01
     vertex  7.618989e+01  1.007868e+02  4.800000e+01
     vertex  7.616771e+01  1.008231e+02  4.800000e+01
   endloop
 endfacet
 facet normal  8.385460e-01  5.448308e-01  0.000000e+00
   outer loop
     vertex  7.618989e+01  1.007868e+02  5.200000e+01
     vertex  7.621306e+01  1.007512e+02  4.800000e+01
     vertex  7.618989e+01  1.007868e+02  4.800000e+01
   endloop
 endfacet
 facet normal  8.531773e-01  5.216210e-01  3.062979e-19
   outer loop
     vertex  7.618989e+01  1.007868e+02  5.200000e+01
     vertex  7.616771e+01  1.008231e+02  4.800000e+01
     vertex  7.616771e+01  1.008231e+02  5.200000e+01
   endloop
 endfacet
 facet normal  8.385460e-01  5.448308e-01  0.000000e+00
   outer loop
     vertex  7.621306e+01  1.007512e+02  5.200000e+01
     vertex  7.621306e+01  1.007512e+02  4.800000e+01
     vertex  7.618989e+01  1.007868e+02  5.200000e+01
   endloop
 endfacet
 facet normal  8.232835e-01  5.676304e-01 -5.434030e-20
   outer loop
     vertex  7.623720e+01  1.007161e+02  5.200000e+01
     vertex  7.621306e+01  1.007512e+02  4.800000e+01
     vertex  7.621306e+01  1.007512e+02  5.200000e+01
   endloop
 endfacet
 facet normal  8.232835e-01  5.676304e-01  0.000000e+00
   outer loop
     vertex  7.623720e+01  1.007161e+02  5.200000e+01
     vertex  7.623720e+01  1.007161e+02  4.800000e+01
     vertex  7.621306e+01  1.007512e+02  4.800000e+01
   endloop
 endfacet
 facet normal  8.074012e-01  5.900028e-01  0.000000e+00
   outer loop
     vertex  7.623720e+01  1.007161e+02  5.200000e+01
     vertex  7.626229e+01  1.006818e+02  4.800000e+01
     vertex  7.623720e+01  1.007161e+02  4.800000e+01
   endloop
 endfacet
 facet normal  8.074012e-01  5.900028e-01  0.000000e+00
   outer loop
     vertex  7.626229e+01  1.006818e+02  5.200000e+01
     vertex  7.626229e+01  1.006818e+02  4.800000e+01
     vertex  7.623720e+01  1.007161e+02  5.200000e+01
   endloop
 endfacet
 facet normal  7.909112e-01  6.119310e-01 -1.341184e-19
   outer loop
     vertex  7.628831e+01  1.006482e+02  5.200000e+01
     vertex  7.626229e+01  1.006818e+02  4.800000e+01
     vertex  7.626229e+01  1.006818e+02  5.200000e+01
   endloop
 endfacet
 facet normal  7.909112e-01  6.119310e-01  0.000000e+00
   outer loop
     vertex  7.628831e+01  1.006482e+02  5.200000e+01
     vertex  7.628831e+01  1.006482e+02  4.800000e+01
     vertex  7.626229e+01  1.006818e+02  4.800000e+01
   endloop
 endfacet
 facet normal  7.738257e-01  6.333986e-01  0.000000e+00
   outer loop
     vertex  7.628831e+01  1.006482e+02  5.200000e+01
     vertex  7.631525e+01  1.006153e+02  4.800000e+01
     vertex  7.628831e+01  1.006482e+02  4.800000e+01
   endloop
 endfacet
 facet normal  7.738257e-01  6.333986e-01  0.000000e+00
   outer loop
     vertex  7.631525e+01  1.006153e+02  5.200000e+01
     vertex  7.631525e+01  1.006153e+02  4.800000e+01
     vertex  7.628831e+01  1.006482e+02  5.200000e+01
   endloop
 endfacet
 facet normal  7.561578e-01  6.543893e-01  2.362695e-19
   outer loop
     vertex  7.634308e+01  1.005831e+02  5.200000e+01
     vertex  7.631525e+01  1.006153e+02  4.800000e+01
     vertex  7.631525e+01  1.006153e+02  5.200000e+01
   endloop
 endfacet
 facet normal  7.561578e-01  6.543893e-01  0.000000e+00
   outer loop
     vertex  7.634308e+01  1.005831e+02  5.200000e+01
     vertex  7.634308e+01  1.005831e+02  4.800000e+01
     vertex  7.631525e+01  1.006153e+02  4.800000e+01
   endloop
 endfacet
 facet normal  7.379206e-01  6.748875e-01  2.931099e-19
   outer loop
     vertex  7.637178e+01  1.005517e+02  5.200000e+01
     vertex  7.634308e+01  1.005831e+02  4.800000e+01
     vertex  7.634308e+01  1.005831e+02  5.200000e+01
   endloop
 endfacet
 facet normal  7.379206e-01  6.748875e-01  0.000000e+00
   outer loop
     vertex  7.637178e+01  1.005517e+02  5.200000e+01
     vertex  7.637178e+01  1.005517e+02  4.800000e+01
     vertex  7.634308e+01  1.005831e+02  4.800000e+01
   endloop
 endfacet
 facet normal  7.191280e-01  6.948776e-01  3.284215e-20
   outer loop
     vertex  7.640133e+01  1.005211e+02  5.200000e+01
     vertex  7.637178e+01  1.005517e+02  4.800000e+01
     vertex  7.637178e+01  1.005517e+02  5.200000e+01
   endloop
 endfacet
 facet normal  7.191280e-01  6.948776e-01  0.000000e+00
   outer loop
     vertex  7.640133e+01  1.005211e+02  5.200000e+01
     vertex  7.640133e+01  1.005211e+02  4.800000e+01
     vertex  7.637178e+01  1.005517e+02  4.800000e+01
   endloop
 endfacet
 facet normal  6.997940e-01  7.143447e-01  1.239093e-19
   outer loop
     vertex  7.643171e+01  1.004914e+02  5.200000e+01
     vertex  7.640133e+01  1.005211e+02  4.800000e+01
     vertex  7.640133e+01  1.005211e+02  5.200000e+01
   endloop
 endfacet
 facet normal  6.997940e-01  7.143447e-01  0.000000e+00
   outer loop
     vertex  7.643171e+01  1.004914e+02  5.200000e+01
     vertex  7.643171e+01  1.004914e+02  4.800000e+01
     vertex  7.640133e+01  1.005211e+02  4.800000e+01
   endloop
 endfacet
 facet normal  6.799333e-01  7.332740e-01  0.000000e+00
   outer loop
     vertex  7.643171e+01  1.004914e+02  5.200000e+01
     vertex  7.646289e+01  1.004625e+02  4.800000e+01
     vertex  7.643171e+01  1.004914e+02  4.800000e+01
   endloop
 endfacet
 facet normal  6.799333e-01  7.332740e-01  0.000000e+00
   outer loop
     vertex  7.646289e+01  1.004625e+02  5.200000e+01
     vertex  7.646289e+01  1.004625e+02  4.800000e+01
     vertex  7.643171e+01  1.004914e+02  5.200000e+01
   endloop
 endfacet
 facet normal  6.595607e-01  7.516513e-01  0.000000e+00
   outer loop
     vertex  7.646289e+01  1.004625e+02  5.200000e+01
     vertex  7.649486e+01  1.004344e+02  4.800000e+01
     vertex  7.646289e+01  1.004625e+02  4.800000e+01
   endloop
 endfacet
 facet normal  6.595607e-01  7.516513e-01  0.000000e+00
   outer loop
     vertex  7.649486e+01  1.004344e+02  5.200000e+01
     vertex  7.649486e+01  1.004344e+02  4.800000e+01
     vertex  7.646289e+01  1.004625e+02  5.200000e+01
   endloop
 endfacet
 facet normal  6.386916e-01  7.694628e-01  6.693889e-20
   outer loop
     vertex  7.652758e+01  1.004073e+02  5.200000e+01
     vertex  7.649486e+01  1.004344e+02  4.800000e+01
     vertex  7.649486e+01  1.004344e+02  5.200000e+01
   endloop
 endfacet
 facet normal  6.386916e-01  7.694628e-01  0.000000e+00
   outer loop
     vertex  7.652758e+01  1.004073e+02  5.200000e+01
     vertex  7.652758e+01  1.004073e+02  4.800000e+01
     vertex  7.649486e+01  1.004344e+02  4.800000e+01
   endloop
 endfacet
 facet normal  6.173417e-01  7.866951e-01  2.246792e-19
   outer loop
     vertex  7.656104e+01  1.003810e+02  5.200000e+01
     vertex  7.652758e+01  1.004073e+02  4.800000e+01
     vertex  7.652758e+01  1.004073e+02  5.200000e+01
   endloop
 endfacet
 facet normal  6.173417e-01  7.866951e-01  0.000000e+00
   outer loop
     vertex  7.656104e+01  1.003810e+02  5.200000e+01
     vertex  7.656104e+01  1.003810e+02  4.800000e+01
     vertex  7.652758e+01  1.004073e+02  4.800000e+01
   endloop
 endfacet
 facet normal  5.955271e-01  8.033352e-01  1.240388e-19
   outer loop
     vertex  7.659520e+01  1.003557e+02  5.200000e+01
     vertex  7.656104e+01  1.003810e+02  4.800000e+01
     vertex  7.656104e+01  1.003810e+02  5.200000e+01
   endloop
 endfacet
 facet normal  5.955271e-01  8.033352e-01  0.000000e+00
   outer loop
     vertex  7.659520e+01  1.003557e+02  5.200000e+01
     vertex  7.659520e+01  1.003557e+02  4.800000e+01
     vertex  7.656104e+01  1.003810e+02  4.800000e+01
   endloop
 endfacet
 facet normal  5.732642e-01  8.193706e-01 -2.946085e-19
   outer loop
     vertex  7.663005e+01  1.003313e+02  5.200000e+01
     vertex  7.659520e+01  1.003557e+02  4.800000e+01
     vertex  7.659520e+01  1.003557e+02  5.200000e+01
   endloop
 endfacet
 facet normal  5.732642e-01  8.193706e-01  0.000000e+00
   outer loop
     vertex  7.663005e+01  1.003313e+02  5.200000e+01
     vertex  7.663005e+01  1.003313e+02  4.800000e+01
     vertex  7.659520e+01  1.003557e+02  4.800000e+01
   endloop
 endfacet
 facet normal  5.505698e-01  8.347891e-01  3.114467e-19
   outer loop
     vertex  7.666555e+01  1.003079e+02  5.200000e+01
     vertex  7.663005e+01  1.003313e+02  4.800000e+01
     vertex  7.663005e+01  1.003313e+02  5.200000e+01
   endloop
 endfacet
 facet normal  5.505698e-01  8.347891e-01  0.000000e+00
   outer loop
     vertex  7.666555e+01  1.003079e+02  5.200000e+01
     vertex  7.666555e+01  1.003079e+02  4.800000e+01
     vertex  7.663005e+01  1.003313e+02  4.800000e+01
   endloop
 endfacet
 facet normal  5.274609e-01  8.495793e-01  0.000000e+00
   outer loop
     vertex  7.666555e+01  1.003079e+02  5.200000e+01
     vertex  7.670168e+01  1.002855e+02  4.800000e+01
     vertex  7.666555e+01  1.003079e+02  4.800000e+01
   endloop
 endfacet
 facet normal  5.274609e-01  8.495793e-01  0.000000e+00
   outer loop
     vertex  7.670168e+01  1.002855e+02  5.200000e+01
     vertex  7.670168e+01  1.002855e+02  4.800000e+01
     vertex  7.666555e+01  1.003079e+02  5.200000e+01
   endloop
 endfacet
 facet normal  5.039550e-01  8.637299e-01  1.458921e-19
   outer loop
     vertex  7.673841e+01  1.002640e+02  5.200000e+01
     vertex  7.670168e+01  1.002855e+02  4.800000e+01
     vertex  7.670168e+01  1.002855e+02  5.200000e+01
   endloop
 endfacet
 facet normal  5.039550e-01  8.637299e-01  0.000000e+00
   outer loop
     vertex  7.673841e+01  1.002640e+02  5.200000e+01
     vertex  7.673841e+01  1.002640e+02  4.800000e+01
     vertex  7.670168e+01  1.002855e+02  4.800000e+01
   endloop
 endfacet
 facet normal  4.800697e-01  8.772303e-01  9.932325e-20
   outer loop
     vertex  7.677571e+01  1.002436e+02  5.200000e+01
     vertex  7.673841e+01  1.002640e+02  4.800000e+01
     vertex  7.673841e+01  1.002640e+02  5.200000e+01
   endloop
 endfacet
 facet normal  4.800697e-01  8.772303e-01  0.000000e+00
   outer loop
     vertex  7.677571e+01  1.002436e+02  5.200000e+01
     vertex  7.677571e+01  1.002436e+02  4.800000e+01
     vertex  7.673841e+01  1.002640e+02  4.800000e+01
   endloop
 endfacet
 facet normal  4.558231e-01  8.900704e-01  1.474930e-19
   outer loop
     vertex  7.681357e+01  1.002242e+02  5.200000e+01
     vertex  7.677571e+01  1.002436e+02  4.800000e+01
     vertex  7.677571e+01  1.002436e+02  5.200000e+01
   endloop
 endfacet
 facet normal  4.558231e-01  8.900704e-01  0.000000e+00
   outer loop
     vertex  7.681357e+01  1.002242e+02  5.200000e+01
     vertex  7.681357e+01  1.002242e+02  4.800000e+01
     vertex  7.677571e+01  1.002436e+02  4.800000e+01
   endloop
 endfacet
 facet normal  4.312333e-01  9.022405e-01 -5.988079e-20
   outer loop
     vertex  7.685194e+01  1.002059e+02  5.200000e+01
     vertex  7.681357e+01  1.002242e+02  4.800000e+01
     vertex  7.681357e+01  1.002242e+02  5.200000e+01
   endloop
 endfacet
 facet normal  4.312333e-01  9.022405e-01  0.000000e+00
   outer loop
     vertex  7.685194e+01  1.002059e+02  5.200000e+01
     vertex  7.685194e+01  1.002059e+02  4.800000e+01
     vertex  7.681357e+01  1.002242e+02  4.800000e+01
   endloop
 endfacet
 facet normal  4.063188e-01  9.137314e-01 -4.646925e-20
   outer loop
     vertex  7.689079e+01  1.001886e+02  5.200000e+01
     vertex  7.685194e+01  1.002059e+02  4.800000e+01
     vertex  7.685194e+01  1.002059e+02  5.200000e+01
   endloop
 endfacet
 facet normal  4.063188e-01  9.137314e-01  0.000000e+00
   outer loop
     vertex  7.689079e+01  1.001886e+02  5.200000e+01
     vertex  7.689079e+01  1.001886e+02  4.800000e+01
     vertex  7.685194e+01  1.002059e+02  4.800000e+01
   endloop
 endfacet
 facet normal  3.810986e-01  9.245344e-01  0.000000e+00
   outer loop
     vertex  7.689079e+01  1.001886e+02  5.200000e+01
     vertex  7.693011e+01  1.001724e+02  4.800000e+01
     vertex  7.689079e+01  1.001886e+02  4.800000e+01
   endloop
 endfacet
 facet normal  3.810986e-01  9.245344e-01  0.000000e+00
   outer loop
     vertex  7.693011e+01  1.001724e+02  5.200000e+01
     vertex  7.693011e+01  1.001724e+02  4.800000e+01
     vertex  7.689079e+01  1.001886e+02  5.200000e+01
   endloop
 endfacet
 facet normal  3.555914e-01  9.346415e-01  0.000000e+00
   outer loop
     vertex  7.696986e+01  1.001573e+02  5.200000e+01
     vertex  7.696986e+01  1.001573e+02  4.800000e+01
     vertex  7.693011e+01  1.001724e+02  4.800000e+01
   endloop
 endfacet
 facet normal  3.555914e-01  9.346415e-01  9.282587e-20
   outer loop
     vertex  7.696986e+01  1.001573e+02  5.200000e+01
     vertex  7.693011e+01  1.001724e+02  4.800000e+01
     vertex  7.693011e+01  1.001724e+02  5.200000e+01
   endloop
 endfacet
 facet normal  3.298166e-01  9.440450e-01  0.000000e+00
   outer loop
     vertex  7.701001e+01  1.001433e+02  5.200000e+01
     vertex  7.701001e+01  1.001433e+02  4.800000e+01
     vertex  7.696986e+01  1.001573e+02  4.800000e+01
   endloop
 endfacet
 facet normal  3.298166e-01  9.440450e-01 -8.003596e-20
   outer loop
     vertex  7.701001e+01  1.001433e+02  5.200000e+01
     vertex  7.696986e+01  1.001573e+02  4.800000e+01
     vertex  7.696986e+01  1.001573e+02  5.200000e+01
   endloop
 endfacet
 facet normal  3.037934e-01  9.527379e-01  0.000000e+00
   outer loop
     vertex  7.705052e+01  1.001303e+02  5.200000e+01
     vertex  7.705052e+01  1.001303e+02  4.800000e+01
     vertex  7.701001e+01  1.001433e+02  4.800000e+01
   endloop
 endfacet
 facet normal  3.037934e-01  9.527379e-01  2.410760e-19
   outer loop
     vertex  7.705052e+01  1.001303e+02  5.200000e+01
     vertex  7.701001e+01  1.001433e+02  4.800000e+01
     vertex  7.701001e+01  1.001433e+02  5.200000e+01
   endloop
 endfacet
 facet normal  2.775416e-01  9.607136e-01  1.468001e-19
   outer loop
     vertex  7.709138e+01  1.001185e+02  5.200000e+01
     vertex  7.705052e+01  1.001303e+02  4.800000e+01
     vertex  7.705052e+01  1.001303e+02  5.200000e+01
   endloop
 endfacet
 facet normal  2.775416e-01  9.607136e-01  0.000000e+00
   outer loop
     vertex  7.709138e+01  1.001185e+02  5.200000e+01
     vertex  7.709138e+01  1.001185e+02  4.800000e+01
     vertex  7.705052e+01  1.001303e+02  4.800000e+01
   endloop
 endfacet
 facet normal  2.510809e-01  9.679661e-01  0.000000e+00
   outer loop
     vertex  7.709138e+01  1.001185e+02  5.200000e+01
     vertex  7.713254e+01  1.001079e+02  4.800000e+01
     vertex  7.709138e+01  1.001185e+02  4.800000e+01
   endloop
 endfacet
 facet normal  2.510809e-01  9.679661e-01  0.000000e+00
   outer loop
     vertex  7.713254e+01  1.001079e+02  5.200000e+01
     vertex  7.713254e+01  1.001079e+02  4.800000e+01
     vertex  7.709138e+01  1.001185e+02  5.200000e+01
   endloop
 endfacet
 facet normal  2.244312e-01  9.744899e-01  6.260945e-20
   outer loop
     vertex  7.717399e+01  1.000983e+02  5.200000e+01
     vertex  7.713254e+01  1.001079e+02  4.800000e+01
     vertex  7.713254e+01  1.001079e+02  5.200000e+01
   endloop
 endfacet
 facet normal  2.244312e-01  9.744899e-01  0.000000e+00
   outer loop
     vertex  7.717399e+01  1.000983e+02  5.200000e+01
     vertex  7.717399e+01  1.000983e+02  4.800000e+01
     vertex  7.713254e+01  1.001079e+02  4.800000e+01
   endloop
 endfacet
 facet normal  1.976125e-01  9.802802e-01  0.000000e+00
   outer loop
     vertex  7.717399e+01  1.000983e+02  5.200000e+01
     vertex  7.721567e+01  1.000899e+02  4.800000e+01
     vertex  7.717399e+01  1.000983e+02  4.800000e+01
   endloop
 endfacet
 facet normal  1.976125e-01  9.802802e-01  0.000000e+00
   outer loop
     vertex  7.721567e+01  1.000899e+02  5.200000e+01
     vertex  7.721567e+01  1.000899e+02  4.800000e+01
     vertex  7.717399e+01  1.000983e+02  5.200000e+01
   endloop
 endfacet
 facet normal  1.706451e-01  9.853326e-01  9.863684e-20
   outer loop
     vertex  7.725758e+01  1.000826e+02  5.200000e+01
     vertex  7.721567e+01  1.000899e+02  4.800000e+01
     vertex  7.721567e+01  1.000899e+02  5.200000e+01
   endloop
 endfacet
 facet normal  1.706451e-01  9.853326e-01  0.000000e+00
   outer loop
     vertex  7.725758e+01  1.000826e+02  5.200000e+01
     vertex  7.725758e+01  1.000826e+02  4.800000e+01
     vertex  7.721567e+01  1.000899e+02  4.800000e+01
   endloop
 endfacet
 facet normal  1.435492e-01  9.896432e-01  0.000000e+00
   outer loop
     vertex  7.725758e+01  1.000826e+02  5.200000e+01
     vertex  7.729966e+01  1.000765e+02  4.800000e+01
     vertex  7.725758e+01  1.000826e+02  4.800000e+01
   endloop
 endfacet
 facet normal  1.435492e-01  9.896432e-01  0.000000e+00
   outer loop
     vertex  7.729966e+01  1.000765e+02  5.200000e+01
     vertex  7.729966e+01  1.000765e+02  4.800000e+01
     vertex  7.725758e+01  1.000826e+02  5.200000e+01
   endloop
 endfacet
 facet normal  1.163452e-01  9.932088e-01  2.784187e-20
   outer loop
     vertex  7.734190e+01  1.000716e+02  5.200000e+01
     vertex  7.729966e+01  1.000765e+02  4.800000e+01
     vertex  7.729966e+01  1.000765e+02  5.200000e+01
   endloop
 endfacet
 facet normal  1.163452e-01  9.932088e-01  0.000000e+00
   outer loop
     vertex  7.734190e+01  1.000716e+02  5.200000e+01
     vertex  7.734190e+01  1.000716e+02  4.800000e+01
     vertex  7.729966e+01  1.000765e+02  4.800000e+01
   endloop
 endfacet
 facet normal  8.905371e-02  9.960268e-01 -1.855443e-20
   outer loop
     vertex  7.738426e+01  1.000678e+02  5.200000e+01
     vertex  7.734190e+01  1.000716e+02  4.800000e+01
     vertex  7.734190e+01  1.000716e+02  5.200000e+01
   endloop
 endfacet
 facet normal  8.905371e-02  9.960268e-01  0.000000e+00
   outer loop
     vertex  7.738426e+01  1.000678e+02  5.200000e+01
     vertex  7.738426e+01  1.000678e+02  4.800000e+01
     vertex  7.734190e+01  1.000716e+02  4.800000e+01
   endloop
 endfacet
 facet normal  6.169515e-02  9.980950e-01  2.056474e-20
   outer loop
     vertex  7.742670e+01  1.000652e+02  5.200000e+01
     vertex  7.738426e+01  1.000678e+02  4.800000e+01
     vertex  7.738426e+01  1.000678e+02  5.200000e+01
   endloop
 endfacet
 facet normal  6.169515e-02  9.980950e-01  0.000000e+00
   outer loop
     vertex  7.742670e+01  1.000652e+02  5.200000e+01
     vertex  7.742670e+01  1.000652e+02  4.800000e+01
     vertex  7.738426e+01  1.000678e+02  4.800000e+01
   endloop
 endfacet
 facet normal  3.429014e-02  9.994119e-01  3.538555e-20
   outer loop
     vertex  7.746921e+01  1.000637e+02  5.200000e+01
     vertex  7.742670e+01  1.000652e+02  4.800000e+01
     vertex  7.742670e+01  1.000652e+02  5.200000e+01
   endloop
 endfacet
 facet normal  3.429014e-02  9.994119e-01  0.000000e+00
   outer loop
     vertex  7.746921e+01  1.000637e+02  5.200000e+01
     vertex  7.746921e+01  1.000637e+02  4.800000e+01
     vertex  7.742670e+01  1.000652e+02  4.800000e+01
   endloop
 endfacet
 facet normal  6.859319e-03  9.999765e-01  0.000000e+00
   outer loop
     vertex  7.746921e+01  1.000637e+02  5.200000e+01
     vertex  7.751173e+01  1.000634e+02  4.800000e+01
     vertex  7.746921e+01  1.000637e+02  4.800000e+01
   endloop
 endfacet
 facet normal  6.859319e-03  9.999765e-01  0.000000e+00
   outer loop
     vertex  7.751173e+01  1.000634e+02  5.200000e+01
     vertex  7.751173e+01  1.000634e+02  4.800000e+01
     vertex  7.746921e+01  1.000637e+02  5.200000e+01
   endloop
 endfacet
 facet normal -2.057667e-02  9.997883e-01 -5.013684e-21
   outer loop
     vertex  7.755425e+01  1.000643e+02  5.200000e+01
     vertex  7.751173e+01  1.000634e+02  4.800000e+01
     vertex  7.751173e+01  1.000634e+02  5.200000e+01
   endloop
 endfacet
 facet normal -2.057667e-02  9.997883e-01  0.000000e+00
   outer loop
     vertex  7.755425e+01  1.000643e+02  5.200000e+01
     vertex  7.755425e+01  1.000643e+02  4.800000e+01
     vertex  7.751173e+01  1.000634e+02  4.800000e+01
   endloop
 endfacet
 facet normal -4.799716e-02  9.988475e-01  0.000000e+00
   outer loop
     vertex  7.759673e+01  1.000664e+02  5.200000e+01
     vertex  7.759673e+01  1.000664e+02  4.800000e+01
     vertex  7.755425e+01  1.000643e+02  4.800000e+01
   endloop
 endfacet
 facet normal -7.538152e-02  9.971548e-01  0.000000e+00
   outer loop
     vertex  7.759673e+01  1.000664e+02  5.200000e+01
     vertex  7.763913e+01  1.000696e+02  4.800000e+01
     vertex  7.759673e+01  1.000664e+02  4.800000e+01
   endloop
 endfacet
 facet normal -4.799716e-02  9.988475e-01 -3.174113e-20
   outer loop
     vertex  7.759673e+01  1.000664e+02  5.200000e+01
     vertex  7.755425e+01  1.000643e+02  4.800000e+01
     vertex  7.755425e+01  1.000643e+02  5.200000e+01
   endloop
 endfacet
 facet normal -7.538152e-02  9.971548e-01  0.000000e+00
   outer loop
     vertex  7.763913e+01  1.000696e+02  5.200000e+01
     vertex  7.763913e+01  1.000696e+02  4.800000e+01
     vertex  7.759673e+01  1.000664e+02  5.200000e+01
   endloop
 endfacet
 facet normal -1.027091e-01  9.947114e-01  0.000000e+00
   outer loop
     vertex  7.768144e+01  1.000739e+02  5.200000e+01
     vertex  7.768144e+01  1.000739e+02  4.800000e+01
     vertex  7.763913e+01  1.000696e+02  4.800000e+01
   endloop
 endfacet
 facet normal -1.027091e-01  9.947114e-01  4.273299e-20
   outer loop
     vertex  7.768144e+01  1.000739e+02  5.200000e+01
     vertex  7.763913e+01  1.000696e+02  4.800000e+01
     vertex  7.763913e+01  1.000696e+02  5.200000e+01
   endloop
 endfacet
 facet normal -1.299594e-01  9.915193e-01  0.000000e+00
   outer loop
     vertex  7.772360e+01  1.000795e+02  5.200000e+01
     vertex  7.772360e+01  1.000795e+02  4.800000e+01
     vertex  7.768144e+01  1.000739e+02  4.800000e+01
   endloop
 endfacet
 facet normal -1.299594e-01  9.915193e-01  3.673521e-20
   outer loop
     vertex  7.772360e+01  1.000795e+02  5.200000e+01
     vertex  7.768144e+01  1.000739e+02  4.800000e+01
     vertex  7.768144e+01  1.000739e+02  5.200000e+01
   endloop
 endfacet
 facet normal -1.571119e-01  9.875808e-01  0.000000e+00
   outer loop
     vertex  7.776560e+01  1.000861e+02  5.200000e+01
     vertex  7.776560e+01  1.000861e+02  4.800000e+01
     vertex  7.772360e+01  1.000795e+02  4.800000e+01
   endloop
 endfacet
 facet normal -1.571119e-01  9.875808e-01 -1.386779e-19
   outer loop
     vertex  7.776560e+01  1.000861e+02  5.200000e+01
     vertex  7.772360e+01  1.000795e+02  4.800000e+01
     vertex  7.772360e+01  1.000795e+02  5.200000e+01
   endloop
 endfacet
 facet normal -1.841461e-01  9.828989e-01  0.000000e+00
   outer loop
     vertex  7.780740e+01  1.000940e+02  5.200000e+01
     vertex  7.780740e+01  1.000940e+02  4.800000e+01
     vertex  7.776560e+01  1.000861e+02  4.800000e+01
   endloop
 endfacet
 facet normal -1.841461e-01  9.828989e-01  4.042182e-20
   outer loop
     vertex  7.780740e+01  1.000940e+02  5.200000e+01
     vertex  7.776560e+01  1.000861e+02  4.800000e+01
     vertex  7.776560e+01  1.000861e+02  5.200000e+01
   endloop
 endfacet
 facet normal -2.110417e-01  9.774771e-01  0.000000e+00
   outer loop
     vertex  7.784897e+01  1.001029e+02  5.200000e+01
     vertex  7.784897e+01  1.001029e+02  4.800000e+01
     vertex  7.780740e+01  1.000940e+02  4.800000e+01
   endloop
 endfacet
 facet normal -2.110417e-01  9.774771e-01  1.440788e-19
   outer loop
     vertex  7.784897e+01  1.001029e+02  5.200000e+01
     vertex  7.780740e+01  1.000940e+02  4.800000e+01
     vertex  7.780740e+01  1.000940e+02  5.200000e+01
   endloop
 endfacet
 facet normal -2.377784e-01  9.713194e-01  0.000000e+00
   outer loop
     vertex  7.789028e+01  1.001131e+02  5.200000e+01
     vertex  7.789028e+01  1.001131e+02  4.800000e+01
     vertex  7.784897e+01  1.001029e+02  4.800000e+01
   endloop
 endfacet
 facet normal -2.643362e-01  9.644306e-01  0.000000e+00
   outer loop
     vertex  7.789028e+01  1.001131e+02  5.200000e+01
     vertex  7.793129e+01  1.001243e+02  4.800000e+01
     vertex  7.789028e+01  1.001131e+02  4.800000e+01
   endloop
 endfacet
 facet normal -2.377784e-01  9.713194e-01 -1.098318e-19
   outer loop
     vertex  7.789028e+01  1.001131e+02  5.200000e+01
     vertex  7.784897e+01  1.001029e+02  4.800000e+01
     vertex  7.784897e+01  1.001029e+02  5.200000e+01
   endloop
 endfacet
 facet normal -2.643362e-01  9.644306e-01  0.000000e+00
   outer loop
     vertex  7.793129e+01  1.001243e+02  5.200000e+01
     vertex  7.793129e+01  1.001243e+02  4.800000e+01
     vertex  7.789028e+01  1.001131e+02  5.200000e+01
   endloop
 endfacet
 facet normal -2.906949e-01  9.568158e-01  0.000000e+00
   outer loop
     vertex  7.797198e+01  1.001367e+02  5.200000e+01
     vertex  7.797198e+01  1.001367e+02  4.800000e+01
     vertex  7.793129e+01  1.001243e+02  4.800000e+01
   endloop
 endfacet
 facet normal -3.168348e-01  9.484807e-01  0.000000e+00
   outer loop
     vertex  7.797198e+01  1.001367e+02  5.200000e+01
     vertex  7.801232e+01  1.001501e+02  4.800000e+01
     vertex  7.797198e+01  1.001367e+02  4.800000e+01
   endloop
 endfacet
 facet normal -2.906949e-01  9.568158e-01 -3.571238e-20
   outer loop
     vertex  7.797198e+01  1.001367e+02  5.200000e+01
     vertex  7.793129e+01  1.001243e+02  4.800000e+01
     vertex  7.793129e+01  1.001243e+02  5.200000e+01
   endloop
 endfacet
 facet normal -3.168348e-01  9.484807e-01  0.000000e+00
   outer loop
     vertex  7.801232e+01  1.001501e+02  5.200000e+01
     vertex  7.801232e+01  1.001501e+02  4.800000e+01
     vertex  7.797198e+01  1.001367e+02  5.200000e+01
   endloop
 endfacet
 facet normal -3.427362e-01  9.394317e-01  0.000000e+00
   outer loop
     vertex  7.805227e+01  1.001647e+02  5.200000e+01
     vertex  7.805227e+01  1.001647e+02  4.800000e+01
     vertex  7.801232e+01  1.001501e+02  4.800000e+01
   endloop
 endfacet
 facet normal -3.427362e-01  9.394317e-01  1.654177e-19
   outer loop
     vertex  7.805227e+01  1.001647e+02  5.200000e+01
     vertex  7.801232e+01  1.001501e+02  4.800000e+01
     vertex  7.801232e+01  1.001501e+02  5.200000e+01
   endloop
 endfacet
 facet normal -3.683796e-01  9.296754e-01  0.000000e+00
   outer loop
     vertex  7.809180e+01  1.001804e+02  5.200000e+01
     vertex  7.809180e+01  1.001804e+02  4.800000e+01
     vertex  7.805227e+01  1.001647e+02  4.800000e+01
   endloop
 endfacet
 facet normal -3.683796e-01  9.296754e-01 -2.847770e-19
   outer loop
     vertex  7.809180e+01  1.001804e+02  5.200000e+01
     vertex  7.805227e+01  1.001647e+02  4.800000e+01
     vertex  7.805227e+01  1.001647e+02  5.200000e+01
   endloop
 endfacet
 facet normal -3.937458e-01  9.192194e-01  9.435374e-20
   outer loop
     vertex  7.813089e+01  1.001971e+02  5.200000e+01
     vertex  7.809180e+01  1.001804e+02  4.800000e+01
     vertex  7.809180e+01  1.001804e+02  5.200000e+01
   endloop
 endfacet
 facet normal -3.937458e-01  9.192194e-01  0.000000e+00
   outer loop
     vertex  7.813089e+01  1.001971e+02  5.200000e+01
     vertex  7.813089e+01  1.001971e+02  4.800000e+01
     vertex  7.809180e+01  1.001804e+02  4.800000e+01
   endloop
 endfacet
 facet normal -4.188155e-01  9.080714e-01  1.023084e-19
   outer loop
     vertex  7.816951e+01  1.002149e+02  5.200000e+01
     vertex  7.813089e+01  1.001971e+02  4.800000e+01
     vertex  7.813089e+01  1.001971e+02  5.200000e+01
   endloop
 endfacet
 facet normal -4.188155e-01  9.080714e-01  0.000000e+00
   outer loop
     vertex  7.816951e+01  1.002149e+02  5.200000e+01
     vertex  7.816951e+01  1.002149e+02  4.800000e+01
     vertex  7.813089e+01  1.001971e+02  4.800000e+01
   endloop
 endfacet
 facet normal -4.435699e-01  8.962398e-01 -1.565861e-19
   outer loop
     vertex  7.820763e+01  1.002338e+02  5.200000e+01
     vertex  7.816951e+01  1.002149e+02  4.800000e+01
     vertex  7.816951e+01  1.002149e+02  5.200000e+01
   endloop
 endfacet
 facet normal -4.435699e-01  8.962398e-01  0.000000e+00
   outer loop
     vertex  7.820763e+01  1.002338e+02  5.200000e+01
     vertex  7.820763e+01  1.002338e+02  4.800000e+01
     vertex  7.816951e+01  1.002149e+02  4.800000e+01
   endloop
 endfacet
 facet normal -4.679904e-01  8.837335e-01 -1.825991e-19
   outer loop
     vertex  7.824521e+01  1.002537e+02  5.200000e+01
     vertex  7.820763e+01  1.002338e+02  4.800000e+01
     vertex  7.820763e+01  1.002338e+02  5.200000e+01
   endloop
 endfacet
 facet normal -4.679904e-01  8.837335e-01  0.000000e+00
   outer loop
     vertex  7.824521e+01  1.002537e+02  5.200000e+01
     vertex  7.824521e+01  1.002537e+02  4.800000e+01
     vertex  7.820763e+01  1.002338e+02  4.800000e+01
   endloop
 endfacet
 facet normal -4.920587e-01  8.705620e-01  0.000000e+00
   outer loop
     vertex  7.824521e+01  1.002537e+02  5.200000e+01
     vertex  7.828223e+01  1.002746e+02  4.800000e+01
     vertex  7.824521e+01  1.002537e+02  4.800000e+01
   endloop
 endfacet
 facet normal -4.920587e-01  8.705620e-01  0.000000e+00
   outer loop
     vertex  7.828223e+01  1.002746e+02  5.200000e+01
     vertex  7.828223e+01  1.002746e+02  4.800000e+01
     vertex  7.824521e+01  1.002537e+02  5.200000e+01
   endloop
 endfacet
 facet normal -5.157565e-01  8.567352e-01  0.000000e+00
   outer loop
     vertex  7.831866e+01  1.002966e+02  5.200000e+01
     vertex  7.831866e+01  1.002966e+02  4.800000e+01
     vertex  7.828223e+01  1.002746e+02  4.800000e+01
   endloop
 endfacet
 facet normal -5.157565e-01  8.567352e-01 -1.026873e-19
   outer loop
     vertex  7.831866e+01  1.002966e+02  5.200000e+01
     vertex  7.828223e+01  1.002746e+02  4.800000e+01
     vertex  7.828223e+01  1.002746e+02  5.200000e+01
   endloop
 endfacet
 facet normal -5.390661e-01  8.422635e-01  0.000000e+00
   outer loop
     vertex  7.835448e+01  1.003195e+02  5.200000e+01
     vertex  7.835448e+01  1.003195e+02  4.800000e+01
     vertex  7.831866e+01  1.002966e+02  4.800000e+01
   endloop
 endfacet
 facet normal -5.390661e-01  8.422635e-01  1.202382e-20
   outer loop
     vertex  7.835448e+01  1.003195e+02  5.200000e+01
     vertex  7.831866e+01  1.002966e+02  4.800000e+01
     vertex  7.831866e+01  1.002966e+02  5.200000e+01
   endloop
 endfacet
 facet normal -5.619699e-01  8.271577e-01  0.000000e+00
   outer loop
     vertex  7.838966e+01  1.003434e+02  5.200000e+01
     vertex  7.838966e+01  1.003434e+02  4.800000e+01
     vertex  7.835448e+01  1.003195e+02  4.800000e+01
   endloop
 endfacet
 facet normal -5.844507e-01  8.114292e-01  0.000000e+00
   outer loop
     vertex  7.838966e+01  1.003434e+02  5.200000e+01
     vertex  7.842417e+01  1.003682e+02  4.800000e+01
     vertex  7.838966e+01  1.003434e+02  4.800000e+01
   endloop
 endfacet
 facet normal -5.619699e-01  8.271577e-01  1.678093e-19
   outer loop
     vertex  7.838966e+01  1.003434e+02  5.200000e+01
     vertex  7.835448e+01  1.003195e+02  4.800000e+01
     vertex  7.835448e+01  1.003195e+02  5.200000e+01
   endloop
 endfacet
 facet normal -5.844507e-01  8.114292e-01  0.000000e+00
   outer loop
     vertex  7.842417e+01  1.003682e+02  5.200000e+01
     vertex  7.842417e+01  1.003682e+02  4.800000e+01
     vertex  7.838966e+01  1.003434e+02  5.200000e+01
   endloop
 endfacet
 facet normal -6.064915e-01  7.950900e-01  0.000000e+00
   outer loop
     vertex  7.845798e+01  1.003940e+02  5.200000e+01
     vertex  7.845798e+01  1.003940e+02  4.800000e+01
     vertex  7.842417e+01  1.003682e+02  4.800000e+01
   endloop
 endfacet
 facet normal -6.064915e-01  7.950900e-01 -1.608161e-20
   outer loop
     vertex  7.845798e+01  1.003940e+02  5.200000e+01
     vertex  7.842417e+01  1.003682e+02  4.800000e+01
     vertex  7.842417e+01  1.003682e+02  5.200000e+01
   endloop
 endfacet
 facet normal -6.280757e-01  7.781522e-01  0.000000e+00
   outer loop
     vertex  7.849107e+01  1.004207e+02  5.200000e+01
     vertex  7.849107e+01  1.004207e+02  4.800000e+01
     vertex  7.845798e+01  1.003940e+02  4.800000e+01
   endloop
 endfacet
 facet normal -6.280757e-01  7.781522e-01  2.377669e-20
   outer loop
     vertex  7.849107e+01  1.004207e+02  5.200000e+01
     vertex  7.845798e+01  1.003940e+02  4.800000e+01
     vertex  7.845798e+01  1.003940e+02  5.200000e+01
   endloop
 endfacet
 facet normal -6.491872e-01  7.606287e-01  0.000000e+00
   outer loop
     vertex  7.852342e+01  1.004483e+02  5.200000e+01
     vertex  7.852342e+01  1.004483e+02  4.800000e+01
     vertex  7.849107e+01  1.004207e+02  4.800000e+01
   endloop
 endfacet
 facet normal -6.491872e-01  7.606287e-01 -1.927268e-19
   outer loop
     vertex  7.852342e+01  1.004483e+02  5.200000e+01
     vertex  7.849107e+01  1.004207e+02  4.800000e+01
     vertex  7.849107e+01  1.004207e+02  5.200000e+01
   endloop
 endfacet
 facet normal -6.698100e-01  7.425325e-01  0.000000e+00
   outer loop
     vertex  7.855500e+01  1.004768e+02  5.200000e+01
     vertex  7.855500e+01  1.004768e+02  4.800000e+01
     vertex  7.852342e+01  1.004483e+02  4.800000e+01
   endloop
 endfacet
 facet normal -6.698100e-01  7.425325e-01  5.336717e-20
   outer loop
     vertex  7.855500e+01  1.004768e+02  5.200000e+01
     vertex  7.852342e+01  1.004483e+02  4.800000e+01
     vertex  7.852342e+01  1.004483e+02  5.200000e+01
   endloop
 endfacet
 facet normal -6.899286e-01  7.238775e-01  0.000000e+00
   outer loop
     vertex  7.858578e+01  1.005062e+02  5.200000e+01
     vertex  7.858578e+01  1.005062e+02  4.800000e+01
     vertex  7.855500e+01  1.004768e+02  4.800000e+01
   endloop
 endfacet
 facet normal -7.095278e-01  7.046775e-01  0.000000e+00
   outer loop
     vertex  7.858578e+01  1.005062e+02  5.200000e+01
     vertex  7.861575e+01  1.005363e+02  4.800000e+01
     vertex  7.858578e+01  1.005062e+02  4.800000e+01
   endloop
 endfacet
 facet normal -6.899286e-01  7.238775e-01  1.049324e-19
   outer loop
     vertex  7.858578e+01  1.005062e+02  5.200000e+01
     vertex  7.855500e+01  1.004768e+02  4.800000e+01
     vertex  7.855500e+01  1.004768e+02  5.200000e+01
   endloop
 endfacet
 facet normal -7.095278e-01  7.046775e-01  0.000000e+00
   outer loop
     vertex  7.861575e+01  1.005363e+02  5.200000e+01
     vertex  7.861575e+01  1.005363e+02  4.800000e+01
     vertex  7.858578e+01  1.005062e+02  5.200000e+01
   endloop
 endfacet
 facet normal -7.285929e-01  6.849470e-01  0.000000e+00
   outer loop
     vertex  7.864488e+01  1.005673e+02  5.200000e+01
     vertex  7.864488e+01  1.005673e+02  4.800000e+01
     vertex  7.861575e+01  1.005363e+02  4.800000e+01
   endloop
 endfacet
 facet normal -7.471095e-01  6.647010e-01  0.000000e+00
   outer loop
     vertex  7.864488e+01  1.005673e+02  5.200000e+01
     vertex  7.867314e+01  1.005991e+02  4.800000e+01
     vertex  7.864488e+01  1.005673e+02  4.800000e+01
   endloop
 endfacet
 facet normal -7.285929e-01  6.849470e-01 -1.419208e-19
   outer loop
     vertex  7.864488e+01  1.005673e+02  5.200000e+01
     vertex  7.861575e+01  1.005363e+02  4.800000e+01
     vertex  7.861575e+01  1.005363e+02  5.200000e+01
   endloop
 endfacet
 facet normal -7.471095e-01  6.647010e-01  0.000000e+00
   outer loop
     vertex  7.867314e+01  1.005991e+02  5.200000e+01
     vertex  7.867314e+01  1.005991e+02  4.800000e+01
     vertex  7.864488e+01  1.005673e+02  5.200000e+01
   endloop
 endfacet
 facet normal -7.650637e-01  6.439545e-01  0.000000e+00
   outer loop
     vertex  7.870053e+01  1.006316e+02  5.200000e+01
     vertex  7.870053e+01  1.006316e+02  4.800000e+01
     vertex  7.867314e+01  1.005991e+02  4.800000e+01
   endloop
 endfacet
 facet normal -7.650637e-01  6.439545e-01  2.991394e-19
   outer loop
     vertex  7.870053e+01  1.006316e+02  5.200000e+01
     vertex  7.867314e+01  1.005991e+02  4.800000e+01
     vertex  7.867314e+01  1.005991e+02  5.200000e+01
   endloop
 endfacet
 facet normal -7.824421e-01  6.227234e-01  0.000000e+00
   outer loop
     vertex  7.872701e+01  1.006649e+02  5.200000e+01
     vertex  7.872701e+01  1.006649e+02  4.800000e+01
     vertex  7.870053e+01  1.006316e+02  4.800000e+01
   endloop
 endfacet
 facet normal -7.824421e-01  6.227234e-01 -1.091472e-19
   outer loop
     vertex  7.872701e+01  1.006649e+02  5.200000e+01
     vertex  7.870053e+01  1.006316e+02  4.800000e+01
     vertex  7.870053e+01  1.006316e+02  5.200000e+01
   endloop
 endfacet
 facet normal -7.992314e-01  6.010234e-01  0.000000e+00
   outer loop
     vertex  7.875257e+01  1.006989e+02  5.200000e+01
     vertex  7.875257e+01  1.006989e+02  4.800000e+01
     vertex  7.872701e+01  1.006649e+02  4.800000e+01
   endloop
 endfacet
 facet normal -8.154191e-01  5.788711e-01  0.000000e+00
   outer loop
     vertex  7.875257e+01  1.006989e+02  5.200000e+01
     vertex  7.877719e+01  1.007336e+02  4.800000e+01
     vertex  7.875257e+01  1.006989e+02  4.800000e+01
   endloop
 endfacet
 facet normal -7.992314e-01  6.010234e-01  1.198119e-19
   outer loop
     vertex  7.875257e+01  1.006989e+02  5.200000e+01
     vertex  7.872701e+01  1.006649e+02  4.800000e+01
     vertex  7.872701e+01  1.006649e+02  5.200000e+01
   endloop
 endfacet
 facet normal -8.309929e-01  5.562829e-01  0.000000e+00
   outer loop
     vertex  7.877719e+01  1.007336e+02  5.200000e+01
     vertex  7.880085e+01  1.007689e+02  4.800000e+01
     vertex  7.877719e+01  1.007336e+02  4.800000e+01
   endloop
 endfacet
 facet normal -8.154191e-01  5.788711e-01  0.000000e+00
   outer loop
     vertex  7.877719e+01  1.007336e+02  5.200000e+01
     vertex  7.877719e+01  1.007336e+02  4.800000e+01
     vertex  7.875257e+01  1.006989e+02  5.200000e+01
   endloop
 endfacet
 facet normal -8.309929e-01  5.562829e-01  0.000000e+00
   outer loop
     vertex  7.880085e+01  1.007689e+02  5.200000e+01
     vertex  7.880085e+01  1.007689e+02  4.800000e+01
     vertex  7.877719e+01  1.007336e+02  5.200000e+01
   endloop
 endfacet
 facet normal -8.459413e-01  5.332761e-01  0.000000e+00
   outer loop
     vertex  7.882352e+01  1.008049e+02  5.200000e+01
     vertex  7.882352e+01  1.008049e+02  4.800000e+01
     vertex  7.880085e+01  1.007689e+02  4.800000e+01
   endloop
 endfacet
 facet normal -8.459413e-01  5.332761e-01  1.953042e-19
   outer loop
     vertex  7.882352e+01  1.008049e+02  5.200000e+01
     vertex  7.880085e+01  1.007689e+02  4.800000e+01
     vertex  7.880085e+01  1.007689e+02  5.200000e+01
   endloop
 endfacet
 facet normal -8.602528e-01  5.098678e-01  0.000000e+00
   outer loop
     vertex  7.884521e+01  1.008415e+02  5.200000e+01
     vertex  7.884521e+01  1.008415e+02  4.800000e+01
     vertex  7.882352e+01  1.008049e+02  4.800000e+01
   endloop
 endfacet
 facet normal -8.602528e-01  5.098678e-01 -1.020753e-19
   outer loop
     vertex  7.884521e+01  1.008415e+02  5.200000e+01
     vertex  7.882352e+01  1.008049e+02  4.800000e+01
     vertex  7.882352e+01  1.008049e+02  5.200000e+01
   endloop
 endfacet
 facet normal -8.739167e-01  4.860756e-01  0.000000e+00
   outer loop
     vertex  7.886588e+01  1.008786e+02  5.200000e+01
     vertex  7.886588e+01  1.008786e+02  4.800000e+01
     vertex  7.884521e+01  1.008415e+02  4.800000e+01
   endloop
 endfacet
 facet normal -8.739167e-01  4.860756e-01  2.394760e-19
   outer loop
     vertex  7.886588e+01  1.008786e+02  5.200000e+01
     vertex  7.884521e+01  1.008415e+02  4.800000e+01
     vertex  7.884521e+01  1.008415e+02  5.200000e+01
   endloop
 endfacet
 facet normal -8.869228e-01  4.619176e-01  6.919005e-20
   outer loop
     vertex  7.888552e+01  1.009164e+02  5.200000e+01
     vertex  7.886588e+01  1.008786e+02  4.800000e+01
     vertex  7.886588e+01  1.008786e+02  5.200000e+01
   endloop
 endfacet
 facet normal -8.869228e-01  4.619176e-01  0.000000e+00
   outer loop
     vertex  7.888552e+01  1.009164e+02  5.200000e+01
     vertex  7.888552e+01  1.009164e+02  4.800000e+01
     vertex  7.886588e+01  1.008786e+02  4.800000e+01
   endloop
 endfacet
 facet normal -8.992613e-01  4.374119e-01  0.000000e+00
   outer loop
     vertex  7.888552e+01  1.009164e+02  5.200000e+01
     vertex  7.890412e+01  1.009546e+02  4.800000e+01
     vertex  7.888552e+01  1.009164e+02  4.800000e+01
   endloop
 endfacet
 facet normal -8.992613e-01  4.374119e-01  0.000000e+00
   outer loop
     vertex  7.890412e+01  1.009546e+02  5.200000e+01
     vertex  7.890412e+01  1.009546e+02  4.800000e+01
     vertex  7.888552e+01  1.009164e+02  5.200000e+01
   endloop
 endfacet
 facet normal -9.109228e-01  4.125769e-01  8.970378e-20
   outer loop
     vertex  7.892167e+01  1.009933e+02  5.200000e+01
     vertex  7.890412e+01  1.009546e+02  4.800000e+01
     vertex  7.890412e+01  1.009546e+02  5.200000e+01
   endloop
 endfacet
 facet normal -9.109228e-01  4.125769e-01  0.000000e+00
   outer loop
     vertex  7.892167e+01  1.009933e+02  5.200000e+01
     vertex  7.892167e+01  1.009933e+02  4.800000e+01
     vertex  7.890412e+01  1.009546e+02  4.800000e+01
   endloop
 endfacet
 facet normal -9.218986e-01  3.874313e-01  0.000000e+00
   outer loop
     vertex  7.892167e+01  1.009933e+02  5.200000e+01
     vertex  7.893815e+01  1.010325e+02  4.800000e+01
     vertex  7.892167e+01  1.009933e+02  4.800000e+01
   endloop
 endfacet
 facet normal -9.218986e-01  3.874313e-01  0.000000e+00
   outer loop
     vertex  7.893815e+01  1.010325e+02  5.200000e+01
     vertex  7.893815e+01  1.010325e+02  4.800000e+01
     vertex  7.892167e+01  1.009933e+02  5.200000e+01
   endloop
 endfacet
 facet normal -9.321804e-01  3.619940e-01  0.000000e+00
   outer loop
     vertex  7.895354e+01  1.010722e+02  5.200000e+01
     vertex  7.895354e+01  1.010722e+02  4.800000e+01
     vertex  7.893815e+01  1.010325e+02  4.800000e+01
   endloop
 endfacet
 facet normal -9.417605e-01  3.362843e-01  0.000000e+00
   outer loop
     vertex  7.895354e+01  1.010722e+02  5.200000e+01
     vertex  7.896784e+01  1.011122e+02  4.800000e+01
     vertex  7.895354e+01  1.010722e+02  4.800000e+01
   endloop
 endfacet
 facet normal -9.321804e-01  3.619940e-01  7.665266e-20
   outer loop
     vertex  7.895354e+01  1.010722e+02  5.200000e+01
     vertex  7.893815e+01  1.010325e+02  4.800000e+01
     vertex  7.893815e+01  1.010325e+02  5.200000e+01
   endloop
 endfacet
 facet normal -9.417605e-01  3.362843e-01  0.000000e+00
   outer loop
     vertex  7.896784e+01  1.011122e+02  5.200000e+01
     vertex  7.896784e+01  1.011122e+02  4.800000e+01
     vertex  7.895354e+01  1.010722e+02  5.200000e+01
   endloop
 endfacet
 facet normal -9.506317e-01  3.103214e-01  1.356758e-19
   outer loop
     vertex  7.898104e+01  1.011527e+02  5.200000e+01
     vertex  7.896784e+01  1.011122e+02  4.800000e+01
     vertex  7.896784e+01  1.011122e+02  5.200000e+01
   endloop
 endfacet
 facet normal -9.506317e-01  3.103214e-01  0.000000e+00
   outer loop
     vertex  7.898104e+01  1.011527e+02  5.200000e+01
     vertex  7.898104e+01  1.011527e+02  4.800000e+01
     vertex  7.896784e+01  1.011122e+02  4.800000e+01
   endloop
 endfacet
 facet normal -9.587873e-01  2.841250e-01  0.000000e+00
   outer loop
     vertex  7.898104e+01  1.011527e+02  5.200000e+01
     vertex  7.899312e+01  1.011934e+02  4.800000e+01
     vertex  7.898104e+01  1.011527e+02  4.800000e+01
   endloop
 endfacet
 facet normal -9.587873e-01  2.841250e-01  0.000000e+00
   outer loop
     vertex  7.899312e+01  1.011934e+02  5.200000e+01
     vertex  7.899312e+01  1.011934e+02  4.800000e+01
     vertex  7.898104e+01  1.011527e+02  5.200000e+01
   endloop
 endfacet
 facet normal -9.662211e-01  2.577146e-01  1.386123e-19
   outer loop
     vertex  7.900408e+01  1.012345e+02  5.200000e+01
     vertex  7.899312e+01  1.011934e+02  4.800000e+01
     vertex  7.899312e+01  1.011934e+02  5.200000e+01
   endloop
 endfacet
 facet normal -9.662211e-01  2.577146e-01  0.000000e+00
   outer loop
     vertex  7.900408e+01  1.012345e+02  5.200000e+01
     vertex  7.900408e+01  1.012345e+02  4.800000e+01
     vertex  7.899312e+01  1.011934e+02  4.800000e+01
   endloop
 endfacet
 facet normal -9.729276e-01  2.311102e-01  0.000000e+00
   outer loop
     vertex  7.900408e+01  1.012345e+02  5.200000e+01
     vertex  7.901391e+01  1.012759e+02  4.800000e+01
     vertex  7.900408e+01  1.012345e+02  4.800000e+01
   endloop
 endfacet
 facet normal -9.729276e-01  2.311102e-01  0.000000e+00
   outer loop
     vertex  7.901391e+01  1.012759e+02  5.200000e+01
     vertex  7.901391e+01  1.012759e+02  4.800000e+01
     vertex  7.900408e+01  1.012345e+02  5.200000e+01
   endloop
 endfacet
 facet normal -9.789017e-01  2.043319e-01  5.650377e-22
   outer loop
     vertex  7.902260e+01  1.013175e+02  5.200000e+01
     vertex  7.901391e+01  1.012759e+02  4.800000e+01
     vertex  7.901391e+01  1.012759e+02  5.200000e+01
   endloop
 endfacet
 facet normal -9.789017e-01  2.043319e-01  0.000000e+00
   outer loop
     vertex  7.902260e+01  1.013175e+02  5.200000e+01
     vertex  7.902260e+01  1.013175e+02  4.800000e+01
     vertex  7.901391e+01  1.012759e+02  4.800000e+01
   endloop
 endfacet
 facet normal -9.841389e-01  1.773998e-01  8.031457e-20
   outer loop
     vertex  7.903014e+01  1.013594e+02  5.200000e+01
     vertex  7.902260e+01  1.013175e+02  4.800000e+01
     vertex  7.902260e+01  1.013175e+02  5.200000e+01
   endloop
 endfacet
 facet normal -9.841389e-01  1.773998e-01  0.000000e+00
   outer loop
     vertex  7.903014e+01  1.013594e+02  5.200000e+01
     vertex  7.903014e+01  1.013594e+02  4.800000e+01
     vertex  7.902260e+01  1.013175e+02  4.800000e+01
   endloop
 endfacet
 facet normal -9.886353e-01  1.503341e-01  0.000000e+00
   outer loop
     vertex  7.903014e+01  1.013594e+02  5.200000e+01
     vertex  7.903654e+01  1.014014e+02  4.800000e+01
     vertex  7.903014e+01  1.013594e+02  4.800000e+01
   endloop
 endfacet
 facet normal -9.886353e-01  1.503341e-01  0.000000e+00
   outer loop
     vertex  7.903654e+01  1.014014e+02  5.200000e+01
     vertex  7.903654e+01  1.014014e+02  4.800000e+01
     vertex  7.903014e+01  1.013594e+02  5.200000e+01
   endloop
 endfacet
 facet normal -9.923874e-01  1.231552e-01  0.000000e+00
   outer loop
     vertex  7.904177e+01  1.014436e+02  5.200000e+01
     vertex  7.904177e+01  1.014436e+02  4.800000e+01
     vertex  7.903654e+01  1.014014e+02  4.800000e+01
   endloop
 endfacet
 facet normal -9.923874e-01  1.231552e-01  1.245152e-20
   outer loop
     vertex  7.904177e+01  1.014436e+02  5.200000e+01
     vertex  7.903654e+01  1.014014e+02  4.800000e+01
     vertex  7.903654e+01  1.014014e+02  5.200000e+01
   endloop
 endfacet
 facet normal -9.953925e-01  9.588368e-02  0.000000e+00
   outer loop
     vertex  7.904585e+01  1.014860e+02  5.200000e+01
     vertex  7.904585e+01  1.014860e+02  4.800000e+01
     vertex  7.904177e+01  1.014436e+02  4.800000e+01
   endloop
 endfacet
 facet normal -9.953925e-01  9.588368e-02  3.005399e-20
   outer loop
     vertex  7.904585e+01  1.014860e+02  5.200000e+01
     vertex  7.904177e+01  1.014436e+02  4.800000e+01
     vertex  7.904177e+01  1.014436e+02  5.200000e+01
   endloop
 endfacet
 facet normal -9.976484e-01  6.853995e-02  0.000000e+00
   outer loop
     vertex  7.904877e+01  1.015284e+02  5.200000e+01
     vertex  7.904877e+01  1.015284e+02  4.800000e+01
     vertex  7.904585e+01  1.014860e+02  4.800000e+01
   endloop
 endfacet
 facet normal -9.976484e-01  6.853995e-02  3.406517e-20
   outer loop
     vertex  7.904877e+01  1.015284e+02  5.200000e+01
     vertex  7.904585e+01  1.014860e+02  4.800000e+01
     vertex  7.904585e+01  1.014860e+02  5.200000e+01
   endloop
 endfacet
 facet normal -9.991532e-01  4.114462e-02  0.000000e+00
   outer loop
     vertex  7.905052e+01  1.015709e+02  5.200000e+01
     vertex  7.905052e+01  1.015709e+02  4.800000e+01
     vertex  7.904877e+01  1.015284e+02  4.800000e+01
   endloop
 endfacet
 facet normal -9.991532e-01  4.114462e-02 -8.264057e-21
   outer loop
     vertex  7.905052e+01  1.015709e+02  5.200000e+01
     vertex  7.904877e+01  1.015284e+02  4.800000e+01
     vertex  7.904877e+01  1.015284e+02  5.200000e+01
   endloop
 endfacet
 facet normal -9.999059e-01  1.371831e-02  0.000000e+00
   outer loop
     vertex  7.905110e+01  1.016134e+02  5.200000e+01
     vertex  7.905110e+01  1.016134e+02  4.800000e+01
     vertex  7.905052e+01  1.015709e+02  4.800000e+01
   endloop
 endfacet
 facet normal -9.999059e-01  1.371831e-02  2.447536e-21
   outer loop
     vertex  7.905110e+01  1.016134e+02  5.200000e+01
     vertex  7.905052e+01  1.015709e+02  4.800000e+01
     vertex  7.905052e+01  1.015709e+02  5.200000e+01
   endloop
 endfacet
 facet normal  0.000000e+00  0.000000e+00 -1.000000e+00
   outer loop
     vertex  7.634308e+01  1.005831e+02  5.200000e+01
     vertex  7.640133e+01  1.005211e+02  5.200000e+01
     vertex  7.637178e+01  1.005517e+02  5.200000e+01
   endloop
 endfacet
 facet normal  0.000000e+00  0.000000e+00 -1.000000e+00
   outer loop
     vertex  7.649486e+01  1.004344e+02  5.200000e+01
     vertex  7.646289e+01  1.004625e+02  5.200000e+01
     vertex  7.643171e+01  1.004914e+02  5.200000e+01
   endloop
 endfacet
 facet normal  0.000000e+00  0.000000e+00 -1.000000e+00
   outer loop
     vertex  7.626229e+01  1.006818e+02  5.200000e+01
     vertex  7.631525e+01  1.006153e+02  5.200000e+01
     vertex  7.628831e+01  1.006482e+02  5.200000e+01
   endloop
 endfacet
 facet normal  0.000000e+00  0.000000e+00 -1.000000e+00
   outer loop
     vertex  7.626229e+01  1.006818e+02  5.200000e+01
     vertex  7.634308e+01  1.005831e+02  5.200000e+01
     vertex  7.631525e+01  1.006153e+02  5.200000e+01
   endloop
 endfacet
 facet normal  0.000000e+00  0.000000e+00 -1.000000e+00
   outer loop
     vertex  7.666555e+01  1.003079e+02  5.200000e+01
     vertex  7.663005e+01  1.003313e+02  5.200000e+01
     vertex  7.659520e+01  1.003557e+02  5.200000e+01
   endloop
 endfacet
 facet normal  0.000000e+00  0.000000e+00 -1.000000e+00
   outer loop
     vertex  7.677571e+01  1.002436e+02  5.200000e+01
     vertex  7.673841e+01  1.002640e+02  5.200000e+01
     vertex  7.670168e+01  1.002855e+02  5.200000e+01
   endloop
 endfacet
 facet normal  0.000000e+00  0.000000e+00 -1.000000e+00
   outer loop
     vertex  7.612637e+01  1.008974e+02  5.200000e+01
     vertex  7.616771e+01  1.008231e+02  5.200000e+01
     vertex  7.614653e+01  1.008600e+02  5.200000e+01
   endloop
 endfacet
 facet normal  0.000000e+00  0.000000e+00 -1.000000e+00
   outer loop
     vertex  7.685194e+01  1.002059e+02  5.200000e+01
     vertex  7.681357e+01  1.002242e+02  5.200000e+01
     vertex  7.677571e+01  1.002436e+02  5.200000e+01
   endloop
 endfacet
 facet normal  0.000000e+00  0.000000e+00 -1.000000e+00
   outer loop
     vertex  7.693011e+01  1.001724e+02  5.200000e+01
     vertex  7.689079e+01  1.001886e+02  5.200000e+01
     vertex  7.685194e+01  1.002059e+02  5.200000e+01
   endloop
 endfacet
 facet normal  0.000000e+00  0.000000e+00 -1.000000e+00
   outer loop
     vertex  7.696986e+01  1.001573e+02  5.200000e+01
     vertex  7.693011e+01  1.001724e+02  5.200000e+01
     vertex  7.685194e+01  1.002059e+02  5.200000e+01
   endloop
 endfacet
 facet normal  0.000000e+00  0.000000e+00 -1.000000e+00
   outer loop
     vertex  7.701001e+01  1.001433e+02  5.200000e+01
     vertex  7.670168e+01  1.002855e+02  5.200000e+01
     vertex  7.666555e+01  1.003079e+02  5.200000e+01
   endloop
 endfacet
 facet normal  0.000000e+00  0.000000e+00 -1.000000e+00
   outer loop
     vertex  7.701001e+01  1.001433e+02  5.200000e+01
     vertex  7.677571e+01  1.002436e+02  5.200000e+01
     vertex  7.670168e+01  1.002855e+02  5.200000e+01
   endloop
 endfacet
 facet normal  0.000000e+00  0.000000e+00 -1.000000e+00
   outer loop
     vertex  7.701001e+01  1.001433e+02  5.200000e+01
     vertex  7.685194e+01  1.002059e+02  5.200000e+01
     vertex  7.677571e+01  1.002436e+02  5.200000e+01
   endloop
 endfacet
 facet normal  0.000000e+00  0.000000e+00 -1.000000e+00
   outer loop
     vertex  7.701001e+01  1.001433e+02  5.200000e+01
     vertex  7.696986e+01  1.001573e+02  5.200000e+01
     vertex  7.685194e+01  1.002059e+02  5.200000e+01
   endloop
 endfacet
 facet normal  0.000000e+00  0.000000e+00 -1.000000e+00
   outer loop
     vertex  7.599306e+01  1.012552e+02  5.200000e+01
     vertex  7.601498e+01  1.011730e+02  5.200000e+01
     vertex  7.600346e+01  1.012139e+02  5.200000e+01
   endloop
 endfacet
 facet normal  0.000000e+00  0.000000e+00 -1.000000e+00
   outer loop
     vertex  7.599306e+01  1.012552e+02  5.200000e+01
     vertex  7.602762e+01  1.011324e+02  5.200000e+01
     vertex  7.601498e+01  1.011730e+02  5.200000e+01
   endloop
 endfacet
 facet normal  0.000000e+00  0.000000e+00 -1.000000e+00
   outer loop
     vertex  7.599306e+01  1.012552e+02  5.200000e+01
     vertex  7.604137e+01  1.010922e+02  5.200000e+01
     vertex  7.602762e+01  1.011324e+02  5.200000e+01
   endloop
 endfacet
 facet normal  0.000000e+00  0.000000e+00 -1.000000e+00
   outer loop
     vertex  7.599306e+01  1.012552e+02  5.200000e+01
     vertex  7.605622e+01  1.010523e+02  5.200000e+01
     vertex  7.604137e+01  1.010922e+02  5.200000e+01
   endloop
 endfacet
 facet normal  0.000000e+00  0.000000e+00 -1.000000e+00
   outer loop
     vertex  7.599306e+01  1.012552e+02  5.200000e+01
     vertex  7.607216e+01  1.010129e+02  5.200000e+01
     vertex  7.605622e+01  1.010523e+02  5.200000e+01
   endloop
 endfacet
 facet normal  0.000000e+00  0.000000e+00 -1.000000e+00
   outer loop
     vertex  7.599306e+01  1.012552e+02  5.200000e+01
     vertex  7.608917e+01  1.009739e+02  5.200000e+01
     vertex  7.607216e+01  1.010129e+02  5.200000e+01
   endloop
 endfacet
 facet normal  0.000000e+00  0.000000e+00 -1.000000e+00
   outer loop
     vertex  7.599306e+01  1.012552e+02  5.200000e+01
     vertex  7.610725e+01  1.009354e+02  5.200000e+01
     vertex  7.608917e+01  1.009739e+02  5.200000e+01
   endloop
 endfacet
 facet normal  0.000000e+00  0.000000e+00 -1.000000e+00
   outer loop
     vertex  7.599306e+01  1.012552e+02  5.200000e+01
     vertex  7.612637e+01  1.008974e+02  5.200000e+01
     vertex  7.610725e+01  1.009354e+02  5.200000e+01
   endloop
 endfacet
 facet normal  0.000000e+00  0.000000e+00 -1.000000e+00
   outer loop
     vertex  7.599306e+01  1.012552e+02  5.200000e+01
     vertex  7.618989e+01  1.007868e+02  5.200000e+01
     vertex  7.616771e+01  1.008231e+02  5.200000e+01
   endloop
 endfacet
 facet normal  0.000000e+00  0.000000e+00 -1.000000e+00
   outer loop
     vertex  7.599306e+01  1.012552e+02  5.200000e+01
     vertex  7.621306e+01  1.007512e+02  5.200000e+01
     vertex  7.618989e+01  1.007868e+02  5.200000e+01
   endloop
 endfacet
 facet normal  0.000000e+00  0.000000e+00 -1.000000e+00
   outer loop
     vertex  7.599306e+01  1.012552e+02  5.200000e+01
     vertex  7.616771e+01  1.008231e+02  5.200000e+01
     vertex  7.612637e+01  1.008974e+02  5.200000e+01
   endloop
 endfacet
 facet normal  0.000000e+00  0.000000e+00 -1.000000e+00
   outer loop
     vertex  7.717399e+01  1.000983e+02  5.200000e+01
     vertex  7.705052e+01  1.001303e+02  5.200000e+01
     vertex  7.701001e+01  1.001433e+02  5.200000e+01
   endloop
 endfacet
 facet normal  0.000000e+00  0.000000e+00 -1.000000e+00
   outer loop
     vertex  7.717399e+01  1.000983e+02  5.200000e+01
     vertex  7.709138e+01  1.001185e+02  5.200000e+01
     vertex  7.705052e+01  1.001303e+02  5.200000e+01
   endloop
 endfacet
 facet normal  0.000000e+00  0.000000e+00 -1.000000e+00
   outer loop
     vertex  7.717399e+01  1.000983e+02  5.200000e+01
     vertex  7.713254e+01  1.001079e+02  5.200000e+01
     vertex  7.709138e+01  1.001185e+02  5.200000e+01
   endloop
 endfacet
 facet normal  0.000000e+00  0.000000e+00 -1.000000e+00
   outer loop
     vertex  7.597568e+01  1.013384e+02  5.200000e+01
     vertex  7.599306e+01  1.012552e+02  5.200000e+01
     vertex  7.598380e+01  1.012967e+02  5.200000e+01
   endloop
 endfacet
 facet normal  0.000000e+00  0.000000e+00 -1.000000e+00
   outer loop
     vertex  7.729966e+01  1.000765e+02  5.200000e+01
     vertex  7.721567e+01  1.000899e+02  5.200000e+01
     vertex  7.717399e+01  1.000983e+02  5.200000e+01
   endloop
 endfacet
 facet normal  0.000000e+00  0.000000e+00 -1.000000e+00
   outer loop
     vertex  7.729966e+01  1.000765e+02  5.200000e+01
     vertex  7.725758e+01  1.000826e+02  5.200000e+01
     vertex  7.721567e+01  1.000899e+02  5.200000e+01
   endloop
 endfacet
 facet normal  0.000000e+00  0.000000e+00 -1.000000e+00
   outer loop
     vertex  7.596290e+01  1.014225e+02  5.200000e+01
     vertex  7.597568e+01  1.013384e+02  5.200000e+01
     vertex  7.596872e+01  1.013804e+02  5.200000e+01
   endloop
 endfacet
 facet normal  0.000000e+00  0.000000e+00 -1.000000e+00
   outer loop
     vertex  7.595475e+01  1.015072e+02  5.200000e+01
     vertex  7.596290e+01  1.014225e+02  5.200000e+01
     vertex  7.595824e+01  1.014648e+02  5.200000e+01
   endloop
 endfacet
 facet normal  0.000000e+00  0.000000e+00 -1.000000e+00
   outer loop
     vertex  7.746921e+01  1.000637e+02  5.200000e+01
     vertex  7.742670e+01  1.000652e+02  5.200000e+01
     vertex  7.738426e+01  1.000678e+02  5.200000e+01
   endloop
 endfacet
 facet normal  0.000000e+00  0.000000e+00 -1.000000e+00
   outer loop
     vertex  7.763913e+01  1.000696e+02  5.200000e+01
     vertex  7.759673e+01  1.000664e+02  5.200000e+01
     vertex  7.755425e+01  1.000643e+02  5.200000e+01
   endloop
 endfacet
 facet normal  0.000000e+00  0.000000e+00 -1.000000e+00
   outer loop
     vertex  7.595824e+01  1.017620e+02  5.200000e+01
     vertex  7.595241e+01  1.016772e+02  5.200000e+01
     vertex  7.595475e+01  1.017196e+02  5.200000e+01
   endloop
 endfacet
 facet normal  0.000000e+00  0.000000e+00 -1.000000e+00
   outer loop
     vertex  7.768144e+01  1.000739e+02  5.200000e+01
     vertex  7.746921e+01  1.000637e+02  5.200000e+01
     vertex  7.738426e+01  1.000678e+02  5.200000e+01
   endloop
 endfacet
 facet normal  0.000000e+00  0.000000e+00 -1.000000e+00
   outer loop
     vertex  7.768144e+01  1.000739e+02  5.200000e+01
     vertex  7.763913e+01  1.000696e+02  5.200000e+01
     vertex  7.755425e+01  1.000643e+02  5.200000e+01
   endloop
 endfacet
 facet normal -0.000000e+00  0.000000e+00 -1.000000e+00
   outer loop
     vertex  7.768144e+01  1.000739e+02  5.200000e+01
     vertex  7.734190e+01  1.000716e+02  5.200000e+01
     vertex  7.729966e+01  1.000765e+02  5.200000e+01
   endloop
 endfacet
 facet normal  0.000000e+00  0.000000e+00 -1.000000e+00
   outer loop
     vertex  7.768144e+01  1.000739e+02  5.200000e+01
     vertex  7.738426e+01  1.000678e+02  5.200000e+01
     vertex  7.734190e+01  1.000716e+02  5.200000e+01
   endloop
 endfacet
 facet normal  0.000000e+00  0.000000e+00 -1.000000e+00
   outer loop
     vertex  7.768144e+01  1.000739e+02  5.200000e+01
     vertex  7.751173e+01  1.000634e+02  5.200000e+01
     vertex  7.746921e+01  1.000637e+02  5.200000e+01
   endloop
 endfacet
 facet normal  0.000000e+00  0.000000e+00 -1.000000e+00
   outer loop
     vertex  7.768144e+01  1.000739e+02  5.200000e+01
     vertex  7.755425e+01  1.000643e+02  5.200000e+01
     vertex  7.751173e+01  1.000634e+02  5.200000e+01
   endloop
 endfacet
 facet normal  0.000000e+00  0.000000e+00 -1.000000e+00
   outer loop
     vertex  7.596872e+01  1.018464e+02  5.200000e+01
     vertex  7.595824e+01  1.017620e+02  5.200000e+01
     vertex  7.596290e+01  1.018043e+02  5.200000e+01
   endloop
 endfacet
 facet normal  0.000000e+00  0.000000e+00 -1.000000e+00
   outer loop
     vertex  7.780740e+01  1.000940e+02  5.200000e+01
     vertex  7.772360e+01  1.000795e+02  5.200000e+01
     vertex  7.768144e+01  1.000739e+02  5.200000e+01
   endloop
 endfacet
 facet normal  0.000000e+00  0.000000e+00 -1.000000e+00
   outer loop
     vertex  7.780740e+01  1.000940e+02  5.200000e+01
     vertex  7.776560e+01  1.000861e+02  5.200000e+01
     vertex  7.772360e+01  1.000795e+02  5.200000e+01
   endloop
 endfacet
 facet normal  0.000000e+00  0.000000e+00 -1.000000e+00
   outer loop
     vertex  7.598380e+01  1.019301e+02  5.200000e+01
     vertex  7.596872e+01  1.018464e+02  5.200000e+01
     vertex  7.597568e+01  1.018884e+02  5.200000e+01
   endloop
 endfacet
 facet normal  0.000000e+00  0.000000e+00 -1.000000e+00
   outer loop
     vertex  7.598380e+01  1.019301e+02  5.200000e+01
     vertex  7.595125e+01  1.016347e+02  5.200000e+01
     vertex  7.595241e+01  1.016772e+02  5.200000e+01
   endloop
 endfacet
 facet normal  0.000000e+00  0.000000e+00 -1.000000e+00
   outer loop
     vertex  7.598380e+01  1.019301e+02  5.200000e+01
     vertex  7.595241e+01  1.016772e+02  5.200000e+01
     vertex  7.595824e+01  1.017620e+02  5.200000e+01
   endloop
 endfacet
 facet normal  0.000000e+00  0.000000e+00 -1.000000e+00
   outer loop
     vertex  7.598380e+01  1.019301e+02  5.200000e+01
     vertex  7.595824e+01  1.017620e+02  5.200000e+01
     vertex  7.596872e+01  1.018464e+02  5.200000e+01
   endloop
 endfacet
 facet normal  0.000000e+00  0.000000e+00 -1.000000e+00
   outer loop
     vertex  7.784897e+01  1.001029e+02  5.200000e+01
     vertex  7.780740e+01  1.000940e+02  5.200000e+01
     vertex  7.768144e+01  1.000739e+02  5.200000e+01
   endloop
 endfacet
 facet normal  0.000000e+00  0.000000e+00 -1.000000e+00
   outer loop
     vertex  7.600346e+01  1.020129e+02  5.200000e+01
     vertex  7.598380e+01  1.019301e+02  5.200000e+01
     vertex  7.599306e+01  1.019716e+02  5.200000e+01
   endloop
 endfacet
 facet normal  0.000000e+00  0.000000e+00 -1.000000e+00
   outer loop
     vertex  7.601498e+01  1.020538e+02  5.200000e+01
     vertex  7.595125e+01  1.015921e+02  5.200000e+01
     vertex  7.595125e+01  1.016347e+02  5.200000e+01
   endloop
 endfacet
 facet normal  0.000000e+00  0.000000e+00 -1.000000e+00
   outer loop
     vertex  7.601498e+01  1.020538e+02  5.200000e+01
     vertex  7.595241e+01  1.015496e+02  5.200000e+01
     vertex  7.595125e+01  1.015921e+02  5.200000e+01
   endloop
 endfacet
 facet normal  0.000000e+00  0.000000e+00 -1.000000e+00
   outer loop
     vertex  7.601498e+01  1.020538e+02  5.200000e+01
     vertex  7.598380e+01  1.019301e+02  5.200000e+01
     vertex  7.600346e+01  1.020129e+02  5.200000e+01
   endloop
 endfacet
 facet normal  0.000000e+00  0.000000e+00 -1.000000e+00
   outer loop
     vertex  7.601498e+01  1.020538e+02  5.200000e+01
     vertex  7.595125e+01  1.016347e+02  5.200000e+01
     vertex  7.598380e+01  1.019301e+02  5.200000e+01
   endloop
 endfacet
 facet normal  0.000000e+00  0.000000e+00 -1.000000e+00
   outer loop
     vertex  7.797198e+01  1.001367e+02  5.200000e+01
     vertex  7.789028e+01  1.001131e+02  5.200000e+01
     vertex  7.784897e+01  1.001029e+02  5.200000e+01
   endloop
 endfacet
 facet normal  0.000000e+00  0.000000e+00 -1.000000e+00
   outer loop
     vertex  7.797198e+01  1.001367e+02  5.200000e+01
     vertex  7.793129e+01  1.001243e+02  5.200000e+01
     vertex  7.789028e+01  1.001131e+02  5.200000e+01
   endloop
 endfacet
 facet normal  0.000000e+00  0.000000e+00 -1.000000e+00
   outer loop
     vertex  7.604137e+01  1.021346e+02  5.200000e+01
     vertex  7.601498e+01  1.020538e+02  5.200000e+01
     vertex  7.602762e+01  1.020944e+02  5.200000e+01
   endloop
 endfacet
 facet normal  0.000000e+00  0.000000e+00 -1.000000e+00
   outer loop
     vertex  7.813089e+01  1.001971e+02  5.200000e+01
     vertex  7.805227e+01  1.001647e+02  5.200000e+01
     vertex  7.801232e+01  1.001501e+02  5.200000e+01
   endloop
 endfacet
 facet normal  0.000000e+00  0.000000e+00 -1.000000e+00
   outer loop
     vertex  7.813089e+01  1.001971e+02  5.200000e+01
     vertex  7.809180e+01  1.001804e+02  5.200000e+01
     vertex  7.805227e+01  1.001647e+02  5.200000e+01
   endloop
 endfacet
 facet normal  0.000000e+00  0.000000e+00 -1.000000e+00
   outer loop
     vertex  7.608917e+01  1.022529e+02  5.200000e+01
     vertex  7.605622e+01  1.021745e+02  5.200000e+01
     vertex  7.607216e+01  1.022139e+02  5.200000e+01
   endloop
 endfacet
 facet normal  0.000000e+00  0.000000e+00 -1.000000e+00
   outer loop
     vertex  7.816951e+01  1.002149e+02  5.200000e+01
     vertex  7.813089e+01  1.001971e+02  5.200000e+01
     vertex  7.801232e+01  1.001501e+02  5.200000e+01
   endloop
 endfacet
 facet normal  0.000000e+00  0.000000e+00 -1.000000e+00
   outer loop
     vertex  7.816951e+01  1.002149e+02  5.200000e+01
     vertex  7.801232e+01  1.001501e+02  5.200000e+01
     vertex  7.797198e+01  1.001367e+02  5.200000e+01
   endloop
 endfacet
 facet normal  0.000000e+00  0.000000e+00 -1.000000e+00
   outer loop
     vertex  7.816951e+01  1.002149e+02  5.200000e+01
     vertex  7.797198e+01  1.001367e+02  5.200000e+01
     vertex  7.784897e+01  1.001029e+02  5.200000e+01
   endloop
 endfacet
 facet normal  0.000000e+00  0.000000e+00 -1.000000e+00
   outer loop
     vertex  7.610725e+01  1.022914e+02  5.200000e+01
     vertex  7.604137e+01  1.021346e+02  5.200000e+01
     vertex  7.605622e+01  1.021745e+02  5.200000e+01
   endloop
 endfacet
 facet normal  0.000000e+00  0.000000e+00 -1.000000e+00
   outer loop
     vertex  7.610725e+01  1.022914e+02  5.200000e+01
     vertex  7.601498e+01  1.020538e+02  5.200000e+01
     vertex  7.604137e+01  1.021346e+02  5.200000e+01
   endloop
 endfacet
 facet normal  0.000000e+00  0.000000e+00 -1.000000e+00
   outer loop
     vertex  7.610725e+01  1.022914e+02  5.200000e+01
     vertex  7.605622e+01  1.021745e+02  5.200000e+01
     vertex  7.608917e+01  1.022529e+02  5.200000e+01
   endloop
 endfacet
 facet normal  0.000000e+00  0.000000e+00 -1.000000e+00
   outer loop
     vertex  7.614653e+01  1.023668e+02  5.200000e+01
     vertex  7.610725e+01  1.022914e+02  5.200000e+01
     vertex  7.612637e+01  1.023294e+02  5.200000e+01
   endloop
 endfacet
 facet normal  0.000000e+00  0.000000e+00 -1.000000e+00
   outer loop
     vertex  7.828223e+01  1.002746e+02  5.200000e+01
     vertex  7.824521e+01  1.002537e+02  5.200000e+01
     vertex  7.820763e+01  1.002338e+02  5.200000e+01
   endloop
 endfacet
 facet normal  0.000000e+00  0.000000e+00 -1.000000e+00
   outer loop
     vertex  7.831866e+01  1.002966e+02  5.200000e+01
     vertex  7.828223e+01  1.002746e+02  5.200000e+01
     vertex  7.820763e+01  1.002338e+02  5.200000e+01
   endloop
 endfacet
 facet normal  0.000000e+00  0.000000e+00 -1.000000e+00
   outer loop
     vertex  7.618989e+01  1.024400e+02  5.200000e+01
     vertex  7.614653e+01  1.023668e+02  5.200000e+01
     vertex  7.616771e+01  1.024037e+02  5.200000e+01
   endloop
 endfacet
 facet normal  0.000000e+00  0.000000e+00 -1.000000e+00
   outer loop
     vertex  7.835448e+01  1.003195e+02  5.200000e+01
     vertex  7.816951e+01  1.002149e+02  5.200000e+01
     vertex  7.784897e+01  1.001029e+02  5.200000e+01
   endloop
 endfacet
 facet normal  0.000000e+00  0.000000e+00 -1.000000e+00
   outer loop
     vertex  7.835448e+01  1.003195e+02  5.200000e+01
     vertex  7.768144e+01  1.000739e+02  5.200000e+01
     vertex  7.729966e+01  1.000765e+02  5.200000e+01
   endloop
 endfacet
 facet normal  0.000000e+00  0.000000e+00 -1.000000e+00
   outer loop
     vertex  7.835448e+01  1.003195e+02  5.200000e+01
     vertex  7.784897e+01  1.001029e+02  5.200000e+01
     vertex  7.768144e+01  1.000739e+02  5.200000e+01
   endloop
 endfacet
 facet normal  0.000000e+00  0.000000e+00 -1.000000e+00
   outer loop
     vertex  7.835448e+01  1.003195e+02  5.200000e+01
     vertex  7.820763e+01  1.002338e+02  5.200000e+01
     vertex  7.816951e+01  1.002149e+02  5.200000e+01
   endloop
 endfacet
 facet normal  0.000000e+00  0.000000e+00 -1.000000e+00
   outer loop
     vertex  7.835448e+01  1.003195e+02  5.200000e+01
     vertex  7.831866e+01  1.002966e+02  5.200000e+01
     vertex  7.820763e+01  1.002338e+02  5.200000e+01
   endloop
 endfacet
 facet normal  0.000000e+00  0.000000e+00 -1.000000e+00
   outer loop
     vertex  7.842417e+01  1.003682e+02  5.200000e+01
     vertex  7.838966e+01  1.003434e+02  5.200000e+01
     vertex  7.835448e+01  1.003195e+02  5.200000e+01
   endloop
 endfacet
 facet normal  0.000000e+00  0.000000e+00 -1.000000e+00
   outer loop
     vertex  7.626229e+01  1.025450e+02  5.200000e+01
     vertex  7.621306e+01  1.024756e+02  5.200000e+01
     vertex  7.623720e+01  1.025107e+02  5.200000e+01
   endloop
 endfacet
 facet normal  0.000000e+00  0.000000e+00 -1.000000e+00
   outer loop
     vertex  7.626229e+01  1.025450e+02  5.200000e+01
     vertex  7.618989e+01  1.024400e+02  5.200000e+01
     vertex  7.621306e+01  1.024756e+02  5.200000e+01
   endloop
 endfacet
 facet normal  0.000000e+00  0.000000e+00 -1.000000e+00
   outer loop
     vertex  7.849107e+01  1.004207e+02  5.200000e+01
     vertex  7.845798e+01  1.003940e+02  5.200000e+01
     vertex  7.842417e+01  1.003682e+02  5.200000e+01
   endloop
 endfacet
 facet normal  0.000000e+00  0.000000e+00 -1.000000e+00
   outer loop
     vertex  7.631525e+01  1.026115e+02  5.200000e+01
     vertex  7.618989e+01  1.024400e+02  5.200000e+01
     vertex  7.626229e+01  1.025450e+02  5.200000e+01
   endloop
 endfacet
 facet normal  0.000000e+00  0.000000e+00 -1.000000e+00
   outer loop
     vertex  7.631525e+01  1.026115e+02  5.200000e+01
     vertex  7.626229e+01  1.025450e+02  5.200000e+01
     vertex  7.628831e+01  1.025786e+02  5.200000e+01
   endloop
 endfacet
 facet normal  0.000000e+00  0.000000e+00 -1.000000e+00
   outer loop
     vertex  7.852342e+01  1.004483e+02  5.200000e+01
     vertex  7.849107e+01  1.004207e+02  5.200000e+01
     vertex  7.842417e+01  1.003682e+02  5.200000e+01
   endloop
 endfacet
 facet normal  0.000000e+00  0.000000e+00 -1.000000e+00
   outer loop
     vertex  7.852342e+01  1.004483e+02  5.200000e+01
     vertex  7.842417e+01  1.003682e+02  5.200000e+01
     vertex  7.835448e+01  1.003195e+02  5.200000e+01
   endloop
 endfacet
 facet normal  0.000000e+00  0.000000e+00 -1.000000e+00
   outer loop
     vertex  7.637178e+01  1.026751e+02  5.200000e+01
     vertex  7.631525e+01  1.026115e+02  5.200000e+01
     vertex  7.634308e+01  1.026437e+02  5.200000e+01
   endloop
 endfacet
 facet normal  0.000000e+00  0.000000e+00 -1.000000e+00
   outer loop
     vertex  7.858578e+01  1.005062e+02  5.200000e+01
     vertex  7.855500e+01  1.004768e+02  5.200000e+01
     vertex  7.852342e+01  1.004483e+02  5.200000e+01
   endloop
 endfacet
 facet normal  0.000000e+00  0.000000e+00 -1.000000e+00
   outer loop
     vertex  7.640133e+01  1.027057e+02  5.200000e+01
     vertex  7.599306e+01  1.012552e+02  5.200000e+01
     vertex  7.597568e+01  1.013384e+02  5.200000e+01
   endloop
 endfacet
 facet normal  0.000000e+00  0.000000e+00 -1.000000e+00
   outer loop
     vertex  7.640133e+01  1.027057e+02  5.200000e+01
     vertex  7.601498e+01  1.020538e+02  5.200000e+01
     vertex  7.610725e+01  1.022914e+02  5.200000e+01
   endloop
 endfacet
 facet normal  0.000000e+00  0.000000e+00 -1.000000e+00
   outer loop
     vertex  7.640133e+01  1.027057e+02  5.200000e+01
     vertex  7.595475e+01  1.015072e+02  5.200000e+01
     vertex  7.595241e+01  1.015496e+02  5.200000e+01
   endloop
 endfacet
 facet normal  0.000000e+00  0.000000e+00 -1.000000e+00
   outer loop
     vertex  7.640133e+01  1.027057e+02  5.200000e+01
     vertex  7.597568e+01  1.013384e+02  5.200000e+01
     vertex  7.596290e+01  1.014225e+02  5.200000e+01
   endloop
 endfacet
 facet normal  0.000000e+00  0.000000e+00 -1.000000e+00
   outer loop
     vertex  7.640133e+01  1.027057e+02  5.200000e+01
     vertex  7.614653e+01  1.023668e+02  5.200000e+01
     vertex  7.618989e+01  1.024400e+02  5.200000e+01
   endloop
 endfacet
 facet normal  0.000000e+00  0.000000e+00 -1.000000e+00
   outer loop
     vertex  7.640133e+01  1.027057e+02  5.200000e+01
     vertex  7.596290e+01  1.014225e+02  5.200000e+01
     vertex  7.595475e+01  1.015072e+02  5.200000e+01
   endloop
 endfacet
 facet normal  0.000000e+00  0.000000e+00 -1.000000e+00
   outer loop
     vertex  7.640133e+01  1.027057e+02  5.200000e+01
     vertex  7.623720e+01  1.007161e+02  5.200000e+01
     vertex  7.621306e+01  1.007512e+02  5.200000e+01
   endloop
 endfacet
 facet normal  0.000000e+00  0.000000e+00 -1.000000e+00
   outer loop
     vertex  7.640133e+01  1.027057e+02  5.200000e+01
     vertex  7.626229e+01  1.006818e+02  5.200000e+01
     vertex  7.623720e+01  1.007161e+02  5.200000e+01
   endloop
 endfacet
 facet normal  0.000000e+00  0.000000e+00 -1.000000e+00
   outer loop
     vertex  7.640133e+01  1.027057e+02  5.200000e+01
     vertex  7.631525e+01  1.026115e+02  5.200000e+01
     vertex  7.637178e+01  1.026751e+02  5.200000e+01
   endloop
 endfacet
 facet normal  0.000000e+00  0.000000e+00 -1.000000e+00
   outer loop
     vertex  7.640133e+01  1.027057e+02  5.200000e+01
     vertex  7.595241e+01  1.015496e+02  5.200000e+01
     vertex  7.601498e+01  1.020538e+02  5.200000e+01
   endloop
 endfacet
 facet normal  0.000000e+00  0.000000e+00 -1.000000e+00
   outer loop
     vertex  7.640133e+01  1.027057e+02  5.200000e+01
     vertex  7.618989e+01  1.024400e+02  5.200000e+01
     vertex  7.631525e+01  1.026115e+02  5.200000e+01
   endloop
 endfacet
 facet normal  0.000000e+00  0.000000e+00 -1.000000e+00
   outer loop
     vertex  7.640133e+01  1.027057e+02  5.200000e+01
     vertex  7.621306e+01  1.007512e+02  5.200000e+01
     vertex  7.599306e+01  1.012552e+02  5.200000e+01
   endloop
 endfacet
 facet normal  0.000000e+00  0.000000e+00 -1.000000e+00
   outer loop
     vertex  7.640133e+01  1.027057e+02  5.200000e+01
     vertex  7.610725e+01  1.022914e+02  5.200000e+01
     vertex  7.614653e+01  1.023668e+02  5.200000e+01
   endloop
 endfacet
 facet normal  0.000000e+00  0.000000e+00 -1.000000e+00
   outer loop
     vertex  7.864488e+01  1.005673e+02  5.200000e+01
     vertex  7.852342e+01  1.004483e+02  5.200000e+01
     vertex  7.835448e+01  1.003195e+02  5.200000e+01
   endloop
 endfacet
 facet normal  0.000000e+00  0.000000e+00 -1.000000e+00
   outer loop
     vertex  7.864488e+01  1.005673e+02  5.200000e+01
     vertex  7.858578e+01  1.005062e+02  5.200000e+01
     vertex  7.852342e+01  1.004483e+02  5.200000e+01
   endloop
 endfacet
 facet normal  0.000000e+00  0.000000e+00 -1.000000e+00
   outer loop
     vertex  7.864488e+01  1.005673e+02  5.200000e+01
     vertex  7.861575e+01  1.005363e+02  5.200000e+01
     vertex  7.858578e+01  1.005062e+02  5.200000e+01
   endloop
 endfacet
 facet normal  0.000000e+00  0.000000e+00 -1.000000e+00
   outer loop
     vertex  7.646289e+01  1.027643e+02  5.200000e+01
     vertex  7.640133e+01  1.027057e+02  5.200000e+01
     vertex  7.643171e+01  1.027354e+02  5.200000e+01
   endloop
 endfacet
 facet normal  0.000000e+00  0.000000e+00 -1.000000e+00
   outer loop
     vertex  7.867314e+01  1.005991e+02  5.200000e+01
     vertex  7.864488e+01  1.005673e+02  5.200000e+01
     vertex  7.835448e+01  1.003195e+02  5.200000e+01
   endloop
 endfacet
 facet normal  0.000000e+00  0.000000e+00 -1.000000e+00
   outer loop
     vertex  7.652758e+01  1.028195e+02  5.200000e+01
     vertex  7.646289e+01  1.027643e+02  5.200000e+01
     vertex  7.649486e+01  1.027924e+02  5.200000e+01
   endloop
 endfacet
 facet normal  0.000000e+00  0.000000e+00 -1.000000e+00
   outer loop
     vertex  7.872701e+01  1.006649e+02  5.200000e+01
     vertex  7.870053e+01  1.006316e+02  5.200000e+01
     vertex  7.867314e+01  1.005991e+02  5.200000e+01
   endloop
 endfacet
 facet normal  0.000000e+00  0.000000e+00 -1.000000e+00
   outer loop
     vertex  7.875257e+01  1.006989e+02  5.200000e+01
     vertex  7.872701e+01  1.006649e+02  5.200000e+01
     vertex  7.867314e+01  1.005991e+02  5.200000e+01
   endloop
 endfacet
 facet normal  0.000000e+00  0.000000e+00 -1.000000e+00
   outer loop
     vertex  7.659520e+01  1.028711e+02  5.200000e+01
     vertex  7.640133e+01  1.027057e+02  5.200000e+01
     vertex  7.646289e+01  1.027643e+02  5.200000e+01
   endloop
 endfacet
 facet normal  0.000000e+00  0.000000e+00 -1.000000e+00
   outer loop
     vertex  7.659520e+01  1.028711e+02  5.200000e+01
     vertex  7.646289e+01  1.027643e+02  5.200000e+01
     vertex  7.652758e+01  1.028195e+02  5.200000e+01
   endloop
 endfacet
 facet normal  0.000000e+00  0.000000e+00 -1.000000e+00
   outer loop
     vertex  7.659520e+01  1.028711e+02  5.200000e+01
     vertex  7.652758e+01  1.028195e+02  5.200000e+01
     vertex  7.656104e+01  1.028458e+02  5.200000e+01
   endloop
 endfacet
 facet normal  0.000000e+00  0.000000e+00 -1.000000e+00
   outer loop
     vertex  7.880085e+01  1.007689e+02  5.200000e+01
     vertex  7.877719e+01  1.007336e+02  5.200000e+01
     vertex  7.875257e+01  1.006989e+02  5.200000e+01
   endloop
 endfacet
 facet normal  0.000000e+00  0.000000e+00 -1.000000e+00
   outer loop
     vertex  7.670168e+01  1.029413e+02  5.200000e+01
     vertex  7.663005e+01  1.028955e+02  5.200000e+01
     vertex  7.666555e+01  1.029189e+02  5.200000e+01
   endloop
 endfacet
 facet normal  0.000000e+00  0.000000e+00 -1.000000e+00
   outer loop
     vertex  7.884521e+01  1.008415e+02  5.200000e+01
     vertex  7.882352e+01  1.008049e+02  5.200000e+01
     vertex  7.880085e+01  1.007689e+02  5.200000e+01
   endloop
 endfacet
 facet normal  0.000000e+00  0.000000e+00 -1.000000e+00
   outer loop
     vertex  7.884521e+01  1.008415e+02  5.200000e+01
     vertex  7.880085e+01  1.007689e+02  5.200000e+01
     vertex  7.875257e+01  1.006989e+02  5.200000e+01
   endloop
 endfacet
 facet normal  0.000000e+00  0.000000e+00 -1.000000e+00
   outer loop
     vertex  7.886588e+01  1.008786e+02  5.200000e+01
     vertex  7.884521e+01  1.008415e+02  5.200000e+01
     vertex  7.875257e+01  1.006989e+02  5.200000e+01
   endloop
 endfacet
 facet normal  0.000000e+00  0.000000e+00 -1.000000e+00
   outer loop
     vertex  7.677571e+01  1.029832e+02  5.200000e+01
     vertex  7.670168e+01  1.029413e+02  5.200000e+01
     vertex  7.673841e+01  1.029628e+02  5.200000e+01
   endloop
 endfacet
 facet normal  0.000000e+00  0.000000e+00 -1.000000e+00
   outer loop
     vertex  7.677571e+01  1.029832e+02  5.200000e+01
     vertex  7.663005e+01  1.028955e+02  5.200000e+01
     vertex  7.670168e+01  1.029413e+02  5.200000e+01
   endloop
 endfacet
 facet normal  0.000000e+00  0.000000e+00 -1.000000e+00
   outer loop
     vertex  7.888552e+01  1.009164e+02  5.200000e+01
     vertex  7.875257e+01  1.006989e+02  5.200000e+01
     vertex  7.867314e+01  1.005991e+02  5.200000e+01
   endloop
 endfacet
 facet normal  0.000000e+00  0.000000e+00 -1.000000e+00
   outer loop
     vertex  7.888552e+01  1.009164e+02  5.200000e+01
     vertex  7.886588e+01  1.008786e+02  5.200000e+01
     vertex  7.875257e+01  1.006989e+02  5.200000e+01
   endloop
 endfacet
 facet normal  0.000000e+00  0.000000e+00 -1.000000e+00
   outer loop
     vertex  7.681357e+01  1.030026e+02  5.200000e+01
     vertex  7.663005e+01  1.028955e+02  5.200000e+01
     vertex  7.677571e+01  1.029832e+02  5.200000e+01
   endloop
 endfacet
 facet normal  0.000000e+00  0.000000e+00 -1.000000e+00
   outer loop
     vertex  7.681357e+01  1.030026e+02  5.200000e+01
     vertex  7.640133e+01  1.027057e+02  5.200000e+01
     vertex  7.659520e+01  1.028711e+02  5.200000e+01
   endloop
 endfacet
 facet normal  0.000000e+00  0.000000e+00 -1.000000e+00
   outer loop
     vertex  7.681357e+01  1.030026e+02  5.200000e+01
     vertex  7.659520e+01  1.028711e+02  5.200000e+01
     vertex  7.663005e+01  1.028955e+02  5.200000e+01
   endloop
 endfacet
 facet normal  0.000000e+00  0.000000e+00 -1.000000e+00
   outer loop
     vertex  7.890412e+01  1.009546e+02  5.200000e+01
     vertex  7.888552e+01  1.009164e+02  5.200000e+01
     vertex  7.867314e+01  1.005991e+02  5.200000e+01
   endloop
 endfacet
 facet normal  0.000000e+00  0.000000e+00 -1.000000e+00
   outer loop
     vertex  7.892167e+01  1.009933e+02  5.200000e+01
     vertex  7.890412e+01  1.009546e+02  5.200000e+01
     vertex  7.867314e+01  1.005991e+02  5.200000e+01
   endloop
 endfacet
 facet normal  0.000000e+00  0.000000e+00 -1.000000e+00
   outer loop
     vertex  7.893815e+01  1.010325e+02  5.200000e+01
     vertex  7.892167e+01  1.009933e+02  5.200000e+01
     vertex  7.867314e+01  1.005991e+02  5.200000e+01
   endloop
 endfacet
 facet normal  0.000000e+00  0.000000e+00 -1.000000e+00
   outer loop
     vertex  7.693011e+01  1.030544e+02  5.200000e+01
     vertex  7.685194e+01  1.030209e+02  5.200000e+01
     vertex  7.689079e+01  1.030382e+02  5.200000e+01
   endloop
 endfacet
 facet normal  0.000000e+00  0.000000e+00 -1.000000e+00
   outer loop
     vertex  7.693011e+01  1.030544e+02  5.200000e+01
     vertex  7.681357e+01  1.030026e+02  5.200000e+01
     vertex  7.685194e+01  1.030209e+02  5.200000e+01
   endloop
 endfacet
 facet normal  0.000000e+00  0.000000e+00 -1.000000e+00
   outer loop
     vertex  7.895354e+01  1.010722e+02  5.200000e+01
     vertex  7.893815e+01  1.010325e+02  5.200000e+01
     vertex  7.867314e+01  1.005991e+02  5.200000e+01
   endloop
 endfacet
 facet normal  0.000000e+00  0.000000e+00 -1.000000e+00
   outer loop
     vertex  7.895354e+01  1.010722e+02  5.200000e+01
     vertex  7.867314e+01  1.005991e+02  5.200000e+01
     vertex  7.835448e+01  1.003195e+02  5.200000e+01
   endloop
 endfacet
 facet normal  0.000000e+00  0.000000e+00 -1.000000e+00
   outer loop
     vertex  7.696986e+01  1.030695e+02  5.200000e+01
     vertex  7.681357e+01  1.030026e+02  5.200000e+01
     vertex  7.693011e+01  1.030544e+02  5.200000e+01
   endloop
 endfacet
 facet normal  0.000000e+00  0.000000e+00 -1.000000e+00
   outer loop
     vertex  7.696986e+01  1.030695e+02  5.200000e+01
     vertex  7.640133e+01  1.027057e+02  5.200000e+01
     vertex  7.681357e+01  1.030026e+02  5.200000e+01
   endloop
 endfacet
 facet normal  0.000000e+00  0.000000e+00 -1.000000e+00
   outer loop
     vertex  7.898104e+01  1.011527e+02  5.200000e+01
     vertex  7.896784e+01  1.011122e+02  5.200000e+01
     vertex  7.895354e+01  1.010722e+02  5.200000e+01
   endloop
 endfacet
 facet normal  0.000000e+00  0.000000e+00 -1.000000e+00
   outer loop
     vertex  7.709138e+01  1.031083e+02  5.200000e+01
     vertex  7.701001e+01  1.030835e+02  5.200000e+01
     vertex  7.705052e+01  1.030965e+02  5.200000e+01
   endloop
 endfacet
 facet normal  0.000000e+00  0.000000e+00 -1.000000e+00
   outer loop
     vertex  7.709138e+01  1.031083e+02  5.200000e+01
     vertex  7.696986e+01  1.030695e+02  5.200000e+01
     vertex  7.701001e+01  1.030835e+02  5.200000e+01
   endloop
 endfacet
 facet normal  0.000000e+00  0.000000e+00 -1.000000e+00
   outer loop
     vertex  7.900408e+01  1.012345e+02  5.200000e+01
     vertex  7.899312e+01  1.011934e+02  5.200000e+01
     vertex  7.898104e+01  1.011527e+02  5.200000e+01
   endloop
 endfacet
 facet normal  0.000000e+00  0.000000e+00 -1.000000e+00
   outer loop
     vertex  7.900408e+01  1.012345e+02  5.200000e+01
     vertex  7.898104e+01  1.011527e+02  5.200000e+01
     vertex  7.895354e+01  1.010722e+02  5.200000e+01
   endloop
 endfacet
 facet normal  0.000000e+00  0.000000e+00 -1.000000e+00
   outer loop
     vertex  7.901391e+01  1.012759e+02  5.200000e+01
     vertex  7.900408e+01  1.012345e+02  5.200000e+01
     vertex  7.895354e+01  1.010722e+02  5.200000e+01
   endloop
 endfacet
 facet normal  0.000000e+00  0.000000e+00 -1.000000e+00
   outer loop
     vertex  7.717399e+01  1.031285e+02  5.200000e+01
     vertex  7.709138e+01  1.031083e+02  5.200000e+01
     vertex  7.713254e+01  1.031189e+02  5.200000e+01
   endloop
 endfacet
 facet normal  0.000000e+00  0.000000e+00 -1.000000e+00
   outer loop
     vertex  7.903014e+01  1.013594e+02  5.200000e+01
     vertex  7.902260e+01  1.013175e+02  5.200000e+01
     vertex  7.901391e+01  1.012759e+02  5.200000e+01
   endloop
 endfacet
 facet normal  0.000000e+00  0.000000e+00 -1.000000e+00
   outer loop
     vertex  7.729966e+01  1.031503e+02  5.200000e+01
     vertex  7.721567e+01  1.031369e+02  5.200000e+01
     vertex  7.725758e+01  1.031442e+02  5.200000e+01
   endloop
 endfacet
 facet normal  0.000000e+00  0.000000e+00 -1.000000e+00
   outer loop
     vertex  7.729966e+01  1.031503e+02  5.200000e+01
     vertex  7.717399e+01  1.031285e+02  5.200000e+01
     vertex  7.721567e+01  1.031369e+02  5.200000e+01
   endloop
 endfacet
 facet normal  0.000000e+00  0.000000e+00 -1.000000e+00
   outer loop
     vertex  7.734190e+01  1.031552e+02  5.200000e+01
     vertex  7.717399e+01  1.031285e+02  5.200000e+01
     vertex  7.729966e+01  1.031503e+02  5.200000e+01
   endloop
 endfacet
 facet normal  0.000000e+00  0.000000e+00 -1.000000e+00
   outer loop
     vertex  7.904585e+01  1.014860e+02  5.200000e+01
     vertex  7.901391e+01  1.012759e+02  5.200000e+01
     vertex  7.895354e+01  1.010722e+02  5.200000e+01
   endloop
 endfacet
 facet normal  0.000000e+00  0.000000e+00 -1.000000e+00
   outer loop
     vertex  7.904585e+01  1.014860e+02  5.200000e+01
     vertex  7.717399e+01  1.000983e+02  5.200000e+01
     vertex  7.701001e+01  1.001433e+02  5.200000e+01
   endloop
 endfacet
 facet normal  0.000000e+00  0.000000e+00 -1.000000e+00
   outer loop
     vertex  7.904585e+01  1.014860e+02  5.200000e+01
     vertex  7.729966e+01  1.000765e+02  5.200000e+01
     vertex  7.717399e+01  1.000983e+02  5.200000e+01
   endloop
 endfacet
 facet normal  0.000000e+00  0.000000e+00 -1.000000e+00
   outer loop
     vertex  7.904585e+01  1.014860e+02  5.200000e+01
     vertex  7.895354e+01  1.010722e+02  5.200000e+01
     vertex  7.835448e+01  1.003195e+02  5.200000e+01
   endloop
 endfacet
 facet normal  0.000000e+00  0.000000e+00 -1.000000e+00
   outer loop
     vertex  7.904585e+01  1.014860e+02  5.200000e+01
     vertex  7.903654e+01  1.014014e+02  5.200000e+01
     vertex  7.903014e+01  1.013594e+02  5.200000e+01
   endloop
 endfacet
 facet normal  0.000000e+00  0.000000e+00 -1.000000e+00
   outer loop
     vertex  7.904585e+01  1.014860e+02  5.200000e+01
     vertex  7.904177e+01  1.014436e+02  5.200000e+01
     vertex  7.903654e+01  1.014014e+02  5.200000e+01
   endloop
 endfacet
 facet normal  0.000000e+00  0.000000e+00 -1.000000e+00
   outer loop
     vertex  7.904585e+01  1.014860e+02  5.200000e+01
     vertex  7.649486e+01  1.004344e+02  5.200000e+01
     vertex  7.643171e+01  1.004914e+02  5.200000e+01
   endloop
 endfacet
 facet normal  0.000000e+00  0.000000e+00 -1.000000e+00
   outer loop
     vertex  7.904585e+01  1.014860e+02  5.200000e+01
     vertex  7.903014e+01  1.013594e+02  5.200000e+01
     vertex  7.901391e+01  1.012759e+02  5.200000e+01
   endloop
 endfacet
 facet normal  0.000000e+00  0.000000e+00 -1.000000e+00
   outer loop
     vertex  7.904585e+01  1.014860e+02  5.200000e+01
     vertex  7.652758e+01  1.004073e+02  5.200000e+01
     vertex  7.649486e+01  1.004344e+02  5.200000e+01
   endloop
 endfacet
 facet normal  0.000000e+00  0.000000e+00 -1.000000e+00
   outer loop
     vertex  7.904585e+01  1.014860e+02  5.200000e+01
     vertex  7.656104e+01  1.003810e+02  5.200000e+01
     vertex  7.652758e+01  1.004073e+02  5.200000e+01
   endloop
 endfacet
 facet normal  0.000000e+00  0.000000e+00 -1.000000e+00
   outer loop
     vertex  7.904585e+01  1.014860e+02  5.200000e+01
     vertex  7.659520e+01  1.003557e+02  5.200000e+01
     vertex  7.656104e+01  1.003810e+02  5.200000e+01
   endloop
 endfacet
 facet normal  0.000000e+00  0.000000e+00 -1.000000e+00
   outer loop
     vertex  7.904585e+01  1.014860e+02  5.200000e+01
     vertex  7.666555e+01  1.003079e+02  5.200000e+01
     vertex  7.659520e+01  1.003557e+02  5.200000e+01
   endloop
 endfacet
 facet normal  0.000000e+00  0.000000e+00 -1.000000e+00
   outer loop
     vertex  7.904585e+01  1.014860e+02  5.200000e+01
     vertex  7.701001e+01  1.001433e+02  5.200000e+01
     vertex  7.666555e+01  1.003079e+02  5.200000e+01
   endloop
 endfacet
 facet normal  0.000000e+00  0.000000e+00 -1.000000e+00
   outer loop
     vertex  7.904585e+01  1.014860e+02  5.200000e+01
     vertex  7.835448e+01  1.003195e+02  5.200000e+01
     vertex  7.729966e+01  1.000765e+02  5.200000e+01
   endloop
 endfacet
 facet normal  0.000000e+00  0.000000e+00 -1.000000e+00
   outer loop
     vertex  7.742670e+01  1.031616e+02  5.200000e+01
     vertex  7.734190e+01  1.031552e+02  5.200000e+01
     vertex  7.738426e+01  1.031590e+02  5.200000e+01
   endloop
 endfacet
 facet normal  0.000000e+00  0.000000e+00 -1.000000e+00
   outer loop
     vertex  7.905110e+01  1.016134e+02  5.200000e+01
     vertex  7.905052e+01  1.015709e+02  5.200000e+01
     vertex  7.904877e+01  1.015284e+02  5.200000e+01
   endloop
 endfacet
 facet normal  0.000000e+00  0.000000e+00 -1.000000e+00
   outer loop
     vertex  7.755425e+01  1.031625e+02  5.200000e+01
     vertex  7.746921e+01  1.031631e+02  5.200000e+01
     vertex  7.751173e+01  1.031634e+02  5.200000e+01
   endloop
 endfacet
 facet normal  0.000000e+00  0.000000e+00 -1.000000e+00
   outer loop
     vertex  7.904877e+01  1.016984e+02  5.200000e+01
     vertex  7.905052e+01  1.016559e+02  5.200000e+01
     vertex  7.905110e+01  1.016134e+02  5.200000e+01
   endloop
 endfacet
 facet normal  0.000000e+00 -0.000000e+00 -1.000000e+00
   outer loop
     vertex  7.904877e+01  1.016984e+02  5.200000e+01
     vertex  7.904877e+01  1.015284e+02  5.200000e+01
     vertex  7.904585e+01  1.014860e+02  5.200000e+01
   endloop
 endfacet
 facet normal  0.000000e+00  0.000000e+00 -1.000000e+00
   outer loop
     vertex  7.904877e+01  1.016984e+02  5.200000e+01
     vertex  7.905110e+01  1.016134e+02  5.200000e+01
     vertex  7.904877e+01  1.015284e+02  5.200000e+01
   endloop
 endfacet
 facet normal  0.000000e+00  0.000000e+00 -1.000000e+00
   outer loop
     vertex  7.904585e+01  1.017408e+02  5.200000e+01
     vertex  7.904877e+01  1.016984e+02  5.200000e+01
     vertex  7.904585e+01  1.014860e+02  5.200000e+01
   endloop
 endfacet
 facet normal  0.000000e+00  0.000000e+00 -1.000000e+00
   outer loop
     vertex  7.763913e+01  1.031572e+02  5.200000e+01
     vertex  7.755425e+01  1.031625e+02  5.200000e+01
     vertex  7.759673e+01  1.031604e+02  5.200000e+01
   endloop
 endfacet
 facet normal  0.000000e+00  0.000000e+00 -1.000000e+00
   outer loop
     vertex  7.903654e+01  1.018254e+02  5.200000e+01
     vertex  7.904177e+01  1.017832e+02  5.200000e+01
     vertex  7.904585e+01  1.017408e+02  5.200000e+01
   endloop
 endfacet
 facet normal  0.000000e+00  0.000000e+00 -1.000000e+00
   outer loop
     vertex  7.903654e+01  1.018254e+02  5.200000e+01
     vertex  7.904585e+01  1.017408e+02  5.200000e+01
     vertex  7.904585e+01  1.014860e+02  5.200000e+01
   endloop
 endfacet
 facet normal  0.000000e+00  0.000000e+00 -1.000000e+00
   outer loop
     vertex  7.772360e+01  1.031473e+02  5.200000e+01
     vertex  7.763913e+01  1.031572e+02  5.200000e+01
     vertex  7.768144e+01  1.031529e+02  5.200000e+01
   endloop
 endfacet
 facet normal  0.000000e+00  0.000000e+00 -1.000000e+00
   outer loop
     vertex  7.772360e+01  1.031473e+02  5.200000e+01
     vertex  7.746921e+01  1.031631e+02  5.200000e+01
     vertex  7.755425e+01  1.031625e+02  5.200000e+01
   endloop
 endfacet
 facet normal  0.000000e+00  0.000000e+00 -1.000000e+00
   outer loop
     vertex  7.772360e+01  1.031473e+02  5.200000e+01
     vertex  7.755425e+01  1.031625e+02  5.200000e+01
     vertex  7.763913e+01  1.031572e+02  5.200000e+01
   endloop
 endfacet
 facet normal  0.000000e+00  0.000000e+00 -1.000000e+00
   outer loop
     vertex  7.903014e+01  1.018674e+02  5.200000e+01
     vertex  7.903654e+01  1.018254e+02  5.200000e+01
     vertex  7.904585e+01  1.014860e+02  5.200000e+01
   endloop
 endfacet
 facet normal  0.000000e+00  0.000000e+00 -1.000000e+00
   outer loop
     vertex  7.776560e+01  1.031407e+02  5.200000e+01
     vertex  7.746921e+01  1.031631e+02  5.200000e+01
     vertex  7.772360e+01  1.031473e+02  5.200000e+01
   endloop
 endfacet
 facet normal  0.000000e+00  0.000000e+00 -1.000000e+00
   outer loop
     vertex  7.901391e+01  1.019509e+02  5.200000e+01
     vertex  7.902260e+01  1.019093e+02  5.200000e+01
     vertex  7.903014e+01  1.018674e+02  5.200000e+01
   endloop
 endfacet
 facet normal  0.000000e+00  0.000000e+00 -1.000000e+00
   outer loop
     vertex  7.901391e+01  1.019509e+02  5.200000e+01
     vertex  7.903014e+01  1.018674e+02  5.200000e+01
     vertex  7.904585e+01  1.014860e+02  5.200000e+01
   endloop
 endfacet
 facet normal  0.000000e+00  0.000000e+00 -1.000000e+00
   outer loop
     vertex  7.784897e+01  1.031239e+02  5.200000e+01
     vertex  7.776560e+01  1.031407e+02  5.200000e+01
     vertex  7.780740e+01  1.031328e+02  5.200000e+01
   endloop
 endfacet
 facet normal -0.000000e+00  0.000000e+00 -1.000000e+00
   outer loop
     vertex  7.793129e+01  1.031025e+02  5.200000e+01
     vertex  7.696986e+01  1.030695e+02  5.200000e+01
     vertex  7.709138e+01  1.031083e+02  5.200000e+01
   endloop
 endfacet
 facet normal  0.000000e+00  0.000000e+00 -1.000000e+00
   outer loop
     vertex  7.793129e+01  1.031025e+02  5.200000e+01
     vertex  7.709138e+01  1.031083e+02  5.200000e+01
     vertex  7.717399e+01  1.031285e+02  5.200000e+01
   endloop
 endfacet
 facet normal  0.000000e+00  0.000000e+00 -1.000000e+00
   outer loop
     vertex  7.793129e+01  1.031025e+02  5.200000e+01
     vertex  7.784897e+01  1.031239e+02  5.200000e+01
     vertex  7.789028e+01  1.031137e+02  5.200000e+01
   endloop
 endfacet
 facet normal  0.000000e+00  0.000000e+00 -1.000000e+00
   outer loop
     vertex  7.793129e+01  1.031025e+02  5.200000e+01
     vertex  7.776560e+01  1.031407e+02  5.200000e+01
     vertex  7.784897e+01  1.031239e+02  5.200000e+01
   endloop
 endfacet
 facet normal  0.000000e+00  0.000000e+00 -1.000000e+00
   outer loop
     vertex  7.793129e+01  1.031025e+02  5.200000e+01
     vertex  7.717399e+01  1.031285e+02  5.200000e+01
     vertex  7.734190e+01  1.031552e+02  5.200000e+01
   endloop
 endfacet
 facet normal  0.000000e+00  0.000000e+00 -1.000000e+00
   outer loop
     vertex  7.793129e+01  1.031025e+02  5.200000e+01
     vertex  7.742670e+01  1.031616e+02  5.200000e+01
     vertex  7.746921e+01  1.031631e+02  5.200000e+01
   endloop
 endfacet
 facet normal  0.000000e+00  0.000000e+00 -1.000000e+00
   outer loop
     vertex  7.793129e+01  1.031025e+02  5.200000e+01
     vertex  7.734190e+01  1.031552e+02  5.200000e+01
     vertex  7.742670e+01  1.031616e+02  5.200000e+01
   endloop
 endfacet
 facet normal  0.000000e+00  0.000000e+00 -1.000000e+00
   outer loop
     vertex  7.793129e+01  1.031025e+02  5.200000e+01
     vertex  7.746921e+01  1.031631e+02  5.200000e+01
     vertex  7.776560e+01  1.031407e+02  5.200000e+01
   endloop
 endfacet
 facet normal  0.000000e+00  0.000000e+00 -1.000000e+00
   outer loop
     vertex  7.896784e+01  1.021146e+02  5.200000e+01
     vertex  7.901391e+01  1.019509e+02  5.200000e+01
     vertex  7.904585e+01  1.014860e+02  5.200000e+01
   endloop
 endfacet
 facet normal  0.000000e+00  0.000000e+00 -1.000000e+00
   outer loop
     vertex  7.896784e+01  1.021146e+02  5.200000e+01
     vertex  7.900408e+01  1.019923e+02  5.200000e+01
     vertex  7.901391e+01  1.019509e+02  5.200000e+01
   endloop
 endfacet
 facet normal  0.000000e+00  0.000000e+00 -1.000000e+00
   outer loop
     vertex  7.896784e+01  1.021146e+02  5.200000e+01
     vertex  7.899312e+01  1.020334e+02  5.200000e+01
     vertex  7.900408e+01  1.019923e+02  5.200000e+01
   endloop
 endfacet
 facet normal  0.000000e+00  0.000000e+00 -1.000000e+00
   outer loop
     vertex  7.896784e+01  1.021146e+02  5.200000e+01
     vertex  7.898104e+01  1.020741e+02  5.200000e+01
     vertex  7.899312e+01  1.020334e+02  5.200000e+01
   endloop
 endfacet
 facet normal  0.000000e+00  0.000000e+00 -1.000000e+00
   outer loop
     vertex  7.805227e+01  1.030621e+02  5.200000e+01
     vertex  7.797198e+01  1.030901e+02  5.200000e+01
     vertex  7.801232e+01  1.030767e+02  5.200000e+01
   endloop
 endfacet
 facet normal  0.000000e+00  0.000000e+00 -1.000000e+00
   outer loop
     vertex  7.805227e+01  1.030621e+02  5.200000e+01
     vertex  7.793129e+01  1.031025e+02  5.200000e+01
     vertex  7.797198e+01  1.030901e+02  5.200000e+01
   endloop
 endfacet
 facet normal  0.000000e+00  0.000000e+00 -1.000000e+00
   outer loop
     vertex  7.893815e+01  1.021943e+02  5.200000e+01
     vertex  7.895354e+01  1.021546e+02  5.200000e+01
     vertex  7.896784e+01  1.021146e+02  5.200000e+01
   endloop
 endfacet
 facet normal  0.000000e+00  0.000000e+00 -1.000000e+00
   outer loop
     vertex  7.890412e+01  1.022722e+02  5.200000e+01
     vertex  7.892167e+01  1.022335e+02  5.200000e+01
     vertex  7.893815e+01  1.021943e+02  5.200000e+01
   endloop
 endfacet
 facet normal  0.000000e+00  0.000000e+00 -1.000000e+00
   outer loop
     vertex  7.890412e+01  1.022722e+02  5.200000e+01
     vertex  7.893815e+01  1.021943e+02  5.200000e+01
     vertex  7.896784e+01  1.021146e+02  5.200000e+01
   endloop
 endfacet
 facet normal  0.000000e+00  0.000000e+00 -1.000000e+00
   outer loop
     vertex  7.890412e+01  1.022722e+02  5.200000e+01
     vertex  7.896784e+01  1.021146e+02  5.200000e+01
     vertex  7.904585e+01  1.014860e+02  5.200000e+01
   endloop
 endfacet
 facet normal  0.000000e+00  0.000000e+00 -1.000000e+00
   outer loop
     vertex  7.816951e+01  1.030119e+02  5.200000e+01
     vertex  7.809180e+01  1.030464e+02  5.200000e+01
     vertex  7.813089e+01  1.030297e+02  5.200000e+01
   endloop
 endfacet
 facet normal  0.000000e+00  0.000000e+00 -1.000000e+00
   outer loop
     vertex  7.886588e+01  1.023482e+02  5.200000e+01
     vertex  7.888552e+01  1.023104e+02  5.200000e+01
     vertex  7.890412e+01  1.022722e+02  5.200000e+01
   endloop
 endfacet
 facet normal  0.000000e+00  0.000000e+00 -1.000000e+00
   outer loop
     vertex  7.824521e+01  1.029731e+02  5.200000e+01
     vertex  7.809180e+01  1.030464e+02  5.200000e+01
     vertex  7.816951e+01  1.030119e+02  5.200000e+01
   endloop
 endfacet
 facet normal  0.000000e+00  0.000000e+00 -1.000000e+00
   outer loop
     vertex  7.824521e+01  1.029731e+02  5.200000e+01
     vertex  7.816951e+01  1.030119e+02  5.200000e+01
     vertex  7.820763e+01  1.029930e+02  5.200000e+01
   endloop
 endfacet
 facet normal  0.000000e+00  0.000000e+00 -1.000000e+00
   outer loop
     vertex  7.824521e+01  1.029731e+02  5.200000e+01
     vertex  7.805227e+01  1.030621e+02  5.200000e+01
     vertex  7.809180e+01  1.030464e+02  5.200000e+01
   endloop
 endfacet
 facet normal  0.000000e+00  0.000000e+00 -1.000000e+00
   outer loop
     vertex  7.884521e+01  1.023853e+02  5.200000e+01
     vertex  7.886588e+01  1.023482e+02  5.200000e+01
     vertex  7.890412e+01  1.022722e+02  5.200000e+01
   endloop
 endfacet
 facet normal  0.000000e+00  0.000000e+00 -1.000000e+00
   outer loop
     vertex  7.882352e+01  1.024219e+02  5.200000e+01
     vertex  7.884521e+01  1.023853e+02  5.200000e+01
     vertex  7.890412e+01  1.022722e+02  5.200000e+01
   endloop
 endfacet
 facet normal  0.000000e+00  0.000000e+00 -1.000000e+00
   outer loop
     vertex  7.831866e+01  1.029302e+02  5.200000e+01
     vertex  7.824521e+01  1.029731e+02  5.200000e+01
     vertex  7.828223e+01  1.029522e+02  5.200000e+01
   endloop
 endfacet
 facet normal  0.000000e+00  0.000000e+00 -1.000000e+00
   outer loop
     vertex  7.835448e+01  1.029073e+02  5.200000e+01
     vertex  7.696986e+01  1.030695e+02  5.200000e+01
     vertex  7.793129e+01  1.031025e+02  5.200000e+01
   endloop
 endfacet
 facet normal  0.000000e+00  0.000000e+00 -1.000000e+00
   outer loop
     vertex  7.835448e+01  1.029073e+02  5.200000e+01
     vertex  7.793129e+01  1.031025e+02  5.200000e+01
     vertex  7.805227e+01  1.030621e+02  5.200000e+01
   endloop
 endfacet
 facet normal  0.000000e+00  0.000000e+00 -1.000000e+00
   outer loop
     vertex  7.835448e+01  1.029073e+02  5.200000e+01
     vertex  7.824521e+01  1.029731e+02  5.200000e+01
     vertex  7.831866e+01  1.029302e+02  5.200000e+01
   endloop
 endfacet
 facet normal  0.000000e+00  0.000000e+00 -1.000000e+00
   outer loop
     vertex  7.835448e+01  1.029073e+02  5.200000e+01
     vertex  7.805227e+01  1.030621e+02  5.200000e+01
     vertex  7.824521e+01  1.029731e+02  5.200000e+01
   endloop
 endfacet
 facet normal  0.000000e+00  0.000000e+00 -1.000000e+00
   outer loop
     vertex  7.877719e+01  1.024932e+02  5.200000e+01
     vertex  7.880085e+01  1.024579e+02  5.200000e+01
     vertex  7.882352e+01  1.024219e+02  5.200000e+01
   endloop
 endfacet
 facet normal  0.000000e+00  0.000000e+00 -1.000000e+00
   outer loop
     vertex  7.877719e+01  1.024932e+02  5.200000e+01
     vertex  7.882352e+01  1.024219e+02  5.200000e+01
     vertex  7.890412e+01  1.022722e+02  5.200000e+01
   endloop
 endfacet
 facet normal  0.000000e+00  0.000000e+00 -1.000000e+00
   outer loop
     vertex  7.875257e+01  1.025279e+02  5.200000e+01
     vertex  7.877719e+01  1.024932e+02  5.200000e+01
     vertex  7.890412e+01  1.022722e+02  5.200000e+01
   endloop
 endfacet
 facet normal  0.000000e+00  0.000000e+00 -1.000000e+00
   outer loop
     vertex  7.842417e+01  1.028586e+02  5.200000e+01
     vertex  7.835448e+01  1.029073e+02  5.200000e+01
     vertex  7.838966e+01  1.028834e+02  5.200000e+01
   endloop
 endfacet
 facet normal  0.000000e+00  0.000000e+00 -1.000000e+00
   outer loop
     vertex  7.849107e+01  1.028061e+02  5.200000e+01
     vertex  7.835448e+01  1.029073e+02  5.200000e+01
     vertex  7.842417e+01  1.028586e+02  5.200000e+01
   endloop
 endfacet
 facet normal  0.000000e+00  0.000000e+00 -1.000000e+00
   outer loop
     vertex  7.849107e+01  1.028061e+02  5.200000e+01
     vertex  7.842417e+01  1.028586e+02  5.200000e+01
     vertex  7.845798e+01  1.028328e+02  5.200000e+01
   endloop
 endfacet
 facet normal  0.000000e+00  0.000000e+00 -1.000000e+00
   outer loop
     vertex  7.867314e+01  1.026277e+02  5.200000e+01
     vertex  7.872701e+01  1.025619e+02  5.200000e+01
     vertex  7.875257e+01  1.025279e+02  5.200000e+01
   endloop
 endfacet
 facet normal  0.000000e+00  0.000000e+00 -1.000000e+00
   outer loop
     vertex  7.867314e+01  1.026277e+02  5.200000e+01
     vertex  7.870053e+01  1.025952e+02  5.200000e+01
     vertex  7.872701e+01  1.025619e+02  5.200000e+01
   endloop
 endfacet
 facet normal  0.000000e+00  0.000000e+00 -1.000000e+00
   outer loop
     vertex  7.852342e+01  1.027785e+02  5.200000e+01
     vertex  7.835448e+01  1.029073e+02  5.200000e+01
     vertex  7.849107e+01  1.028061e+02  5.200000e+01
   endloop
 endfacet
 facet normal  0.000000e+00  0.000000e+00 -1.000000e+00
   outer loop
     vertex  7.864488e+01  1.026595e+02  5.200000e+01
     vertex  7.867314e+01  1.026277e+02  5.200000e+01
     vertex  7.875257e+01  1.025279e+02  5.200000e+01
   endloop
 endfacet
 facet normal -0.000000e+00  0.000000e+00 -1.000000e+00
   outer loop
     vertex  7.858578e+01  1.027206e+02  5.200000e+01
     vertex  7.640133e+01  1.027057e+02  5.200000e+01
     vertex  7.696986e+01  1.030695e+02  5.200000e+01
   endloop
 endfacet
 facet normal  0.000000e+00  0.000000e+00 -1.000000e+00
   outer loop
     vertex  7.858578e+01  1.027206e+02  5.200000e+01
     vertex  7.861575e+01  1.026905e+02  5.200000e+01
     vertex  7.864488e+01  1.026595e+02  5.200000e+01
   endloop
 endfacet
 facet normal  0.000000e+00  0.000000e+00 -1.000000e+00
   outer loop
     vertex  7.858578e+01  1.027206e+02  5.200000e+01
     vertex  7.852342e+01  1.027785e+02  5.200000e+01
     vertex  7.855500e+01  1.027500e+02  5.200000e+01
   endloop
 endfacet
 facet normal  0.000000e+00  0.000000e+00 -1.000000e+00
   outer loop
     vertex  7.858578e+01  1.027206e+02  5.200000e+01
     vertex  7.626229e+01  1.006818e+02  5.200000e+01
     vertex  7.640133e+01  1.027057e+02  5.200000e+01
   endloop
 endfacet
 facet normal  0.000000e+00  0.000000e+00 -1.000000e+00
   outer loop
     vertex  7.858578e+01  1.027206e+02  5.200000e+01
     vertex  7.890412e+01  1.022722e+02  5.200000e+01
     vertex  7.904585e+01  1.014860e+02  5.200000e+01
   endloop
 endfacet
 facet normal  0.000000e+00  0.000000e+00 -1.000000e+00
   outer loop
     vertex  7.858578e+01  1.027206e+02  5.200000e+01
     vertex  7.640133e+01  1.005211e+02  5.200000e+01
     vertex  7.634308e+01  1.005831e+02  5.200000e+01
   endloop
 endfacet
 facet normal  0.000000e+00  0.000000e+00 -1.000000e+00
   outer loop
     vertex  7.858578e+01  1.027206e+02  5.200000e+01
     vertex  7.643171e+01  1.004914e+02  5.200000e+01
     vertex  7.640133e+01  1.005211e+02  5.200000e+01
   endloop
 endfacet
 facet normal  0.000000e+00 -0.000000e+00 -1.000000e+00
   outer loop
     vertex  7.858578e+01  1.027206e+02  5.200000e+01
     vertex  7.904585e+01  1.014860e+02  5.200000e+01
     vertex  7.643171e+01  1.004914e+02  5.200000e+01
   endloop
 endfacet
 facet normal  0.000000e+00  0.000000e+00 -1.000000e+00
   outer loop
     vertex  7.858578e+01  1.027206e+02  5.200000e+01
     vertex  7.634308e+01  1.005831e+02  5.200000e+01
     vertex  7.626229e+01  1.006818e+02  5.200000e+01
   endloop
 endfacet
 facet normal  0.000000e+00  0.000000e+00 -1.000000e+00
   outer loop
     vertex  7.858578e+01  1.027206e+02  5.200000e+01
     vertex  7.875257e+01  1.025279e+02  5.200000e+01
     vertex  7.890412e+01  1.022722e+02  5.200000e+01
   endloop
 endfacet
 facet normal  0.000000e+00  0.000000e+00 -1.000000e+00
   outer loop
     vertex  7.858578e+01  1.027206e+02  5.200000e+01
     vertex  7.696986e+01  1.030695e+02  5.200000e+01
     vertex  7.835448e+01  1.029073e+02  5.200000e+01
   endloop
 endfacet
 facet normal  0.000000e+00  0.000000e+00 -1.000000e+00
   outer loop
     vertex  7.858578e+01  1.027206e+02  5.200000e+01
     vertex  7.864488e+01  1.026595e+02  5.200000e+01
     vertex  7.875257e+01  1.025279e+02  5.200000e+01
   endloop
 endfacet
 facet normal  0.000000e+00  0.000000e+00 -1.000000e+00
   outer loop
     vertex  7.858578e+01  1.027206e+02  5.200000e+01
     vertex  7.835448e+01  1.029073e+02  5.200000e+01
     vertex  7.852342e+01  1.027785e+02  5.200000e+01
   endloop
 endfacet
 facet normal  0.000000e+00  0.000000e+00  1.000000e+00
   outer loop
     vertex  7.634308e+01  1.005831e+02  4.800000e+01
     vertex  7.637178e+01  1.005517e+02  4.800000e+01
     vertex  7.640133e+01  1.005211e+02  4.800000e+01
   endloop
 endfacet
 facet normal  0.000000e+00  0.000000e+00  1.000000e+00
   outer loop
     vertex  7.649486e+01  1.004344e+02  4.800000e+01
     vertex  7.643171e+01  1.004914e+02  4.800000e+01
     vertex  7.646289e+01  1.004625e+02  4.800000e+01
   endloop
 endfacet
 facet normal  0.000000e+00  0.000000e+00  1.000000e+00
   outer loop
     vertex  7.626229e+01  1.006818e+02  4.800000e+01
     vertex  7.628831e+01  1.006482e+02  4.800000e+01
     vertex  7.631525e+01  1.006153e+02  4.800000e+01
   endloop
 endfacet
 facet normal  0.000000e+00  0.000000e+00  1.000000e+00
   outer loop
     vertex  7.626229e+01  1.006818e+02  4.800000e+01
     vertex  7.631525e+01  1.006153e+02  4.800000e+01
     vertex  7.634308e+01  1.005831e+02  4.800000e+01
   endloop
 endfacet
 facet normal  0.000000e+00  0.000000e+00  1.000000e+00
   outer loop
     vertex  7.666555e+01  1.003079e+02  4.800000e+01
     vertex  7.659520e+01  1.003557e+02  4.800000e+01
     vertex  7.663005e+01  1.003313e+02  4.800000e+01
   endloop
 endfacet
 facet normal  0.000000e+00  0.000000e+00  1.000000e+00
   outer loop
     vertex  7.677571e+01  1.002436e+02  4.800000e+01
     vertex  7.670168e+01  1.002855e+02  4.800000e+01
     vertex  7.673841e+01  1.002640e+02  4.800000e+01
   endloop
 endfacet
 facet normal  0.000000e+00  0.000000e+00  1.000000e+00
   outer loop
     vertex  7.612637e+01  1.008974e+02  4.800000e+01
     vertex  7.614653e+01  1.008600e+02  4.800000e+01
     vertex  7.616771e+01  1.008231e+02  4.800000e+01
   endloop
 endfacet
 facet normal  0.000000e+00  0.000000e+00  1.000000e+00
   outer loop
     vertex  7.685194e+01  1.002059e+02  4.800000e+01
     vertex  7.677571e+01  1.002436e+02  4.800000e+01
     vertex  7.681357e+01  1.002242e+02  4.800000e+01
   endloop
 endfacet
 facet normal  0.000000e+00  0.000000e+00  1.000000e+00
   outer loop
     vertex  7.693011e+01  1.001724e+02  4.800000e+01
     vertex  7.685194e+01  1.002059e+02  4.800000e+01
     vertex  7.689079e+01  1.001886e+02  4.800000e+01
   endloop
 endfacet
 facet normal  0.000000e+00  0.000000e+00  1.000000e+00
   outer loop
     vertex  7.696986e+01  1.001573e+02  4.800000e+01
     vertex  7.685194e+01  1.002059e+02  4.800000e+01
     vertex  7.693011e+01  1.001724e+02  4.800000e+01
   endloop
 endfacet
 facet normal  0.000000e+00  0.000000e+00  1.000000e+00
   outer loop
     vertex  7.701001e+01  1.001433e+02  4.800000e+01
     vertex  7.666555e+01  1.003079e+02  4.800000e+01
     vertex  7.670168e+01  1.002855e+02  4.800000e+01
   endloop
 endfacet
 facet normal  0.000000e+00  0.000000e+00  1.000000e+00
   outer loop
     vertex  7.701001e+01  1.001433e+02  4.800000e+01
     vertex  7.670168e+01  1.002855e+02  4.800000e+01
     vertex  7.677571e+01  1.002436e+02  4.800000e+01
   endloop
 endfacet
 facet normal  0.000000e+00  0.000000e+00  1.000000e+00
   outer loop
     vertex  7.701001e+01  1.001433e+02  4.800000e+01
     vertex  7.677571e+01  1.002436e+02  4.800000e+01
     vertex  7.685194e+01  1.002059e+02  4.800000e+01
   endloop
 endfacet
 facet normal  0.000000e+00  0.000000e+00  1.000000e+00
   outer loop
     vertex  7.701001e+01  1.001433e+02  4.800000e+01
     vertex  7.685194e+01  1.002059e+02  4.800000e+01
     vertex  7.696986e+01  1.001573e+02  4.800000e+01
   endloop
 endfacet
 facet normal  0.000000e+00  0.000000e+00  1.000000e+00
   outer loop
     vertex  7.599306e+01  1.012552e+02  4.800000e+01
     vertex  7.600346e+01  1.012139e+02  4.800000e+01
     vertex  7.601498e+01  1.011730e+02  4.800000e+01
   endloop
 endfacet
 facet normal  0.000000e+00  0.000000e+00  1.000000e+00
   outer loop
     vertex  7.599306e+01  1.012552e+02  4.800000e+01
     vertex  7.601498e+01  1.011730e+02  4.800000e+01
     vertex  7.602762e+01  1.011324e+02  4.800000e+01
   endloop
 endfacet
 facet normal  0.000000e+00  0.000000e+00  1.000000e+00
   outer loop
     vertex  7.599306e+01  1.012552e+02  4.800000e+01
     vertex  7.602762e+01  1.011324e+02  4.800000e+01
     vertex  7.604137e+01  1.010922e+02  4.800000e+01
   endloop
 endfacet
 facet normal  0.000000e+00  0.000000e+00  1.000000e+00
   outer loop
     vertex  7.599306e+01  1.012552e+02  4.800000e+01
     vertex  7.604137e+01  1.010922e+02  4.800000e+01
     vertex  7.605622e+01  1.010523e+02  4.800000e+01
   endloop
 endfacet
 facet normal  0.000000e+00  0.000000e+00  1.000000e+00
   outer loop
     vertex  7.599306e+01  1.012552e+02  4.800000e+01
     vertex  7.605622e+01  1.010523e+02  4.800000e+01
     vertex  7.607216e+01  1.010129e+02  4.800000e+01
   endloop
 endfacet
 facet normal  0.000000e+00  0.000000e+00  1.000000e+00
   outer loop
     vertex  7.599306e+01  1.012552e+02  4.800000e+01
     vertex  7.607216e+01  1.010129e+02  4.800000e+01
     vertex  7.608917e+01  1.009739e+02  4.800000e+01
   endloop
 endfacet
 facet normal  0.000000e+00  0.000000e+00  1.000000e+00
   outer loop
     vertex  7.599306e+01  1.012552e+02  4.800000e+01
     vertex  7.608917e+01  1.009739e+02  4.800000e+01
     vertex  7.610725e+01  1.009354e+02  4.800000e+01
   endloop
 endfacet
 facet normal  0.000000e+00  0.000000e+00  1.000000e+00
   outer loop
     vertex  7.599306e+01  1.012552e+02  4.800000e+01
     vertex  7.610725e+01  1.009354e+02  4.800000e+01
     vertex  7.612637e+01  1.008974e+02  4.800000e+01
   endloop
 endfacet
 facet normal  0.000000e+00  0.000000e+00  1.000000e+00
   outer loop
     vertex  7.599306e+01  1.012552e+02  4.800000e+01
     vertex  7.616771e+01  1.008231e+02  4.800000e+01
     vertex  7.618989e+01  1.007868e+02  4.800000e+01
   endloop
 endfacet
 facet normal  0.000000e+00  0.000000e+00  1.000000e+00
   outer loop
     vertex  7.599306e+01  1.012552e+02  4.800000e+01
     vertex  7.618989e+01  1.007868e+02  4.800000e+01
     vertex  7.621306e+01  1.007512e+02  4.800000e+01
   endloop
 endfacet
 facet normal  0.000000e+00  0.000000e+00  1.000000e+00
   outer loop
     vertex  7.599306e+01  1.012552e+02  4.800000e+01
     vertex  7.612637e+01  1.008974e+02  4.800000e+01
     vertex  7.616771e+01  1.008231e+02  4.800000e+01
   endloop
 endfacet
 facet normal  0.000000e+00  0.000000e+00  1.000000e+00
   outer loop
     vertex  7.717399e+01  1.000983e+02  4.800000e+01
     vertex  7.701001e+01  1.001433e+02  4.800000e+01
     vertex  7.705052e+01  1.001303e+02  4.800000e+01
   endloop
 endfacet
 facet normal  0.000000e+00  0.000000e+00  1.000000e+00
   outer loop
     vertex  7.717399e+01  1.000983e+02  4.800000e+01
     vertex  7.705052e+01  1.001303e+02  4.800000e+01
     vertex  7.709138e+01  1.001185e+02  4.800000e+01
   endloop
 endfacet
 facet normal  0.000000e+00  0.000000e+00  1.000000e+00
   outer loop
     vertex  7.717399e+01  1.000983e+02  4.800000e+01
     vertex  7.709138e+01  1.001185e+02  4.800000e+01
     vertex  7.713254e+01  1.001079e+02  4.800000e+01
   endloop
 endfacet
 facet normal  0.000000e+00  0.000000e+00  1.000000e+00
   outer loop
     vertex  7.597568e+01  1.013384e+02  4.800000e+01
     vertex  7.598380e+01  1.012967e+02  4.800000e+01
     vertex  7.599306e+01  1.012552e+02  4.800000e+01
   endloop
 endfacet
 facet normal  0.000000e+00  0.000000e+00  1.000000e+00
   outer loop
     vertex  7.729966e+01  1.000765e+02  4.800000e+01
     vertex  7.717399e+01  1.000983e+02  4.800000e+01
     vertex  7.721567e+01  1.000899e+02  4.800000e+01
   endloop
 endfacet
 facet normal  0.000000e+00  0.000000e+00  1.000000e+00
   outer loop
     vertex  7.729966e+01  1.000765e+02  4.800000e+01
     vertex  7.721567e+01  1.000899e+02  4.800000e+01
     vertex  7.725758e+01  1.000826e+02  4.800000e+01
   endloop
 endfacet
 facet normal  0.000000e+00  0.000000e+00  1.000000e+00
   outer loop
     vertex  7.596290e+01  1.014225e+02  4.800000e+01
     vertex  7.596872e+01  1.013804e+02  4.800000e+01
     vertex  7.597568e+01  1.013384e+02  4.800000e+01
   endloop
 endfacet
 facet normal  0.000000e+00  0.000000e+00  1.000000e+00
   outer loop
     vertex  7.595475e+01  1.015072e+02  4.800000e+01
     vertex  7.595824e+01  1.014648e+02  4.800000e+01
     vertex  7.596290e+01  1.014225e+02  4.800000e+01
   endloop
 endfacet
 facet normal  0.000000e+00  0.000000e+00  1.000000e+00
   outer loop
     vertex  7.746921e+01  1.000637e+02  4.800000e+01
     vertex  7.738426e+01  1.000678e+02  4.800000e+01
     vertex  7.742670e+01  1.000652e+02  4.800000e+01
   endloop
 endfacet
 facet normal  0.000000e+00  0.000000e+00  1.000000e+00
   outer loop
     vertex  7.763913e+01  1.000696e+02  4.800000e+01
     vertex  7.755425e+01  1.000643e+02  4.800000e+01
     vertex  7.759673e+01  1.000664e+02  4.800000e+01
   endloop
 endfacet
 facet normal  0.000000e+00  0.000000e+00  1.000000e+00
   outer loop
     vertex  7.595824e+01  1.017620e+02  4.800000e+01
     vertex  7.595475e+01  1.017196e+02  4.800000e+01
     vertex  7.595241e+01  1.016772e+02  4.800000e+01
   endloop
 endfacet
 facet normal  0.000000e+00  0.000000e+00  1.000000e+00
   outer loop
     vertex  7.768144e+01  1.000739e+02  4.800000e+01
     vertex  7.738426e+01  1.000678e+02  4.800000e+01
     vertex  7.746921e+01  1.000637e+02  4.800000e+01
   endloop
 endfacet
 facet normal  0.000000e+00  0.000000e+00  1.000000e+00
   outer loop
     vertex  7.768144e+01  1.000739e+02  4.800000e+01
     vertex  7.755425e+01  1.000643e+02  4.800000e+01
     vertex  7.763913e+01  1.000696e+02  4.800000e+01
   endloop
 endfacet
 facet normal  0.000000e+00  0.000000e+00  1.000000e+00
   outer loop
     vertex  7.768144e+01  1.000739e+02  4.800000e+01
     vertex  7.729966e+01  1.000765e+02  4.800000e+01
     vertex  7.734190e+01  1.000716e+02  4.800000e+01
   endloop
 endfacet
 facet normal  0.000000e+00  0.000000e+00  1.000000e+00
   outer loop
     vertex  7.768144e+01  1.000739e+02  4.800000e+01
     vertex  7.734190e+01  1.000716e+02  4.800000e+01
     vertex  7.738426e+01  1.000678e+02  4.800000e+01
   endloop
 endfacet
 facet normal  0.000000e+00  0.000000e+00  1.000000e+00
   outer loop
     vertex  7.768144e+01  1.000739e+02  4.800000e+01
     vertex  7.746921e+01  1.000637e+02  4.800000e+01
     vertex  7.751173e+01  1.000634e+02  4.800000e+01
   endloop
 endfacet
 facet normal  0.000000e+00  0.000000e+00  1.000000e+00
   outer loop
     vertex  7.768144e+01  1.000739e+02  4.800000e+01
     vertex  7.751173e+01  1.000634e+02  4.800000e+01
     vertex  7.755425e+01  1.000643e+02  4.800000e+01
   endloop
 endfacet
 facet normal  0.000000e+00  0.000000e+00  1.000000e+00
   outer loop
     vertex  7.596872e+01  1.018464e+02  4.800000e+01
     vertex  7.596290e+01  1.018043e+02  4.800000e+01
     vertex  7.595824e+01  1.017620e+02  4.800000e+01
   endloop
 endfacet
 facet normal  0.000000e+00  0.000000e+00  1.000000e+00
   outer loop
     vertex  7.780740e+01  1.000940e+02  4.800000e+01
     vertex  7.768144e+01  1.000739e+02  4.800000e+01
     vertex  7.772360e+01  1.000795e+02  4.800000e+01
   endloop
 endfacet
 facet normal  0.000000e+00  0.000000e+00  1.000000e+00
   outer loop
     vertex  7.780740e+01  1.000940e+02  4.800000e+01
     vertex  7.772360e+01  1.000795e+02  4.800000e+01
     vertex  7.776560e+01  1.000861e+02  4.800000e+01
   endloop
 endfacet
 facet normal  0.000000e+00  0.000000e+00  1.000000e+00
   outer loop
     vertex  7.598380e+01  1.019301e+02  4.800000e+01
     vertex  7.597568e+01  1.018884e+02  4.800000e+01
     vertex  7.596872e+01  1.018464e+02  4.800000e+01
   endloop
 endfacet
 facet normal  0.000000e+00  0.000000e+00  1.000000e+00
   outer loop
     vertex  7.598380e+01  1.019301e+02  4.800000e+01
     vertex  7.595241e+01  1.016772e+02  4.800000e+01
     vertex  7.595125e+01  1.016347e+02  4.800000e+01
   endloop
 endfacet
 facet normal  0.000000e+00  0.000000e+00  1.000000e+00
   outer loop
     vertex  7.598380e+01  1.019301e+02  4.800000e+01
     vertex  7.595824e+01  1.017620e+02  4.800000e+01
     vertex  7.595241e+01  1.016772e+02  4.800000e+01
   endloop
 endfacet
 facet normal  0.000000e+00  0.000000e+00  1.000000e+00
   outer loop
     vertex  7.598380e+01  1.019301e+02  4.800000e+01
     vertex  7.596872e+01  1.018464e+02  4.800000e+01
     vertex  7.595824e+01  1.017620e+02  4.800000e+01
   endloop
 endfacet
 facet normal  0.000000e+00  0.000000e+00  1.000000e+00
   outer loop
     vertex  7.784897e+01  1.001029e+02  4.800000e+01
     vertex  7.768144e+01  1.000739e+02  4.800000e+01
     vertex  7.780740e+01  1.000940e+02  4.800000e+01
   endloop
 endfacet
 facet normal  0.000000e+00  0.000000e+00  1.000000e+00
   outer loop
     vertex  7.600346e+01  1.020129e+02  4.800000e+01
     vertex  7.599306e+01  1.019716e+02  4.800000e+01
     vertex  7.598380e+01  1.019301e+02  4.800000e+01
   endloop
 endfacet
 facet normal  0.000000e+00  0.000000e+00  1.000000e+00
   outer loop
     vertex  7.601498e+01  1.020538e+02  4.800000e+01
     vertex  7.595125e+01  1.016347e+02  4.800000e+01
     vertex  7.595125e+01  1.015921e+02  4.800000e+01
   endloop
 endfacet
 facet normal  0.000000e+00  0.000000e+00  1.000000e+00
   outer loop
     vertex  7.601498e+01  1.020538e+02  4.800000e+01
     vertex  7.595125e+01  1.015921e+02  4.800000e+01
     vertex  7.595241e+01  1.015496e+02  4.800000e+01
   endloop
 endfacet
 facet normal  0.000000e+00  0.000000e+00  1.000000e+00
   outer loop
     vertex  7.601498e+01  1.020538e+02  4.800000e+01
     vertex  7.600346e+01  1.020129e+02  4.800000e+01
     vertex  7.598380e+01  1.019301e+02  4.800000e+01
   endloop
 endfacet
 facet normal  0.000000e+00  0.000000e+00  1.000000e+00
   outer loop
     vertex  7.601498e+01  1.020538e+02  4.800000e+01
     vertex  7.598380e+01  1.019301e+02  4.800000e+01
     vertex  7.595125e+01  1.016347e+02  4.800000e+01
   endloop
 endfacet
 facet normal  0.000000e+00  0.000000e+00  1.000000e+00
   outer loop
     vertex  7.797198e+01  1.001367e+02  4.800000e+01
     vertex  7.784897e+01  1.001029e+02  4.800000e+01
     vertex  7.789028e+01  1.001131e+02  4.800000e+01
   endloop
 endfacet
 facet normal  0.000000e+00  0.000000e+00  1.000000e+00
   outer loop
     vertex  7.797198e+01  1.001367e+02  4.800000e+01
     vertex  7.789028e+01  1.001131e+02  4.800000e+01
     vertex  7.793129e+01  1.001243e+02  4.800000e+01
   endloop
 endfacet
 facet normal  0.000000e+00  0.000000e+00  1.000000e+00
   outer loop
     vertex  7.604137e+01  1.021346e+02  4.800000e+01
     vertex  7.602762e+01  1.020944e+02  4.800000e+01
     vertex  7.601498e+01  1.020538e+02  4.800000e+01
   endloop
 endfacet
 facet normal  0.000000e+00  0.000000e+00  1.000000e+00
   outer loop
     vertex  7.813089e+01  1.001971e+02  4.800000e+01
     vertex  7.801232e+01  1.001501e+02  4.800000e+01
     vertex  7.805227e+01  1.001647e+02  4.800000e+01
   endloop
 endfacet
 facet normal  0.000000e+00  0.000000e+00  1.000000e+00
   outer loop
     vertex  7.813089e+01  1.001971e+02  4.800000e+01
     vertex  7.805227e+01  1.001647e+02  4.800000e+01
     vertex  7.809180e+01  1.001804e+02  4.800000e+01
   endloop
 endfacet
 facet normal  0.000000e+00  0.000000e+00  1.000000e+00
   outer loop
     vertex  7.608917e+01  1.022529e+02  4.800000e+01
     vertex  7.607216e+01  1.022139e+02  4.800000e+01
     vertex  7.605622e+01  1.021745e+02  4.800000e+01
   endloop
 endfacet
 facet normal  0.000000e+00  0.000000e+00  1.000000e+00
   outer loop
     vertex  7.816951e+01  1.002149e+02  4.800000e+01
     vertex  7.801232e+01  1.001501e+02  4.800000e+01
     vertex  7.813089e+01  1.001971e+02  4.800000e+01
   endloop
 endfacet
 facet normal  0.000000e+00  0.000000e+00  1.000000e+00
   outer loop
     vertex  7.816951e+01  1.002149e+02  4.800000e+01
     vertex  7.797198e+01  1.001367e+02  4.800000e+01
     vertex  7.801232e+01  1.001501e+02  4.800000e+01
   endloop
 endfacet
 facet normal  0.000000e+00  0.000000e+00  1.000000e+00
   outer loop
     vertex  7.816951e+01  1.002149e+02  4.800000e+01
     vertex  7.784897e+01  1.001029e+02  4.800000e+01
     vertex  7.797198e+01  1.001367e+02  4.800000e+01
   endloop
 endfacet
 facet normal  0.000000e+00  0.000000e+00  1.000000e+00
   outer loop
     vertex  7.610725e+01  1.022914e+02  4.800000e+01
     vertex  7.605622e+01  1.021745e+02  4.800000e+01
     vertex  7.604137e+01  1.021346e+02  4.800000e+01
   endloop
 endfacet
 facet normal  0.000000e+00  0.000000e+00  1.000000e+00
   outer loop
     vertex  7.610725e+01  1.022914e+02  4.800000e+01
     vertex  7.604137e+01  1.021346e+02  4.800000e+01
     vertex  7.601498e+01  1.020538e+02  4.800000e+01
   endloop
 endfacet
 facet normal  0.000000e+00  0.000000e+00  1.000000e+00
   outer loop
     vertex  7.610725e+01  1.022914e+02  4.800000e+01
     vertex  7.608917e+01  1.022529e+02  4.800000e+01
     vertex  7.605622e+01  1.021745e+02  4.800000e+01
   endloop
 endfacet
 facet normal  0.000000e+00  0.000000e+00  1.000000e+00
   outer loop
     vertex  7.614653e+01  1.023668e+02  4.800000e+01
     vertex  7.612637e+01  1.023294e+02  4.800000e+01
     vertex  7.610725e+01  1.022914e+02  4.800000e+01
   endloop
 endfacet
 facet normal  0.000000e+00  0.000000e+00  1.000000e+00
   outer loop
     vertex  7.828223e+01  1.002746e+02  4.800000e+01
     vertex  7.820763e+01  1.002338e+02  4.800000e+01
     vertex  7.824521e+01  1.002537e+02  4.800000e+01
   endloop
 endfacet
 facet normal  0.000000e+00  0.000000e+00  1.000000e+00
   outer loop
     vertex  7.831866e+01  1.002966e+02  4.800000e+01
     vertex  7.820763e+01  1.002338e+02  4.800000e+01
     vertex  7.828223e+01  1.002746e+02  4.800000e+01
   endloop
 endfacet
 facet normal  0.000000e+00  0.000000e+00  1.000000e+00
   outer loop
     vertex  7.618989e+01  1.024400e+02  4.800000e+01
     vertex  7.616771e+01  1.024037e+02  4.800000e+01
     vertex  7.614653e+01  1.023668e+02  4.800000e+01
   endloop
 endfacet
 facet normal  0.000000e+00  0.000000e+00  1.000000e+00
   outer loop
     vertex  7.835448e+01  1.003195e+02  4.800000e+01
     vertex  7.784897e+01  1.001029e+02  4.800000e+01
     vertex  7.816951e+01  1.002149e+02  4.800000e+01
   endloop
 endfacet
 facet normal  0.000000e+00  0.000000e+00  1.000000e+00
   outer loop
     vertex  7.835448e+01  1.003195e+02  4.800000e+01
     vertex  7.729966e+01  1.000765e+02  4.800000e+01
     vertex  7.768144e+01  1.000739e+02  4.800000e+01
   endloop
 endfacet
 facet normal  0.000000e+00  0.000000e+00  1.000000e+00
   outer loop
     vertex  7.835448e+01  1.003195e+02  4.800000e+01
     vertex  7.768144e+01  1.000739e+02  4.800000e+01
     vertex  7.784897e+01  1.001029e+02  4.800000e+01
   endloop
 endfacet
 facet normal  0.000000e+00  0.000000e+00  1.000000e+00
   outer loop
     vertex  7.835448e+01  1.003195e+02  4.800000e+01
     vertex  7.816951e+01  1.002149e+02  4.800000e+01
     vertex  7.820763e+01  1.002338e+02  4.800000e+01
   endloop
 endfacet
 facet normal  0.000000e+00  0.000000e+00  1.000000e+00
   outer loop
     vertex  7.835448e+01  1.003195e+02  4.800000e+01
     vertex  7.820763e+01  1.002338e+02  4.800000e+01
     vertex  7.831866e+01  1.002966e+02  4.800000e+01
   endloop
 endfacet
 facet normal  0.000000e+00  0.000000e+00  1.000000e+00
   outer loop
     vertex  7.842417e+01  1.003682e+02  4.800000e+01
     vertex  7.835448e+01  1.003195e+02  4.800000e+01
     vertex  7.838966e+01  1.003434e+02  4.800000e+01
   endloop
 endfacet
 facet normal  0.000000e+00  0.000000e+00  1.000000e+00
   outer loop
     vertex  7.626229e+01  1.025450e+02  4.800000e+01
     vertex  7.623720e+01  1.025107e+02  4.800000e+01
     vertex  7.621306e+01  1.024756e+02  4.800000e+01
   endloop
 endfacet
 facet normal  0.000000e+00  0.000000e+00  1.000000e+00
   outer loop
     vertex  7.626229e+01  1.025450e+02  4.800000e+01
     vertex  7.621306e+01  1.024756e+02  4.800000e+01
     vertex  7.618989e+01  1.024400e+02  4.800000e+01
   endloop
 endfacet
 facet normal  0.000000e+00  0.000000e+00  1.000000e+00
   outer loop
     vertex  7.849107e+01  1.004207e+02  4.800000e+01
     vertex  7.842417e+01  1.003682e+02  4.800000e+01
     vertex  7.845798e+01  1.003940e+02  4.800000e+01
   endloop
 endfacet
 facet normal  0.000000e+00  0.000000e+00  1.000000e+00
   outer loop
     vertex  7.631525e+01  1.026115e+02  4.800000e+01
     vertex  7.626229e+01  1.025450e+02  4.800000e+01
     vertex  7.618989e+01  1.024400e+02  4.800000e+01
   endloop
 endfacet
 facet normal  0.000000e+00  0.000000e+00  1.000000e+00
   outer loop
     vertex  7.631525e+01  1.026115e+02  4.800000e+01
     vertex  7.628831e+01  1.025786e+02  4.800000e+01
     vertex  7.626229e+01  1.025450e+02  4.800000e+01
   endloop
 endfacet
 facet normal  0.000000e+00  0.000000e+00  1.000000e+00
   outer loop
     vertex  7.852342e+01  1.004483e+02  4.800000e+01
     vertex  7.842417e+01  1.003682e+02  4.800000e+01
     vertex  7.849107e+01  1.004207e+02  4.800000e+01
   endloop
 endfacet
 facet normal  0.000000e+00  0.000000e+00  1.000000e+00
   outer loop
     vertex  7.852342e+01  1.004483e+02  4.800000e+01
     vertex  7.835448e+01  1.003195e+02  4.800000e+01
     vertex  7.842417e+01  1.003682e+02  4.800000e+01
   endloop
 endfacet
 facet normal  0.000000e+00  0.000000e+00  1.000000e+00
   outer loop
     vertex  7.637178e+01  1.026751e+02  4.800000e+01
     vertex  7.634308e+01  1.026437e+02  4.800000e+01
     vertex  7.631525e+01  1.026115e+02  4.800000e+01
   endloop
 endfacet
 facet normal  0.000000e+00  0.000000e+00  1.000000e+00
   outer loop
     vertex  7.858578e+01  1.005062e+02  4.800000e+01
     vertex  7.852342e+01  1.004483e+02  4.800000e+01
     vertex  7.855500e+01  1.004768e+02  4.800000e+01
   endloop
 endfacet
 facet normal  0.000000e+00  0.000000e+00  1.000000e+00
   outer loop
     vertex  7.640133e+01  1.027057e+02  4.800000e+01
     vertex  7.597568e+01  1.013384e+02  4.800000e+01
     vertex  7.599306e+01  1.012552e+02  4.800000e+01
   endloop
 endfacet
 facet normal  0.000000e+00  0.000000e+00  1.000000e+00
   outer loop
     vertex  7.640133e+01  1.027057e+02  4.800000e+01
     vertex  7.610725e+01  1.022914e+02  4.800000e+01
     vertex  7.601498e+01  1.020538e+02  4.800000e+01
   endloop
 endfacet
 facet normal  0.000000e+00  0.000000e+00  1.000000e+00
   outer loop
     vertex  7.640133e+01  1.027057e+02  4.800000e+01
     vertex  7.595241e+01  1.015496e+02  4.800000e+01
     vertex  7.595475e+01  1.015072e+02  4.800000e+01
   endloop
 endfacet
 facet normal  0.000000e+00  0.000000e+00  1.000000e+00
   outer loop
     vertex  7.640133e+01  1.027057e+02  4.800000e+01
     vertex  7.596290e+01  1.014225e+02  4.800000e+01
     vertex  7.597568e+01  1.013384e+02  4.800000e+01
   endloop
 endfacet
 facet normal  0.000000e+00  0.000000e+00  1.000000e+00
   outer loop
     vertex  7.640133e+01  1.027057e+02  4.800000e+01
     vertex  7.618989e+01  1.024400e+02  4.800000e+01
     vertex  7.614653e+01  1.023668e+02  4.800000e+01
   endloop
 endfacet
 facet normal  0.000000e+00  0.000000e+00  1.000000e+00
   outer loop
     vertex  7.640133e+01  1.027057e+02  4.800000e+01
     vertex  7.595475e+01  1.015072e+02  4.800000e+01
     vertex  7.596290e+01  1.014225e+02  4.800000e+01
   endloop
 endfacet
 facet normal  0.000000e+00  0.000000e+00  1.000000e+00
   outer loop
     vertex  7.640133e+01  1.027057e+02  4.800000e+01
     vertex  7.621306e+01  1.007512e+02  4.800000e+01
     vertex  7.623720e+01  1.007161e+02  4.800000e+01
   endloop
 endfacet
 facet normal  0.000000e+00  0.000000e+00  1.000000e+00
   outer loop
     vertex  7.640133e+01  1.027057e+02  4.800000e+01
     vertex  7.623720e+01  1.007161e+02  4.800000e+01
     vertex  7.626229e+01  1.006818e+02  4.800000e+01
   endloop
 endfacet
 facet normal  0.000000e+00  0.000000e+00  1.000000e+00
   outer loop
     vertex  7.640133e+01  1.027057e+02  4.800000e+01
     vertex  7.637178e+01  1.026751e+02  4.800000e+01
     vertex  7.631525e+01  1.026115e+02  4.800000e+01
   endloop
 endfacet
 facet normal  0.000000e+00  0.000000e+00  1.000000e+00
   outer loop
     vertex  7.640133e+01  1.027057e+02  4.800000e+01
     vertex  7.601498e+01  1.020538e+02  4.800000e+01
     vertex  7.595241e+01  1.015496e+02  4.800000e+01
   endloop
 endfacet
 facet normal  0.000000e+00  0.000000e+00  1.000000e+00
   outer loop
     vertex  7.640133e+01  1.027057e+02  4.800000e+01
     vertex  7.631525e+01  1.026115e+02  4.800000e+01
     vertex  7.618989e+01  1.024400e+02  4.800000e+01
   endloop
 endfacet
 facet normal  0.000000e+00  0.000000e+00  1.000000e+00
   outer loop
     vertex  7.640133e+01  1.027057e+02  4.800000e+01
     vertex  7.599306e+01  1.012552e+02  4.800000e+01
     vertex  7.621306e+01  1.007512e+02  4.800000e+01
   endloop
 endfacet
 facet normal  0.000000e+00  0.000000e+00  1.000000e+00
   outer loop
     vertex  7.640133e+01  1.027057e+02  4.800000e+01
     vertex  7.614653e+01  1.023668e+02  4.800000e+01
     vertex  7.610725e+01  1.022914e+02  4.800000e+01
   endloop
 endfacet
 facet normal  0.000000e+00  0.000000e+00  1.000000e+00
   outer loop
     vertex  7.864488e+01  1.005673e+02  4.800000e+01
     vertex  7.835448e+01  1.003195e+02  4.800000e+01
     vertex  7.852342e+01  1.004483e+02  4.800000e+01
   endloop
 endfacet
 facet normal  0.000000e+00  0.000000e+00  1.000000e+00
   outer loop
     vertex  7.864488e+01  1.005673e+02  4.800000e+01
     vertex  7.852342e+01  1.004483e+02  4.800000e+01
     vertex  7.858578e+01  1.005062e+02  4.800000e+01
   endloop
 endfacet
 facet normal  0.000000e+00  0.000000e+00  1.000000e+00
   outer loop
     vertex  7.864488e+01  1.005673e+02  4.800000e+01
     vertex  7.858578e+01  1.005062e+02  4.800000e+01
     vertex  7.861575e+01  1.005363e+02  4.800000e+01
   endloop
 endfacet
 facet normal  0.000000e+00  0.000000e+00  1.000000e+00
   outer loop
     vertex  7.646289e+01  1.027643e+02  4.800000e+01
     vertex  7.643171e+01  1.027354e+02  4.800000e+01
     vertex  7.640133e+01  1.027057e+02  4.800000e+01
   endloop
 endfacet
 facet normal  0.000000e+00  0.000000e+00  1.000000e+00
   outer loop
     vertex  7.867314e+01  1.005991e+02  4.800000e+01
     vertex  7.835448e+01  1.003195e+02  4.800000e+01
     vertex  7.864488e+01  1.005673e+02  4.800000e+01
   endloop
 endfacet
 facet normal  0.000000e+00  0.000000e+00  1.000000e+00
   outer loop
     vertex  7.652758e+01  1.028195e+02  4.800000e+01
     vertex  7.649486e+01  1.027924e+02  4.800000e+01
     vertex  7.646289e+01  1.027643e+02  4.800000e+01
   endloop
 endfacet
 facet normal  0.000000e+00  0.000000e+00  1.000000e+00
   outer loop
     vertex  7.872701e+01  1.006649e+02  4.800000e+01
     vertex  7.867314e+01  1.005991e+02  4.800000e+01
     vertex  7.870053e+01  1.006316e+02  4.800000e+01
   endloop
 endfacet
 facet normal  0.000000e+00  0.000000e+00  1.000000e+00
   outer loop
     vertex  7.875257e+01  1.006989e+02  4.800000e+01
     vertex  7.867314e+01  1.005991e+02  4.800000e+01
     vertex  7.872701e+01  1.006649e+02  4.800000e+01
   endloop
 endfacet
 facet normal  0.000000e+00  0.000000e+00  1.000000e+00
   outer loop
     vertex  7.659520e+01  1.028711e+02  4.800000e+01
     vertex  7.646289e+01  1.027643e+02  4.800000e+01
     vertex  7.640133e+01  1.027057e+02  4.800000e+01
   endloop
 endfacet
 facet normal  0.000000e+00  0.000000e+00  1.000000e+00
   outer loop
     vertex  7.659520e+01  1.028711e+02  4.800000e+01
     vertex  7.652758e+01  1.028195e+02  4.800000e+01
     vertex  7.646289e+01  1.027643e+02  4.800000e+01
   endloop
 endfacet
 facet normal  0.000000e+00  0.000000e+00  1.000000e+00
   outer loop
     vertex  7.659520e+01  1.028711e+02  4.800000e+01
     vertex  7.656104e+01  1.028458e+02  4.800000e+01
     vertex  7.652758e+01  1.028195e+02  4.800000e+01
   endloop
 endfacet
 facet normal  0.000000e+00  0.000000e+00  1.000000e+00
   outer loop
     vertex  7.880085e+01  1.007689e+02  4.800000e+01
     vertex  7.875257e+01  1.006989e+02  4.800000e+01
     vertex  7.877719e+01  1.007336e+02  4.800000e+01
   endloop
 endfacet
 facet normal  0.000000e+00  0.000000e+00  1.000000e+00
   outer loop
     vertex  7.670168e+01  1.029413e+02  4.800000e+01
     vertex  7.666555e+01  1.029189e+02  4.800000e+01
     vertex  7.663005e+01  1.028955e+02  4.800000e+01
   endloop
 endfacet
 facet normal  0.000000e+00  0.000000e+00  1.000000e+00
   outer loop
     vertex  7.884521e+01  1.008415e+02  4.800000e+01
     vertex  7.880085e+01  1.007689e+02  4.800000e+01
     vertex  7.882352e+01  1.008049e+02  4.800000e+01
   endloop
 endfacet
 facet normal  0.000000e+00  0.000000e+00  1.000000e+00
   outer loop
     vertex  7.884521e+01  1.008415e+02  4.800000e+01
     vertex  7.875257e+01  1.006989e+02  4.800000e+01
     vertex  7.880085e+01  1.007689e+02  4.800000e+01
   endloop
 endfacet
 facet normal  0.000000e+00  0.000000e+00  1.000000e+00
   outer loop
     vertex  7.886588e+01  1.008786e+02  4.800000e+01
     vertex  7.875257e+01  1.006989e+02  4.800000e+01
     vertex  7.884521e+01  1.008415e+02  4.800000e+01
   endloop
 endfacet
 facet normal  0.000000e+00  0.000000e+00  1.000000e+00
   outer loop
     vertex  7.677571e+01  1.029832e+02  4.800000e+01
     vertex  7.673841e+01  1.029628e+02  4.800000e+01
     vertex  7.670168e+01  1.029413e+02  4.800000e+01
   endloop
 endfacet
 facet normal  0.000000e+00  0.000000e+00  1.000000e+00
   outer loop
     vertex  7.677571e+01  1.029832e+02  4.800000e+01
     vertex  7.670168e+01  1.029413e+02  4.800000e+01
     vertex  7.663005e+01  1.028955e+02  4.800000e+01
   endloop
 endfacet
 facet normal  0.000000e+00  0.000000e+00  1.000000e+00
   outer loop
     vertex  7.888552e+01  1.009164e+02  4.800000e+01
     vertex  7.867314e+01  1.005991e+02  4.800000e+01
     vertex  7.875257e+01  1.006989e+02  4.800000e+01
   endloop
 endfacet
 facet normal  0.000000e+00  0.000000e+00  1.000000e+00
   outer loop
     vertex  7.888552e+01  1.009164e+02  4.800000e+01
     vertex  7.875257e+01  1.006989e+02  4.800000e+01
     vertex  7.886588e+01  1.008786e+02  4.800000e+01
   endloop
 endfacet
 facet normal  0.000000e+00  0.000000e+00  1.000000e+00
   outer loop
     vertex  7.681357e+01  1.030026e+02  4.800000e+01
     vertex  7.677571e+01  1.029832e+02  4.800000e+01
     vertex  7.663005e+01  1.028955e+02  4.800000e+01
   endloop
 endfacet
 facet normal  0.000000e+00  0.000000e+00  1.000000e+00
   outer loop
     vertex  7.681357e+01  1.030026e+02  4.800000e+01
     vertex  7.659520e+01  1.028711e+02  4.800000e+01
     vertex  7.640133e+01  1.027057e+02  4.800000e+01
   endloop
 endfacet
 facet normal  0.000000e+00  0.000000e+00  1.000000e+00
   outer loop
     vertex  7.681357e+01  1.030026e+02  4.800000e+01
     vertex  7.663005e+01  1.028955e+02  4.800000e+01
     vertex  7.659520e+01  1.028711e+02  4.800000e+01
   endloop
 endfacet
 facet normal  0.000000e+00  0.000000e+00  1.000000e+00
   outer loop
     vertex  7.890412e+01  1.009546e+02  4.800000e+01
     vertex  7.867314e+01  1.005991e+02  4.800000e+01
     vertex  7.888552e+01  1.009164e+02  4.800000e+01
   endloop
 endfacet
 facet normal  0.000000e+00  0.000000e+00  1.000000e+00
   outer loop
     vertex  7.892167e+01  1.009933e+02  4.800000e+01
     vertex  7.867314e+01  1.005991e+02  4.800000e+01
     vertex  7.890412e+01  1.009546e+02  4.800000e+01
   endloop
 endfacet
 facet normal  0.000000e+00  0.000000e+00  1.000000e+00
   outer loop
     vertex  7.893815e+01  1.010325e+02  4.800000e+01
     vertex  7.867314e+01  1.005991e+02  4.800000e+01
     vertex  7.892167e+01  1.009933e+02  4.800000e+01
   endloop
 endfacet
 facet normal  0.000000e+00  0.000000e+00  1.000000e+00
   outer loop
     vertex  7.693011e+01  1.030544e+02  4.800000e+01
     vertex  7.689079e+01  1.030382e+02  4.800000e+01
     vertex  7.685194e+01  1.030209e+02  4.800000e+01
   endloop
 endfacet
 facet normal  0.000000e+00  0.000000e+00  1.000000e+00
   outer loop
     vertex  7.693011e+01  1.030544e+02  4.800000e+01
     vertex  7.685194e+01  1.030209e+02  4.800000e+01
     vertex  7.681357e+01  1.030026e+02  4.800000e+01
   endloop
 endfacet
 facet normal  0.000000e+00  0.000000e+00  1.000000e+00
   outer loop
     vertex  7.895354e+01  1.010722e+02  4.800000e+01
     vertex  7.867314e+01  1.005991e+02  4.800000e+01
     vertex  7.893815e+01  1.010325e+02  4.800000e+01
   endloop
 endfacet
 facet normal  0.000000e+00  0.000000e+00  1.000000e+00
   outer loop
     vertex  7.895354e+01  1.010722e+02  4.800000e+01
     vertex  7.835448e+01  1.003195e+02  4.800000e+01
     vertex  7.867314e+01  1.005991e+02  4.800000e+01
   endloop
 endfacet
 facet normal  0.000000e+00  0.000000e+00  1.000000e+00
   outer loop
     vertex  7.696986e+01  1.030695e+02  4.800000e+01
     vertex  7.693011e+01  1.030544e+02  4.800000e+01
     vertex  7.681357e+01  1.030026e+02  4.800000e+01
   endloop
 endfacet
 facet normal  0.000000e+00  0.000000e+00  1.000000e+00
   outer loop
     vertex  7.696986e+01  1.030695e+02  4.800000e+01
     vertex  7.681357e+01  1.030026e+02  4.800000e+01
     vertex  7.640133e+01  1.027057e+02  4.800000e+01
   endloop
 endfacet
 facet normal  0.000000e+00  0.000000e+00  1.000000e+00
   outer loop
     vertex  7.898104e+01  1.011527e+02  4.800000e+01
     vertex  7.895354e+01  1.010722e+02  4.800000e+01
     vertex  7.896784e+01  1.011122e+02  4.800000e+01
   endloop
 endfacet
 facet normal  0.000000e+00  0.000000e+00  1.000000e+00
   outer loop
     vertex  7.709138e+01  1.031083e+02  4.800000e+01
     vertex  7.705052e+01  1.030965e+02  4.800000e+01
     vertex  7.701001e+01  1.030835e+02  4.800000e+01
   endloop
 endfacet
 facet normal  0.000000e+00  0.000000e+00  1.000000e+00
   outer loop
     vertex  7.709138e+01  1.031083e+02  4.800000e+01
     vertex  7.701001e+01  1.030835e+02  4.800000e+01
     vertex  7.696986e+01  1.030695e+02  4.800000e+01
   endloop
 endfacet
 facet normal  0.000000e+00  0.000000e+00  1.000000e+00
   outer loop
     vertex  7.900408e+01  1.012345e+02  4.800000e+01
     vertex  7.898104e+01  1.011527e+02  4.800000e+01
     vertex  7.899312e+01  1.011934e+02  4.800000e+01
   endloop
 endfacet
 facet normal  0.000000e+00  0.000000e+00  1.000000e+00
   outer loop
     vertex  7.900408e+01  1.012345e+02  4.800000e+01
     vertex  7.895354e+01  1.010722e+02  4.800000e+01
     vertex  7.898104e+01  1.011527e+02  4.800000e+01
   endloop
 endfacet
 facet normal  0.000000e+00  0.000000e+00  1.000000e+00
   outer loop
     vertex  7.901391e+01  1.012759e+02  4.800000e+01
     vertex  7.895354e+01  1.010722e+02  4.800000e+01
     vertex  7.900408e+01  1.012345e+02  4.800000e+01
   endloop
 endfacet
 facet normal  0.000000e+00  0.000000e+00  1.000000e+00
   outer loop
     vertex  7.717399e+01  1.031285e+02  4.800000e+01
     vertex  7.713254e+01  1.031189e+02  4.800000e+01
     vertex  7.709138e+01  1.031083e+02  4.800000e+01
   endloop
 endfacet
 facet normal  0.000000e+00  0.000000e+00  1.000000e+00
   outer loop
     vertex  7.903014e+01  1.013594e+02  4.800000e+01
     vertex  7.901391e+01  1.012759e+02  4.800000e+01
     vertex  7.902260e+01  1.013175e+02  4.800000e+01
   endloop
 endfacet
 facet normal  0.000000e+00  0.000000e+00  1.000000e+00
   outer loop
     vertex  7.729966e+01  1.031503e+02  4.800000e+01
     vertex  7.725758e+01  1.031442e+02  4.800000e+01
     vertex  7.721567e+01  1.031369e+02  4.800000e+01
   endloop
 endfacet
 facet normal  0.000000e+00  0.000000e+00  1.000000e+00
   outer loop
     vertex  7.729966e+01  1.031503e+02  4.800000e+01
     vertex  7.721567e+01  1.031369e+02  4.800000e+01
     vertex  7.717399e+01  1.031285e+02  4.800000e+01
   endloop
 endfacet
 facet normal  0.000000e+00  0.000000e+00  1.000000e+00
   outer loop
     vertex  7.734190e+01  1.031552e+02  4.800000e+01
     vertex  7.729966e+01  1.031503e+02  4.800000e+01
     vertex  7.717399e+01  1.031285e+02  4.800000e+01
   endloop
 endfacet
 facet normal  0.000000e+00  0.000000e+00  1.000000e+00
   outer loop
     vertex  7.904585e+01  1.014860e+02  4.800000e+01
     vertex  7.895354e+01  1.010722e+02  4.800000e+01
     vertex  7.901391e+01  1.012759e+02  4.800000e+01
   endloop
 endfacet
 facet normal  0.000000e+00  0.000000e+00  1.000000e+00
   outer loop
     vertex  7.904585e+01  1.014860e+02  4.800000e+01
     vertex  7.701001e+01  1.001433e+02  4.800000e+01
     vertex  7.717399e+01  1.000983e+02  4.800000e+01
   endloop
 endfacet
 facet normal  0.000000e+00  0.000000e+00  1.000000e+00
   outer loop
     vertex  7.904585e+01  1.014860e+02  4.800000e+01
     vertex  7.717399e+01  1.000983e+02  4.800000e+01
     vertex  7.729966e+01  1.000765e+02  4.800000e+01
   endloop
 endfacet
 facet normal  0.000000e+00  0.000000e+00  1.000000e+00
   outer loop
     vertex  7.904585e+01  1.014860e+02  4.800000e+01
     vertex  7.835448e+01  1.003195e+02  4.800000e+01
     vertex  7.895354e+01  1.010722e+02  4.800000e+01
   endloop
 endfacet
 facet normal  0.000000e+00  0.000000e+00  1.000000e+00
   outer loop
     vertex  7.904585e+01  1.014860e+02  4.800000e+01
     vertex  7.903014e+01  1.013594e+02  4.800000e+01
     vertex  7.903654e+01  1.014014e+02  4.800000e+01
   endloop
 endfacet
 facet normal  0.000000e+00  0.000000e+00  1.000000e+00
   outer loop
     vertex  7.904585e+01  1.014860e+02  4.800000e+01
     vertex  7.903654e+01  1.014014e+02  4.800000e+01
     vertex  7.904177e+01  1.014436e+02  4.800000e+01
   endloop
 endfacet
 facet normal  0.000000e+00  0.000000e+00  1.000000e+00
   outer loop
     vertex  7.904585e+01  1.014860e+02  4.800000e+01
     vertex  7.643171e+01  1.004914e+02  4.800000e+01
     vertex  7.649486e+01  1.004344e+02  4.800000e+01
   endloop
 endfacet
 facet normal  0.000000e+00  0.000000e+00  1.000000e+00
   outer loop
     vertex  7.904585e+01  1.014860e+02  4.800000e+01
     vertex  7.901391e+01  1.012759e+02  4.800000e+01
     vertex  7.903014e+01  1.013594e+02  4.800000e+01
   endloop
 endfacet
 facet normal  0.000000e+00  0.000000e+00  1.000000e+00
   outer loop
     vertex  7.904585e+01  1.014860e+02  4.800000e+01
     vertex  7.649486e+01  1.004344e+02  4.800000e+01
     vertex  7.652758e+01  1.004073e+02  4.800000e+01
   endloop
 endfacet
 facet normal  0.000000e+00  0.000000e+00  1.000000e+00
   outer loop
     vertex  7.904585e+01  1.014860e+02  4.800000e+01
     vertex  7.652758e+01  1.004073e+02  4.800000e+01
     vertex  7.656104e+01  1.003810e+02  4.800000e+01
   endloop
 endfacet
 facet normal  0.000000e+00  0.000000e+00  1.000000e+00
   outer loop
     vertex  7.904585e+01  1.014860e+02  4.800000e+01
     vertex  7.656104e+01  1.003810e+02  4.800000e+01
     vertex  7.659520e+01  1.003557e+02  4.800000e+01
   endloop
 endfacet
 facet normal  0.000000e+00  0.000000e+00  1.000000e+00
   outer loop
     vertex  7.904585e+01  1.014860e+02  4.800000e+01
     vertex  7.659520e+01  1.003557e+02  4.800000e+01
     vertex  7.666555e+01  1.003079e+02  4.800000e+01
   endloop
 endfacet
 facet normal  0.000000e+00  0.000000e+00  1.000000e+00
   outer loop
     vertex  7.904585e+01  1.014860e+02  4.800000e+01
     vertex  7.666555e+01  1.003079e+02  4.800000e+01
     vertex  7.701001e+01  1.001433e+02  4.800000e+01
   endloop
 endfacet
 facet normal  0.000000e+00  0.000000e+00  1.000000e+00
   outer loop
     vertex  7.904585e+01  1.014860e+02  4.800000e+01
     vertex  7.729966e+01  1.000765e+02  4.800000e+01
     vertex  7.835448e+01  1.003195e+02  4.800000e+01
   endloop
 endfacet
 facet normal  0.000000e+00  0.000000e+00  1.000000e+00
   outer loop
     vertex  7.742670e+01  1.031616e+02  4.800000e+01
     vertex  7.738426e+01  1.031590e+02  4.800000e+01
     vertex  7.734190e+01  1.031552e+02  4.800000e+01
   endloop
 endfacet
 facet normal  0.000000e+00  0.000000e+00  1.000000e+00
   outer loop
     vertex  7.905110e+01  1.016134e+02  4.800000e+01
     vertex  7.904877e+01  1.015284e+02  4.800000e+01
     vertex  7.905052e+01  1.015709e+02  4.800000e+01
   endloop
 endfacet
 facet normal  0.000000e+00  0.000000e+00  1.000000e+00
   outer loop
     vertex  7.755425e+01  1.031625e+02  4.800000e+01
     vertex  7.751173e+01  1.031634e+02  4.800000e+01
     vertex  7.746921e+01  1.031631e+02  4.800000e+01
   endloop
 endfacet
 facet normal  0.000000e+00  0.000000e+00  1.000000e+00
   outer loop
     vertex  7.904877e+01  1.016984e+02  4.800000e+01
     vertex  7.905110e+01  1.016134e+02  4.800000e+01
     vertex  7.905052e+01  1.016559e+02  4.800000e+01
   endloop
 endfacet
 facet normal  0.000000e+00  0.000000e+00  1.000000e+00
   outer loop
     vertex  7.904877e+01  1.016984e+02  4.800000e+01
     vertex  7.904585e+01  1.014860e+02  4.800000e+01
     vertex  7.904877e+01  1.015284e+02  4.800000e+01
   endloop
 endfacet
 facet normal  0.000000e+00  0.000000e+00  1.000000e+00
   outer loop
     vertex  7.904877e+01  1.016984e+02  4.800000e+01
     vertex  7.904877e+01  1.015284e+02  4.800000e+01
     vertex  7.905110e+01  1.016134e+02  4.800000e+01
   endloop
 endfacet
 facet normal  0.000000e+00  0.000000e+00  1.000000e+00
   outer loop
     vertex  7.904585e+01  1.017408e+02  4.800000e+01
     vertex  7.904585e+01  1.014860e+02  4.800000e+01
     vertex  7.904877e+01  1.016984e+02  4.800000e+01
   endloop
 endfacet
 facet normal  0.000000e+00  0.000000e+00  1.000000e+00
   outer loop
     vertex  7.763913e+01  1.031572e+02  4.800000e+01
     vertex  7.759673e+01  1.031604e+02  4.800000e+01
     vertex  7.755425e+01  1.031625e+02  4.800000e+01
   endloop
 endfacet
 facet normal  0.000000e+00  0.000000e+00  1.000000e+00
   outer loop
     vertex  7.903654e+01  1.018254e+02  4.800000e+01
     vertex  7.904585e+01  1.017408e+02  4.800000e+01
     vertex  7.904177e+01  1.017832e+02  4.800000e+01
   endloop
 endfacet
 facet normal  0.000000e+00  0.000000e+00  1.000000e+00
   outer loop
     vertex  7.903654e+01  1.018254e+02  4.800000e+01
     vertex  7.904585e+01  1.014860e+02  4.800000e+01
     vertex  7.904585e+01  1.017408e+02  4.800000e+01
   endloop
 endfacet
 facet normal  0.000000e+00  0.000000e+00  1.000000e+00
   outer loop
     vertex  7.772360e+01  1.031473e+02  4.800000e+01
     vertex  7.768144e+01  1.031529e+02  4.800000e+01
     vertex  7.763913e+01  1.031572e+02  4.800000e+01
   endloop
 endfacet
 facet normal  0.000000e+00  0.000000e+00  1.000000e+00
   outer loop
     vertex  7.772360e+01  1.031473e+02  4.800000e+01
     vertex  7.755425e+01  1.031625e+02  4.800000e+01
     vertex  7.746921e+01  1.031631e+02  4.800000e+01
   endloop
 endfacet
 facet normal  0.000000e+00  0.000000e+00  1.000000e+00
   outer loop
     vertex  7.772360e+01  1.031473e+02  4.800000e+01
     vertex  7.763913e+01  1.031572e+02  4.800000e+01
     vertex  7.755425e+01  1.031625e+02  4.800000e+01
   endloop
 endfacet
 facet normal  0.000000e+00  0.000000e+00  1.000000e+00
   outer loop
     vertex  7.903014e+01  1.018674e+02  4.800000e+01
     vertex  7.904585e+01  1.014860e+02  4.800000e+01
     vertex  7.903654e+01  1.018254e+02  4.800000e+01
   endloop
 endfacet
 facet normal  0.000000e+00  0.000000e+00  1.000000e+00
   outer loop
     vertex  7.776560e+01  1.031407e+02  4.800000e+01
     vertex  7.772360e+01  1.031473e+02  4.800000e+01
     vertex  7.746921e+01  1.031631e+02  4.800000e+01
   endloop
 endfacet
 facet normal  0.000000e+00  0.000000e+00  1.000000e+00
   outer loop
     vertex  7.901391e+01  1.019509e+02  4.800000e+01
     vertex  7.903014e+01  1.018674e+02  4.800000e+01
     vertex  7.902260e+01  1.019093e+02  4.800000e+01
   endloop
 endfacet
 facet normal  0.000000e+00  0.000000e+00  1.000000e+00
   outer loop
     vertex  7.901391e+01  1.019509e+02  4.800000e+01
     vertex  7.904585e+01  1.014860e+02  4.800000e+01
     vertex  7.903014e+01  1.018674e+02  4.800000e+01
   endloop
 endfacet
 facet normal  0.000000e+00  0.000000e+00  1.000000e+00
   outer loop
     vertex  7.784897e+01  1.031239e+02  4.800000e+01
     vertex  7.780740e+01  1.031328e+02  4.800000e+01
     vertex  7.776560e+01  1.031407e+02  4.800000e+01
   endloop
 endfacet
 facet normal  0.000000e+00  0.000000e+00  1.000000e+00
   outer loop
     vertex  7.793129e+01  1.031025e+02  4.800000e+01
     vertex  7.709138e+01  1.031083e+02  4.800000e+01
     vertex  7.696986e+01  1.030695e+02  4.800000e+01
   endloop
 endfacet
 facet normal  0.000000e+00  0.000000e+00  1.000000e+00
   outer loop
     vertex  7.793129e+01  1.031025e+02  4.800000e+01
     vertex  7.717399e+01  1.031285e+02  4.800000e+01
     vertex  7.709138e+01  1.031083e+02  4.800000e+01
   endloop
 endfacet
 facet normal  0.000000e+00  0.000000e+00  1.000000e+00
   outer loop
     vertex  7.793129e+01  1.031025e+02  4.800000e+01
     vertex  7.789028e+01  1.031137e+02  4.800000e+01
     vertex  7.784897e+01  1.031239e+02  4.800000e+01
   endloop
 endfacet
 facet normal  0.000000e+00  0.000000e+00  1.000000e+00
   outer loop
     vertex  7.793129e+01  1.031025e+02  4.800000e+01
     vertex  7.784897e+01  1.031239e+02  4.800000e+01
     vertex  7.776560e+01  1.031407e+02  4.800000e+01
   endloop
 endfacet
 facet normal  0.000000e+00  0.000000e+00  1.000000e+00
   outer loop
     vertex  7.793129e+01  1.031025e+02  4.800000e+01
     vertex  7.734190e+01  1.031552e+02  4.800000e+01
     vertex  7.717399e+01  1.031285e+02  4.800000e+01
   endloop
 endfacet
 facet normal  0.000000e+00  0.000000e+00  1.000000e+00
   outer loop
     vertex  7.793129e+01  1.031025e+02  4.800000e+01
     vertex  7.746921e+01  1.031631e+02  4.800000e+01
     vertex  7.742670e+01  1.031616e+02  4.800000e+01
   endloop
 endfacet
 facet normal  0.000000e+00  0.000000e+00  1.000000e+00
   outer loop
     vertex  7.793129e+01  1.031025e+02  4.800000e+01
     vertex  7.742670e+01  1.031616e+02  4.800000e+01
     vertex  7.734190e+01  1.031552e+02  4.800000e+01
   endloop
 endfacet
 facet normal  0.000000e+00  0.000000e+00  1.000000e+00
   outer loop
     vertex  7.793129e+01  1.031025e+02  4.800000e+01
     vertex  7.776560e+01  1.031407e+02  4.800000e+01
     vertex  7.746921e+01  1.031631e+02  4.800000e+01
   endloop
 endfacet
 facet normal  0.000000e+00  0.000000e+00  1.000000e+00
   outer loop
     vertex  7.896784e+01  1.021146e+02  4.800000e+01
     vertex  7.904585e+01  1.014860e+02  4.800000e+01
     vertex  7.901391e+01  1.019509e+02  4.800000e+01
   endloop
 endfacet
 facet normal  0.000000e+00  0.000000e+00  1.000000e+00
   outer loop
     vertex  7.896784e+01  1.021146e+02  4.800000e+01
     vertex  7.901391e+01  1.019509e+02  4.800000e+01
     vertex  7.900408e+01  1.019923e+02  4.800000e+01
   endloop
 endfacet
 facet normal  0.000000e+00  0.000000e+00  1.000000e+00
   outer loop
     vertex  7.896784e+01  1.021146e+02  4.800000e+01
     vertex  7.900408e+01  1.019923e+02  4.800000e+01
     vertex  7.899312e+01  1.020334e+02  4.800000e+01
   endloop
 endfacet
 facet normal  0.000000e+00  0.000000e+00  1.000000e+00
   outer loop
     vertex  7.896784e+01  1.021146e+02  4.800000e+01
     vertex  7.899312e+01  1.020334e+02  4.800000e+01
     vertex  7.898104e+01  1.020741e+02  4.800000e+01
   endloop
 endfacet
 facet normal  0.000000e+00  0.000000e+00  1.000000e+00
   outer loop
     vertex  7.805227e+01  1.030621e+02  4.800000e+01
     vertex  7.801232e+01  1.030767e+02  4.800000e+01
     vertex  7.797198e+01  1.030901e+02  4.800000e+01
   endloop
 endfacet
 facet normal  0.000000e+00  0.000000e+00  1.000000e+00
   outer loop
     vertex  7.805227e+01  1.030621e+02  4.800000e+01
     vertex  7.797198e+01  1.030901e+02  4.800000e+01
     vertex  7.793129e+01  1.031025e+02  4.800000e+01
   endloop
 endfacet
 facet normal  0.000000e+00  0.000000e+00  1.000000e+00
   outer loop
     vertex  7.893815e+01  1.021943e+02  4.800000e+01
     vertex  7.896784e+01  1.021146e+02  4.800000e+01
     vertex  7.895354e+01  1.021546e+02  4.800000e+01
   endloop
 endfacet
 facet normal  0.000000e+00  0.000000e+00  1.000000e+00
   outer loop
     vertex  7.890412e+01  1.022722e+02  4.800000e+01
     vertex  7.893815e+01  1.021943e+02  4.800000e+01
     vertex  7.892167e+01  1.022335e+02  4.800000e+01
   endloop
 endfacet
 facet normal  0.000000e+00  0.000000e+00  1.000000e+00
   outer loop
     vertex  7.890412e+01  1.022722e+02  4.800000e+01
     vertex  7.896784e+01  1.021146e+02  4.800000e+01
     vertex  7.893815e+01  1.021943e+02  4.800000e+01
   endloop
 endfacet
 facet normal  0.000000e+00  0.000000e+00  1.000000e+00
   outer loop
     vertex  7.890412e+01  1.022722e+02  4.800000e+01
     vertex  7.904585e+01  1.014860e+02  4.800000e+01
     vertex  7.896784e+01  1.021146e+02  4.800000e+01
   endloop
 endfacet
 facet normal  0.000000e+00  0.000000e+00  1.000000e+00
   outer loop
     vertex  7.816951e+01  1.030119e+02  4.800000e+01
     vertex  7.813089e+01  1.030297e+02  4.800000e+01
     vertex  7.809180e+01  1.030464e+02  4.800000e+01
   endloop
 endfacet
 facet normal  0.000000e+00  0.000000e+00  1.000000e+00
   outer loop
     vertex  7.886588e+01  1.023482e+02  4.800000e+01
     vertex  7.890412e+01  1.022722e+02  4.800000e+01
     vertex  7.888552e+01  1.023104e+02  4.800000e+01
   endloop
 endfacet
 facet normal  0.000000e+00  0.000000e+00  1.000000e+00
   outer loop
     vertex  7.824521e+01  1.029731e+02  4.800000e+01
     vertex  7.816951e+01  1.030119e+02  4.800000e+01
     vertex  7.809180e+01  1.030464e+02  4.800000e+01
   endloop
 endfacet
 facet normal  0.000000e+00  0.000000e+00  1.000000e+00
   outer loop
     vertex  7.824521e+01  1.029731e+02  4.800000e+01
     vertex  7.820763e+01  1.029930e+02  4.800000e+01
     vertex  7.816951e+01  1.030119e+02  4.800000e+01
   endloop
 endfacet
 facet normal  0.000000e+00  0.000000e+00  1.000000e+00
   outer loop
     vertex  7.824521e+01  1.029731e+02  4.800000e+01
     vertex  7.809180e+01  1.030464e+02  4.800000e+01
     vertex  7.805227e+01  1.030621e+02  4.800000e+01
   endloop
 endfacet
 facet normal  0.000000e+00  0.000000e+00  1.000000e+00
   outer loop
     vertex  7.884521e+01  1.023853e+02  4.800000e+01
     vertex  7.890412e+01  1.022722e+02  4.800000e+01
     vertex  7.886588e+01  1.023482e+02  4.800000e+01
   endloop
 endfacet
 facet normal  0.000000e+00  0.000000e+00  1.000000e+00
   outer loop
     vertex  7.882352e+01  1.024219e+02  4.800000e+01
     vertex  7.890412e+01  1.022722e+02  4.800000e+01
     vertex  7.884521e+01  1.023853e+02  4.800000e+01
   endloop
 endfacet
 facet normal  0.000000e+00  0.000000e+00  1.000000e+00
   outer loop
     vertex  7.831866e+01  1.029302e+02  4.800000e+01
     vertex  7.828223e+01  1.029522e+02  4.800000e+01
     vertex  7.824521e+01  1.029731e+02  4.800000e+01
   endloop
 endfacet
 facet normal  0.000000e+00  0.000000e+00  1.000000e+00
   outer loop
     vertex  7.835448e+01  1.029073e+02  4.800000e+01
     vertex  7.793129e+01  1.031025e+02  4.800000e+01
     vertex  7.696986e+01  1.030695e+02  4.800000e+01
   endloop
 endfacet
 facet normal  0.000000e+00  0.000000e+00  1.000000e+00
   outer loop
     vertex  7.835448e+01  1.029073e+02  4.800000e+01
     vertex  7.805227e+01  1.030621e+02  4.800000e+01
     vertex  7.793129e+01  1.031025e+02  4.800000e+01
   endloop
 endfacet
 facet normal  0.000000e+00  0.000000e+00  1.000000e+00
   outer loop
     vertex  7.835448e+01  1.029073e+02  4.800000e+01
     vertex  7.831866e+01  1.029302e+02  4.800000e+01
     vertex  7.824521e+01  1.029731e+02  4.800000e+01
   endloop
 endfacet
 facet normal  0.000000e+00  0.000000e+00  1.000000e+00
   outer loop
     vertex  7.835448e+01  1.029073e+02  4.800000e+01
     vertex  7.824521e+01  1.029731e+02  4.800000e+01
     vertex  7.805227e+01  1.030621e+02  4.800000e+01
   endloop
 endfacet
 facet normal  0.000000e+00  0.000000e+00  1.000000e+00
   outer loop
     vertex  7.877719e+01  1.024932e+02  4.800000e+01
     vertex  7.882352e+01  1.024219e+02  4.800000e+01
     vertex  7.880085e+01  1.024579e+02  4.800000e+01
   endloop
 endfacet
 facet normal  0.000000e+00  0.000000e+00  1.000000e+00
   outer loop
     vertex  7.877719e+01  1.024932e+02  4.800000e+01
     vertex  7.890412e+01  1.022722e+02  4.800000e+01
     vertex  7.882352e+01  1.024219e+02  4.800000e+01
   endloop
 endfacet
 facet normal  0.000000e+00  0.000000e+00  1.000000e+00
   outer loop
     vertex  7.875257e+01  1.025279e+02  4.800000e+01
     vertex  7.890412e+01  1.022722e+02  4.800000e+01
     vertex  7.877719e+01  1.024932e+02  4.800000e+01
   endloop
 endfacet
 facet normal  0.000000e+00  0.000000e+00  1.000000e+00
   outer loop
     vertex  7.842417e+01  1.028586e+02  4.800000e+01
     vertex  7.838966e+01  1.028834e+02  4.800000e+01
     vertex  7.835448e+01  1.029073e+02  4.800000e+01
   endloop
 endfacet
 facet normal  0.000000e+00  0.000000e+00  1.000000e+00
   outer loop
     vertex  7.849107e+01  1.028061e+02  4.800000e+01
     vertex  7.842417e+01  1.028586e+02  4.800000e+01
     vertex  7.835448e+01  1.029073e+02  4.800000e+01
   endloop
 endfacet
 facet normal  0.000000e+00  0.000000e+00  1.000000e+00
   outer loop
     vertex  7.849107e+01  1.028061e+02  4.800000e+01
     vertex  7.845798e+01  1.028328e+02  4.800000e+01
     vertex  7.842417e+01  1.028586e+02  4.800000e+01
   endloop
 endfacet
 facet normal  0.000000e+00  0.000000e+00  1.000000e+00
   outer loop
     vertex  7.867314e+01  1.026277e+02  4.800000e+01
     vertex  7.875257e+01  1.025279e+02  4.800000e+01
     vertex  7.872701e+01  1.025619e+02  4.800000e+01
   endloop
 endfacet
 facet normal  0.000000e+00  0.000000e+00  1.000000e+00
   outer loop
     vertex  7.867314e+01  1.026277e+02  4.800000e+01
     vertex  7.872701e+01  1.025619e+02  4.800000e+01
     vertex  7.870053e+01  1.025952e+02  4.800000e+01
   endloop
 endfacet
 facet normal  0.000000e+00  0.000000e+00  1.000000e+00
   outer loop
     vertex  7.852342e+01  1.027785e+02  4.800000e+01
     vertex  7.849107e+01  1.028061e+02  4.800000e+01
     vertex  7.835448e+01  1.029073e+02  4.800000e+01
   endloop
 endfacet
 facet normal  0.000000e+00  0.000000e+00  1.000000e+00
   outer loop
     vertex  7.864488e+01  1.026595e+02  4.800000e+01
     vertex  7.875257e+01  1.025279e+02  4.800000e+01
     vertex  7.867314e+01  1.026277e+02  4.800000e+01
   endloop
 endfacet
 facet normal  0.000000e+00  0.000000e+00  1.000000e+00
   outer loop
     vertex  7.858578e+01  1.027206e+02  4.800000e+01
     vertex  7.696986e+01  1.030695e+02  4.800000e+01
     vertex  7.640133e+01  1.027057e+02  4.800000e+01
   endloop
 endfacet
 facet normal  0.000000e+00  0.000000e+00  1.000000e+00
   outer loop
     vertex  7.858578e+01  1.027206e+02  4.800000e+01
     vertex  7.864488e+01  1.026595e+02  4.800000e+01
     vertex  7.861575e+01  1.026905e+02  4.800000e+01
   endloop
 endfacet
 facet normal  0.000000e+00  0.000000e+00  1.000000e+00
   outer loop
     vertex  7.858578e+01  1.027206e+02  4.800000e+01
     vertex  7.855500e+01  1.027500e+02  4.800000e+01
     vertex  7.852342e+01  1.027785e+02  4.800000e+01
   endloop
 endfacet
 facet normal  0.000000e+00  0.000000e+00  1.000000e+00
   outer loop
     vertex  7.858578e+01  1.027206e+02  4.800000e+01
     vertex  7.640133e+01  1.027057e+02  4.800000e+01
     vertex  7.626229e+01  1.006818e+02  4.800000e+01
   endloop
 endfacet
 facet normal  0.000000e+00  0.000000e+00  1.000000e+00
   outer loop
     vertex  7.858578e+01  1.027206e+02  4.800000e+01
     vertex  7.904585e+01  1.014860e+02  4.800000e+01
     vertex  7.890412e+01  1.022722e+02  4.800000e+01
   endloop
 endfacet
 facet normal  0.000000e+00  0.000000e+00  1.000000e+00
   outer loop
     vertex  7.858578e+01  1.027206e+02  4.800000e+01
     vertex  7.634308e+01  1.005831e+02  4.800000e+01
     vertex  7.640133e+01  1.005211e+02  4.800000e+01
   endloop
 endfacet
 facet normal  0.000000e+00  0.000000e+00  1.000000e+00
   outer loop
     vertex  7.858578e+01  1.027206e+02  4.800000e+01
     vertex  7.640133e+01  1.005211e+02  4.800000e+01
     vertex  7.643171e+01  1.004914e+02  4.800000e+01
   endloop
 endfacet
 facet normal  0.000000e+00  0.000000e+00  1.000000e+00
   outer loop
     vertex  7.858578e+01  1.027206e+02  4.800000e+01
     vertex  7.643171e+01  1.004914e+02  4.800000e+01
     vertex  7.904585e+01  1.014860e+02  4.800000e+01
   endloop
 endfacet
 facet normal  0.000000e+00  0.000000e+00  1.000000e+00
   outer loop
     vertex  7.858578e+01  1.027206e+02  4.800000e+01
     vertex  7.626229e+01  1.006818e+02  4.800000e+01
     vertex  7.634308e+01  1.005831e+02  4.800000e+01
   endloop
 endfacet
 facet normal  0.000000e+00  0.000000e+00  1.000000e+00
   outer loop
     vertex  7.858578e+01  1.027206e+02  4.800000e+01
     vertex  7.890412e+01  1.022722e+02  4.800000e+01
     vertex  7.875257e+01  1.025279e+02  4.800000e+01
   endloop
 endfacet
 facet normal  0.000000e+00  0.000000e+00  1.000000e+00
   outer loop
     vertex  7.858578e+01  1.027206e+02  4.800000e+01
     vertex  7.835448e+01  1.029073e+02  4.800000e+01
     vertex  7.696986e+01  1.030695e+02  4.800000e+01
   endloop
 endfacet
 facet normal  0.000000e+00  0.000000e+00  1.000000e+00
   outer loop
     vertex  7.858578e+01  1.027206e+02  4.800000e+01
     vertex  7.875257e+01  1.025279e+02  4.800000e+01
     vertex  7.864488e+01  1.026595e+02  4.800000e+01
   endloop
 endfacet
 facet normal  0.000000e+00  0.000000e+00  1.000000e+00
   outer loop
     vertex  7.858578e+01  1.027206e+02  4.800000e+01
     vertex  7.852342e+01  1.027785e+02  4.800000e+01
     vertex  7.835448e+01  1.029073e+02  4.800000e+01
   endloop
 endfacet
 facet normal -9.999059e-01 -1.371831e-02  1.051137e-21
   outer loop
     vertex  3.404832e+01  1.016559e+02  9.700220e+01
     vertex  3.404890e+01  1.016134e+02  9.300220e+01
     vertex  3.404890e+01  1.016134e+02  9.700220e+01
   endloop
 endfacet
 facet normal -9.999059e-01 -1.371831e-02 -0.000000e+00
   outer loop
     vertex  3.404832e+01  1.016559e+02  9.700220e+01
     vertex  3.404832e+01  1.016559e+02  9.300220e+01
     vertex  3.404890e+01  1.016134e+02  9.300220e+01
   endloop
 endfacet
 facet normal -9.991532e-01 -4.114462e-02 -0.000000e+00
   outer loop
     vertex  3.404657e+01  1.016984e+02  9.700220e+01
     vertex  3.404657e+01  1.016984e+02  9.300220e+01
     vertex  3.404832e+01  1.016559e+02  9.300220e+01
   endloop
 endfacet
 facet normal -9.991532e-01 -4.114462e-02 -3.969944e-20
   outer loop
     vertex  3.404657e+01  1.016984e+02  9.700220e+01
     vertex  3.404832e+01  1.016559e+02  9.300220e+01
     vertex  3.404832e+01  1.016559e+02  9.700220e+01
   endloop
 endfacet
 facet normal -9.976484e-01 -6.853995e-02 -0.000000e+00
   outer loop
     vertex  3.404365e+01  1.017408e+02  9.700220e+01
     vertex  3.404365e+01  1.017408e+02  9.300220e+01
     vertex  3.404657e+01  1.016984e+02  9.300220e+01
   endloop
 endfacet
 facet normal -9.976484e-01 -6.853995e-02 -3.406517e-20
   outer loop
     vertex  3.404365e+01  1.017408e+02  9.700220e+01
     vertex  3.404657e+01  1.016984e+02  9.300220e+01
     vertex  3.404657e+01  1.016984e+02  9.700220e+01
   endloop
 endfacet
 facet normal -9.953925e-01 -9.588368e-02 -0.000000e+00
   outer loop
     vertex  3.403957e+01  1.017832e+02  9.700220e+01
     vertex  3.403957e+01  1.017832e+02  9.300220e+01
     vertex  3.404365e+01  1.017408e+02  9.300220e+01
   endloop
 endfacet
 facet normal -9.953925e-01 -9.588368e-02 -6.595887e-20
   outer loop
     vertex  3.403957e+01  1.017832e+02  9.700220e+01
     vertex  3.404365e+01  1.017408e+02  9.300220e+01
     vertex  3.404365e+01  1.017408e+02  9.700220e+01
   endloop
 endfacet
 facet normal -9.923874e-01 -1.231552e-01 -0.000000e+00
   outer loop
     vertex  3.403434e+01  1.018254e+02  9.700220e+01
     vertex  3.403434e+01  1.018254e+02  9.300220e+01
     vertex  3.403957e+01  1.017832e+02  9.300220e+01
   endloop
 endfacet
 facet normal -9.923874e-01 -1.231552e-01 -5.596501e-20
   outer loop
     vertex  3.403434e+01  1.018254e+02  9.700220e+01
     vertex  3.403957e+01  1.017832e+02  9.300220e+01
     vertex  3.403957e+01  1.017832e+02  9.700220e+01
   endloop
 endfacet
 facet normal -9.886353e-01 -1.503341e-01 -0.000000e+00
   outer loop
     vertex  3.402794e+01  1.018674e+02  9.700220e+01
     vertex  3.402794e+01  1.018674e+02  9.300220e+01
     vertex  3.403434e+01  1.018254e+02  9.300220e+01
   endloop
 endfacet
 facet normal -9.886353e-01 -1.503341e-01  9.986892e-20
   outer loop
     vertex  3.402794e+01  1.018674e+02  9.700220e+01
     vertex  3.403434e+01  1.018254e+02  9.300220e+01
     vertex  3.403434e+01  1.018254e+02  9.700220e+01
   endloop
 endfacet
 facet normal -9.841389e-01 -1.773998e-01 -0.000000e+00
   outer loop
     vertex  3.402040e+01  1.019093e+02  9.700220e+01
     vertex  3.402040e+01  1.019093e+02  9.300220e+01
     vertex  3.402794e+01  1.018674e+02  9.300220e+01
   endloop
 endfacet
 facet normal -9.841389e-01 -1.773998e-01  1.372972e-19
   outer loop
     vertex  3.402040e+01  1.019093e+02  9.700220e+01
     vertex  3.402794e+01  1.018674e+02  9.300220e+01
     vertex  3.402794e+01  1.018674e+02  9.700220e+01
   endloop
 endfacet
 facet normal -9.789017e-01 -2.043319e-01 -0.000000e+00
   outer loop
     vertex  3.401171e+01  1.019509e+02  9.700220e+01
     vertex  3.401171e+01  1.019509e+02  9.300220e+01
     vertex  3.402040e+01  1.019093e+02  9.300220e+01
   endloop
 endfacet
 facet normal -9.789017e-01 -2.043319e-01 -5.650377e-22
   outer loop
     vertex  3.401171e+01  1.019509e+02  9.700220e+01
     vertex  3.402040e+01  1.019093e+02  9.300220e+01
     vertex  3.402040e+01  1.019093e+02  9.700220e+01
   endloop
 endfacet
 facet normal -9.729276e-01 -2.311102e-01 -0.000000e+00
   outer loop
     vertex  3.400188e+01  1.019923e+02  9.700220e+01
     vertex  3.400188e+01  1.019923e+02  9.300220e+01
     vertex  3.401171e+01  1.019509e+02  9.300220e+01
   endloop
 endfacet
 facet normal -9.729276e-01 -2.311102e-01  7.192918e-20
   outer loop
     vertex  3.400188e+01  1.019923e+02  9.700220e+01
     vertex  3.401171e+01  1.019509e+02  9.300220e+01
     vertex  3.401171e+01  1.019509e+02  9.700220e+01
   endloop
 endfacet
 facet normal -9.662211e-01 -2.577146e-01 -6.964319e-20
   outer loop
     vertex  3.399092e+01  1.020334e+02  9.700220e+01
     vertex  3.400188e+01  1.019923e+02  9.300220e+01
     vertex  3.400188e+01  1.019923e+02  9.700220e+01
   endloop
 endfacet
 facet normal -9.662211e-01 -2.577146e-01 -0.000000e+00
   outer loop
     vertex  3.399092e+01  1.020334e+02  9.700220e+01
     vertex  3.399092e+01  1.020334e+02  9.300220e+01
     vertex  3.400188e+01  1.019923e+02  9.300220e+01
   endloop
 endfacet
 facet normal -9.587873e-01 -2.841250e-01  2.010122e-19
   outer loop
     vertex  3.397884e+01  1.020741e+02  9.700220e+01
     vertex  3.399092e+01  1.020334e+02  9.300220e+01
     vertex  3.399092e+01  1.020334e+02  9.700220e+01
   endloop
 endfacet
 facet normal -9.587873e-01 -2.841250e-01 -0.000000e+00
   outer loop
     vertex  3.397884e+01  1.020741e+02  9.700220e+01
     vertex  3.397884e+01  1.020741e+02  9.300220e+01
     vertex  3.399092e+01  1.020334e+02  9.300220e+01
   endloop
 endfacet
 facet normal -9.506317e-01 -3.103214e-01 -6.378417e-20
   outer loop
     vertex  3.396564e+01  1.021146e+02  9.700220e+01
     vertex  3.397884e+01  1.020741e+02  9.300220e+01
     vertex  3.397884e+01  1.020741e+02  9.700220e+01
   endloop
 endfacet
 facet normal -9.506317e-01 -3.103214e-01 -0.000000e+00
   outer loop
     vertex  3.396564e+01  1.021146e+02  9.700220e+01
     vertex  3.396564e+01  1.021146e+02  9.300220e+01
     vertex  3.397884e+01  1.020741e+02  9.300220e+01
   endloop
 endfacet
 facet normal -9.417605e-01 -3.362843e-01  1.081720e-19
   outer loop
     vertex  3.395134e+01  1.021546e+02  9.700220e+01
     vertex  3.396564e+01  1.021146e+02  9.300220e+01
     vertex  3.396564e+01  1.021146e+02  9.700220e+01
   endloop
 endfacet
 facet normal -9.417605e-01 -3.362843e-01 -0.000000e+00
   outer loop
     vertex  3.395134e+01  1.021546e+02  9.700220e+01
     vertex  3.395134e+01  1.021546e+02  9.300220e+01
     vertex  3.396564e+01  1.021146e+02  9.300220e+01
   endloop
 endfacet
 facet normal -9.321804e-01 -3.619940e-01 -6.438746e-20
   outer loop
     vertex  3.393595e+01  1.021943e+02  9.700220e+01
     vertex  3.395134e+01  1.021546e+02  9.300220e+01
     vertex  3.395134e+01  1.021546e+02  9.700220e+01
   endloop
 endfacet
 facet normal -9.321804e-01 -3.619940e-01 -0.000000e+00
   outer loop
     vertex  3.393595e+01  1.021943e+02  9.700220e+01
     vertex  3.393595e+01  1.021943e+02  9.300220e+01
     vertex  3.395134e+01  1.021546e+02  9.300220e+01
   endloop
 endfacet
 facet normal -9.218986e-01 -3.874313e-01 -0.000000e+00
   outer loop
     vertex  3.393595e+01  1.021943e+02  9.700220e+01
     vertex  3.391947e+01  1.022335e+02  9.300220e+01
     vertex  3.393595e+01  1.021943e+02  9.300220e+01
   endloop
 endfacet
 facet normal -9.218986e-01 -3.874313e-01 -0.000000e+00
   outer loop
     vertex  3.391947e+01  1.022335e+02  9.700220e+01
     vertex  3.391947e+01  1.022335e+02  9.300220e+01
     vertex  3.393595e+01  1.021943e+02  9.700220e+01
   endloop
 endfacet
 facet normal -9.109228e-01 -4.125769e-01 -0.000000e+00
   outer loop
     vertex  3.391947e+01  1.022335e+02  9.700220e+01
     vertex  3.390192e+01  1.022722e+02  9.300220e+01
     vertex  3.391947e+01  1.022335e+02  9.300220e+01
   endloop
 endfacet
 facet normal -9.109228e-01 -4.125769e-01 -0.000000e+00
   outer loop
     vertex  3.390192e+01  1.022722e+02  9.700220e+01
     vertex  3.390192e+01  1.022722e+02  9.300220e+01
     vertex  3.391947e+01  1.022335e+02  9.700220e+01
   endloop
 endfacet
 facet normal -8.992613e-01 -4.374119e-01 -2.895653e-19
   outer loop
     vertex  3.388332e+01  1.023104e+02  9.700220e+01
     vertex  3.390192e+01  1.022722e+02  9.300220e+01
     vertex  3.390192e+01  1.022722e+02  9.700220e+01
   endloop
 endfacet
 facet normal -8.992613e-01 -4.374119e-01 -0.000000e+00
   outer loop
     vertex  3.388332e+01  1.023104e+02  9.700220e+01
     vertex  3.388332e+01  1.023104e+02  9.300220e+01
     vertex  3.390192e+01  1.022722e+02  9.300220e+01
   endloop
 endfacet
 facet normal -8.869228e-01 -4.619176e-01 -1.481458e-19
   outer loop
     vertex  3.386368e+01  1.023482e+02  9.700220e+01
     vertex  3.388332e+01  1.023104e+02  9.300220e+01
     vertex  3.388332e+01  1.023104e+02  9.700220e+01
   endloop
 endfacet
 facet normal -8.869228e-01 -4.619176e-01 -0.000000e+00
   outer loop
     vertex  3.386368e+01  1.023482e+02  9.700220e+01
     vertex  3.386368e+01  1.023482e+02  9.300220e+01
     vertex  3.388332e+01  1.023104e+02  9.300220e+01
   endloop
 endfacet
 facet normal -8.739167e-01 -4.860756e-01 -0.000000e+00
   outer loop
     vertex  3.386368e+01  1.023482e+02  9.700220e+01
     vertex  3.384301e+01  1.023853e+02  9.300220e+01
     vertex  3.386368e+01  1.023482e+02  9.300220e+01
   endloop
 endfacet
 facet normal -8.739167e-01 -4.860756e-01 -0.000000e+00
   outer loop
     vertex  3.384301e+01  1.023853e+02  9.700220e+01
     vertex  3.384301e+01  1.023853e+02  9.300220e+01
     vertex  3.386368e+01  1.023482e+02  9.700220e+01
   endloop
 endfacet
 facet normal -8.602528e-01 -5.098678e-01  3.264105e-20
   outer loop
     vertex  3.382132e+01  1.024219e+02  9.700220e+01
     vertex  3.384301e+01  1.023853e+02  9.300220e+01
     vertex  3.384301e+01  1.023853e+02  9.700220e+01
   endloop
 endfacet
 facet normal -8.602528e-01 -5.098678e-01 -0.000000e+00
   outer loop
     vertex  3.382132e+01  1.024219e+02  9.700220e+01
     vertex  3.382132e+01  1.024219e+02  9.300220e+01
     vertex  3.384301e+01  1.023853e+02  9.300220e+01
   endloop
 endfacet
 facet normal -8.459413e-01 -5.332761e-01  2.303017e-19
   outer loop
     vertex  3.379865e+01  1.024579e+02  9.700220e+01
     vertex  3.382132e+01  1.024219e+02  9.300220e+01
     vertex  3.382132e+01  1.024219e+02  9.700220e+01
   endloop
 endfacet
 facet normal -8.459413e-01 -5.332761e-01 -0.000000e+00
   outer loop
     vertex  3.379865e+01  1.024579e+02  9.700220e+01
     vertex  3.379865e+01  1.024579e+02  9.300220e+01
     vertex  3.382132e+01  1.024219e+02  9.300220e+01
   endloop
 endfacet
 facet normal -8.309929e-01 -5.562829e-01 -0.000000e+00
   outer loop
     vertex  3.377499e+01  1.024932e+02  9.700220e+01
     vertex  3.377499e+01  1.024932e+02  9.300220e+01
     vertex  3.379865e+01  1.024579e+02  9.300220e+01
   endloop
 endfacet
 facet normal -8.309929e-01 -5.562829e-01 -1.021203e-19
   outer loop
     vertex  3.377499e+01  1.024932e+02  9.700220e+01
     vertex  3.379865e+01  1.024579e+02  9.300220e+01
     vertex  3.379865e+01  1.024579e+02  9.700220e+01
   endloop
 endfacet
 facet normal -8.154191e-01 -5.788711e-01 -0.000000e+00
   outer loop
     vertex  3.377499e+01  1.024932e+02  9.700220e+01
     vertex  3.375037e+01  1.025279e+02  9.300220e+01
     vertex  3.377499e+01  1.024932e+02  9.300220e+01
   endloop
 endfacet
 facet normal -8.154191e-01 -5.788711e-01 -0.000000e+00
   outer loop
     vertex  3.375037e+01  1.025279e+02  9.700220e+01
     vertex  3.375037e+01  1.025279e+02  9.300220e+01
     vertex  3.377499e+01  1.024932e+02  9.700220e+01
   endloop
 endfacet
 facet normal -7.992314e-01 -6.010234e-01 -1.380219e-19
   outer loop
     vertex  3.372481e+01  1.025619e+02  9.700220e+01
     vertex  3.375037e+01  1.025279e+02  9.300220e+01
     vertex  3.375037e+01  1.025279e+02  9.700220e+01
   endloop
 endfacet
 facet normal -7.992314e-01 -6.010234e-01 -0.000000e+00
   outer loop
     vertex  3.372481e+01  1.025619e+02  9.700220e+01
     vertex  3.372481e+01  1.025619e+02  9.300220e+01
     vertex  3.375037e+01  1.025279e+02  9.300220e+01
   endloop
 endfacet
 facet normal -7.824421e-01 -6.227234e-01 -0.000000e+00
   outer loop
     vertex  3.372481e+01  1.025619e+02  9.700220e+01
     vertex  3.369833e+01  1.025952e+02  9.300220e+01
     vertex  3.372481e+01  1.025619e+02  9.300220e+01
   endloop
 endfacet
 facet normal -7.824421e-01 -6.227234e-01 -0.000000e+00
   outer loop
     vertex  3.369833e+01  1.025952e+02  9.700220e+01
     vertex  3.369833e+01  1.025952e+02  9.300220e+01
     vertex  3.372481e+01  1.025619e+02  9.700220e+01
   endloop
 endfacet
 facet normal -7.650637e-01 -6.439545e-01 -0.000000e+00
   outer loop
     vertex  3.367094e+01  1.026277e+02  9.700220e+01
     vertex  3.367094e+01  1.026277e+02  9.300220e+01
     vertex  3.369833e+01  1.025952e+02  9.300220e+01
   endloop
 endfacet
 facet normal -7.650637e-01 -6.439545e-01 -2.991394e-19
   outer loop
     vertex  3.367094e+01  1.026277e+02  9.700220e+01
     vertex  3.369833e+01  1.025952e+02  9.300220e+01
     vertex  3.369833e+01  1.025952e+02  9.700220e+01
   endloop
 endfacet
 facet normal -7.471095e-01 -6.647010e-01 -0.000000e+00
   outer loop
     vertex  3.364268e+01  1.026595e+02  9.700220e+01
     vertex  3.364268e+01  1.026595e+02  9.300220e+01
     vertex  3.367094e+01  1.026277e+02  9.300220e+01
   endloop
 endfacet
 facet normal -7.471095e-01 -6.647010e-01 -2.891334e-19
   outer loop
     vertex  3.364268e+01  1.026595e+02  9.700220e+01
     vertex  3.367094e+01  1.026277e+02  9.300220e+01
     vertex  3.367094e+01  1.026277e+02  9.700220e+01
   endloop
 endfacet
 facet normal -7.285929e-01 -6.849470e-01 -0.000000e+00
   outer loop
     vertex  3.361355e+01  1.026905e+02  9.700220e+01
     vertex  3.361355e+01  1.026905e+02  9.300220e+01
     vertex  3.364268e+01  1.026595e+02  9.300220e+01
   endloop
 endfacet
 facet normal -7.285929e-01 -6.849470e-01 -3.972602e-20
   outer loop
     vertex  3.361355e+01  1.026905e+02  9.700220e+01
     vertex  3.364268e+01  1.026595e+02  9.300220e+01
     vertex  3.364268e+01  1.026595e+02  9.700220e+01
   endloop
 endfacet
 facet normal -7.095278e-01 -7.046775e-01 -0.000000e+00
   outer loop
     vertex  3.358358e+01  1.027206e+02  9.700220e+01
     vertex  3.358358e+01  1.027206e+02  9.300220e+01
     vertex  3.361355e+01  1.026905e+02  9.300220e+01
   endloop
 endfacet
 facet normal -7.095278e-01 -7.046775e-01  2.968068e-19
   outer loop
     vertex  3.358358e+01  1.027206e+02  9.700220e+01
     vertex  3.361355e+01  1.026905e+02  9.300220e+01
     vertex  3.361355e+01  1.026905e+02  9.700220e+01
   endloop
 endfacet
 facet normal -6.899286e-01 -7.238775e-01 -0.000000e+00
   outer loop
     vertex  3.355280e+01  1.027500e+02  9.700220e+01
     vertex  3.355280e+01  1.027500e+02  9.300220e+01
     vertex  3.358358e+01  1.027206e+02  9.300220e+01
   endloop
 endfacet
 facet normal -6.899286e-01 -7.238775e-01 -6.883268e-20
   outer loop
     vertex  3.355280e+01  1.027500e+02  9.700220e+01
     vertex  3.358358e+01  1.027206e+02  9.300220e+01
     vertex  3.358358e+01  1.027206e+02  9.700220e+01
   endloop
 endfacet
 facet normal -6.698100e-01 -7.425325e-01 -0.000000e+00
   outer loop
     vertex  3.352122e+01  1.027785e+02  9.700220e+01
     vertex  3.352122e+01  1.027785e+02  9.300220e+01
     vertex  3.355280e+01  1.027500e+02  9.300220e+01
   endloop
 endfacet
 facet normal -6.698100e-01 -7.425325e-01 -5.336717e-20
   outer loop
     vertex  3.352122e+01  1.027785e+02  9.700220e+01
     vertex  3.355280e+01  1.027500e+02  9.300220e+01
     vertex  3.355280e+01  1.027500e+02  9.700220e+01
   endloop
 endfacet
 facet normal -6.491872e-01 -7.606287e-01 -0.000000e+00
   outer loop
     vertex  3.348887e+01  1.028061e+02  9.700220e+01
     vertex  3.348887e+01  1.028061e+02  9.300220e+01
     vertex  3.352122e+01  1.027785e+02  9.300220e+01
   endloop
 endfacet
 facet normal -6.491872e-01 -7.606287e-01 -1.821546e-19
   outer loop
     vertex  3.348887e+01  1.028061e+02  9.700220e+01
     vertex  3.352122e+01  1.027785e+02  9.300220e+01
     vertex  3.352122e+01  1.027785e+02  9.700220e+01
   endloop
 endfacet
 facet normal -6.280757e-01 -7.781522e-01 -0.000000e+00
   outer loop
     vertex  3.345578e+01  1.028328e+02  9.700220e+01
     vertex  3.345578e+01  1.028328e+02  9.300220e+01
     vertex  3.348887e+01  1.028061e+02  9.300220e+01
   endloop
 endfacet
 facet normal -6.280757e-01 -7.781522e-01  1.578071e-20
   outer loop
     vertex  3.345578e+01  1.028328e+02  9.700220e+01
     vertex  3.348887e+01  1.028061e+02  9.300220e+01
     vertex  3.348887e+01  1.028061e+02  9.700220e+01
   endloop
 endfacet
 facet normal -6.064915e-01 -7.950900e-01 -0.000000e+00
   outer loop
     vertex  3.342197e+01  1.028586e+02  9.700220e+01
     vertex  3.342197e+01  1.028586e+02  9.300220e+01
     vertex  3.345578e+01  1.028328e+02  9.300220e+01
   endloop
 endfacet
 facet normal -5.844507e-01 -8.114292e-01 -0.000000e+00
   outer loop
     vertex  3.342197e+01  1.028586e+02  9.700220e+01
     vertex  3.338746e+01  1.028834e+02  9.300220e+01
     vertex  3.342197e+01  1.028586e+02  9.300220e+01
   endloop
 endfacet
 facet normal -6.064915e-01 -7.950900e-01  2.875829e-19
   outer loop
     vertex  3.342197e+01  1.028586e+02  9.700220e+01
     vertex  3.345578e+01  1.028328e+02  9.300220e+01
     vertex  3.345578e+01  1.028328e+02  9.700220e+01
   endloop
 endfacet
 facet normal -5.844507e-01 -8.114292e-01 -0.000000e+00
   outer loop
     vertex  3.338746e+01  1.028834e+02  9.700220e+01
     vertex  3.338746e+01  1.028834e+02  9.300220e+01
     vertex  3.342197e+01  1.028586e+02  9.700220e+01
   endloop
 endfacet
 facet normal -5.619699e-01 -8.271577e-01 -3.142060e-19
   outer loop
     vertex  3.335228e+01  1.029073e+02  9.700220e+01
     vertex  3.338746e+01  1.028834e+02  9.300220e+01
     vertex  3.338746e+01  1.028834e+02  9.700220e+01
   endloop
 endfacet
 facet normal -5.619699e-01 -8.271577e-01 -0.000000e+00
   outer loop
     vertex  3.335228e+01  1.029073e+02  9.700220e+01
     vertex  3.335228e+01  1.029073e+02  9.300220e+01
     vertex  3.338746e+01  1.028834e+02  9.300220e+01
   endloop
 endfacet
 facet normal -5.390661e-01 -8.422635e-01  9.305232e-20
   outer loop
     vertex  3.331646e+01  1.029302e+02  9.700220e+01
     vertex  3.335228e+01  1.029073e+02  9.300220e+01
     vertex  3.335228e+01  1.029073e+02  9.700220e+01
   endloop
 endfacet
 facet normal -5.390661e-01 -8.422635e-01 -0.000000e+00
   outer loop
     vertex  3.331646e+01  1.029302e+02  9.700220e+01
     vertex  3.331646e+01  1.029302e+02  9.300220e+01
     vertex  3.335228e+01  1.029073e+02  9.300220e+01
   endloop
 endfacet
 facet normal -5.157565e-01 -8.567352e-01 -2.597448e-19
   outer loop
     vertex  3.328003e+01  1.029522e+02  9.700220e+01
     vertex  3.331646e+01  1.029302e+02  9.300220e+01
     vertex  3.331646e+01  1.029302e+02  9.700220e+01
   endloop
 endfacet
 facet normal -5.157565e-01 -8.567352e-01 -0.000000e+00
   outer loop
     vertex  3.328003e+01  1.029522e+02  9.700220e+01
     vertex  3.328003e+01  1.029522e+02  9.300220e+01
     vertex  3.331646e+01  1.029302e+02  9.300220e+01
   endloop
 endfacet
 facet normal -4.920587e-01 -8.705620e-01 -8.195121e-20
   outer loop
     vertex  3.324301e+01  1.029731e+02  9.700220e+01
     vertex  3.328003e+01  1.029522e+02  9.300220e+01
     vertex  3.328003e+01  1.029522e+02  9.700220e+01
   endloop
 endfacet
 facet normal -4.920587e-01 -8.705620e-01 -0.000000e+00
   outer loop
     vertex  3.324301e+01  1.029731e+02  9.700220e+01
     vertex  3.324301e+01  1.029731e+02  9.300220e+01
     vertex  3.328003e+01  1.029522e+02  9.300220e+01
   endloop
 endfacet
 facet normal -4.679904e-01 -8.837335e-01  1.875605e-19
   outer loop
     vertex  3.320543e+01  1.029930e+02  9.700220e+01
     vertex  3.324301e+01  1.029731e+02  9.300220e+01
     vertex  3.324301e+01  1.029731e+02  9.700220e+01
   endloop
 endfacet
 facet normal -4.679904e-01 -8.837335e-01 -0.000000e+00
   outer loop
     vertex  3.320543e+01  1.029930e+02  9.700220e+01
     vertex  3.320543e+01  1.029930e+02  9.300220e+01
     vertex  3.324301e+01  1.029731e+02  9.300220e+01
   endloop
 endfacet
 facet normal -4.435699e-01 -8.962398e-01  1.232323e-19
   outer loop
     vertex  3.316731e+01  1.030119e+02  9.700220e+01
     vertex  3.320543e+01  1.029930e+02  9.300220e+01
     vertex  3.320543e+01  1.029930e+02  9.700220e+01
   endloop
 endfacet
 facet normal -4.435699e-01 -8.962398e-01 -0.000000e+00
   outer loop
     vertex  3.316731e+01  1.030119e+02  9.700220e+01
     vertex  3.316731e+01  1.030119e+02  9.300220e+01
     vertex  3.320543e+01  1.029930e+02  9.300220e+01
   endloop
 endfacet
 facet normal -4.188155e-01 -9.080714e-01 -4.257511e-20
   outer loop
     vertex  3.312869e+01  1.030297e+02  9.700220e+01
     vertex  3.316731e+01  1.030119e+02  9.300220e+01
     vertex  3.316731e+01  1.030119e+02  9.700220e+01
   endloop
 endfacet
 facet normal -4.188155e-01 -9.080714e-01 -0.000000e+00
   outer loop
     vertex  3.312869e+01  1.030297e+02  9.700220e+01
     vertex  3.312869e+01  1.030297e+02  9.300220e+01
     vertex  3.316731e+01  1.030119e+02  9.300220e+01
   endloop
 endfacet
 facet normal -3.937458e-01 -9.192194e-01  1.667892e-19
   outer loop
     vertex  3.308960e+01  1.030464e+02  9.700220e+01
     vertex  3.312869e+01  1.030297e+02  9.300220e+01
     vertex  3.312869e+01  1.030297e+02  9.700220e+01
   endloop
 endfacet
 facet normal -3.937458e-01 -9.192194e-01 -0.000000e+00
   outer loop
     vertex  3.308960e+01  1.030464e+02  9.700220e+01
     vertex  3.308960e+01  1.030464e+02  9.300220e+01
     vertex  3.312869e+01  1.030297e+02  9.300220e+01
   endloop
 endfacet
 facet normal -3.683796e-01 -9.296754e-01 -3.139094e-19
   outer loop
     vertex  3.305007e+01  1.030621e+02  9.700220e+01
     vertex  3.308960e+01  1.030464e+02  9.300220e+01
     vertex  3.308960e+01  1.030464e+02  9.700220e+01
   endloop
 endfacet
 facet normal -3.683796e-01 -9.296754e-01 -0.000000e+00
   outer loop
     vertex  3.305007e+01  1.030621e+02  9.700220e+01
     vertex  3.305007e+01  1.030621e+02  9.300220e+01
     vertex  3.308960e+01  1.030464e+02  9.300220e+01
   endloop
 endfacet
 facet normal -3.427362e-01 -9.394317e-01  4.149303e-20
   outer loop
     vertex  3.301012e+01  1.030767e+02  9.700220e+01
     vertex  3.305007e+01  1.030621e+02  9.300220e+01
     vertex  3.305007e+01  1.030621e+02  9.700220e+01
   endloop
 endfacet
 facet normal -3.427362e-01 -9.394317e-01 -0.000000e+00
   outer loop
     vertex  3.301012e+01  1.030767e+02  9.700220e+01
     vertex  3.301012e+01  1.030767e+02  9.300220e+01
     vertex  3.305007e+01  1.030621e+02  9.300220e+01
   endloop
 endfacet
 facet normal -3.168348e-01 -9.484807e-01 -0.000000e+00
   outer loop
     vertex  3.301012e+01  1.030767e+02  9.700220e+01
     vertex  3.296978e+01  1.030901e+02  9.300220e+01
     vertex  3.301012e+01  1.030767e+02  9.300220e+01
   endloop
 endfacet
 facet normal -3.168348e-01 -9.484807e-01 -0.000000e+00
   outer loop
     vertex  3.296978e+01  1.030901e+02  9.700220e+01
     vertex  3.296978e+01  1.030901e+02  9.300220e+01
     vertex  3.301012e+01  1.030767e+02  9.700220e+01
   endloop
 endfacet
 facet normal -2.906949e-01 -9.568158e-01  1.484028e-19
   outer loop
     vertex  3.292909e+01  1.031025e+02  9.700220e+01
     vertex  3.296978e+01  1.030901e+02  9.300220e+01
     vertex  3.296978e+01  1.030901e+02  9.700220e+01
   endloop
 endfacet
 facet normal -2.906949e-01 -9.568158e-01 -0.000000e+00
   outer loop
     vertex  3.292909e+01  1.031025e+02  9.700220e+01
     vertex  3.292909e+01  1.031025e+02  9.300220e+01
     vertex  3.296978e+01  1.030901e+02  9.300220e+01
   endloop
 endfacet
 facet normal -2.643362e-01 -9.644306e-01  9.216551e-20
   outer loop
     vertex  3.288808e+01  1.031137e+02  9.700220e+01
     vertex  3.292909e+01  1.031025e+02  9.300220e+01
     vertex  3.292909e+01  1.031025e+02  9.700220e+01
   endloop
 endfacet
 facet normal -2.643362e-01 -9.644306e-01 -0.000000e+00
   outer loop
     vertex  3.288808e+01  1.031137e+02  9.700220e+01
     vertex  3.288808e+01  1.031137e+02  9.300220e+01
     vertex  3.292909e+01  1.031025e+02  9.300220e+01
   endloop
 endfacet
 facet normal -2.377784e-01 -9.713194e-01  1.098318e-19
   outer loop
     vertex  3.284677e+01  1.031239e+02  9.700220e+01
     vertex  3.288808e+01  1.031137e+02  9.300220e+01
     vertex  3.288808e+01  1.031137e+02  9.700220e+01
   endloop
 endfacet
 facet normal -2.377784e-01 -9.713194e-01 -0.000000e+00
   outer loop
     vertex  3.284677e+01  1.031239e+02  9.700220e+01
     vertex  3.284677e+01  1.031239e+02  9.300220e+01
     vertex  3.288808e+01  1.031137e+02  9.300220e+01
   endloop
 endfacet
 facet normal -2.110417e-01 -9.774771e-01  5.950059e-20
   outer loop
     vertex  3.280520e+01  1.031328e+02  9.700220e+01
     vertex  3.284677e+01  1.031239e+02  9.300220e+01
     vertex  3.284677e+01  1.031239e+02  9.700220e+01
   endloop
 endfacet
 facet normal -2.110417e-01 -9.774771e-01 -0.000000e+00
   outer loop
     vertex  3.280520e+01  1.031328e+02  9.700220e+01
     vertex  3.280520e+01  1.031328e+02  9.300220e+01
     vertex  3.284677e+01  1.031239e+02  9.300220e+01
   endloop
 endfacet
 facet normal -1.841461e-01 -9.828989e-01  1.008562e-19
   outer loop
     vertex  3.276340e+01  1.031407e+02  9.700220e+01
     vertex  3.280520e+01  1.031328e+02  9.300220e+01
     vertex  3.280520e+01  1.031328e+02  9.700220e+01
   endloop
 endfacet
 facet normal -1.841461e-01 -9.828989e-01 -0.000000e+00
   outer loop
     vertex  3.276340e+01  1.031407e+02  9.700220e+01
     vertex  3.276340e+01  1.031407e+02  9.300220e+01
     vertex  3.280520e+01  1.031328e+02  9.300220e+01
   endloop
 endfacet
 facet normal -1.571119e-01 -9.875808e-01 -2.243538e-20
   outer loop
     vertex  3.272140e+01  1.031473e+02  9.700220e+01
     vertex  3.276340e+01  1.031407e+02  9.300220e+01
     vertex  3.276340e+01  1.031407e+02  9.700220e+01
   endloop
 endfacet
 facet normal -1.571119e-01 -9.875808e-01 -0.000000e+00
   outer loop
     vertex  3.272140e+01  1.031473e+02  9.700220e+01
     vertex  3.272140e+01  1.031473e+02  9.300220e+01
     vertex  3.276340e+01  1.031407e+02  9.300220e+01
   endloop
 endfacet
 facet normal -1.299594e-01 -9.915193e-01  6.078312e-20
   outer loop
     vertex  3.267924e+01  1.031529e+02  9.700220e+01
     vertex  3.272140e+01  1.031473e+02  9.300220e+01
     vertex  3.272140e+01  1.031473e+02  9.700220e+01
   endloop
 endfacet
 facet normal -1.299594e-01 -9.915193e-01 -0.000000e+00
   outer loop
     vertex  3.267924e+01  1.031529e+02  9.700220e+01
     vertex  3.267924e+01  1.031529e+02  9.300220e+01
     vertex  3.272140e+01  1.031473e+02  9.300220e+01
   endloop
 endfacet
 facet normal -1.027091e-01 -9.947114e-01 -4.777871e-20
   outer loop
     vertex  3.263693e+01  1.031572e+02  9.700220e+01
     vertex  3.267924e+01  1.031529e+02  9.300220e+01
     vertex  3.267924e+01  1.031529e+02  9.700220e+01
   endloop
 endfacet
 facet normal -1.027091e-01 -9.947114e-01 -0.000000e+00
   outer loop
     vertex  3.263693e+01  1.031572e+02  9.700220e+01
     vertex  3.263693e+01  1.031572e+02  9.300220e+01
     vertex  3.267924e+01  1.031529e+02  9.300220e+01
   endloop
 endfacet
 facet normal -7.538152e-02 -9.971548e-01 -0.000000e+00
   outer loop
     vertex  3.263693e+01  1.031572e+02  9.700220e+01
     vertex  3.259453e+01  1.031604e+02  9.300220e+01
     vertex  3.263693e+01  1.031572e+02  9.300220e+01
   endloop
 endfacet
 facet normal -7.538152e-02 -9.971548e-01 -0.000000e+00
   outer loop
     vertex  3.259453e+01  1.031604e+02  9.700220e+01
     vertex  3.259453e+01  1.031604e+02  9.300220e+01
     vertex  3.263693e+01  1.031572e+02  9.700220e+01
   endloop
 endfacet
 facet normal -4.799716e-02 -9.988475e-01  3.174113e-20
   outer loop
     vertex  3.255205e+01  1.031625e+02  9.700220e+01
     vertex  3.259453e+01  1.031604e+02  9.300220e+01
     vertex  3.259453e+01  1.031604e+02  9.700220e+01
   endloop
 endfacet
 facet normal -4.799716e-02 -9.988475e-01 -0.000000e+00
   outer loop
     vertex  3.255205e+01  1.031625e+02  9.700220e+01
     vertex  3.255205e+01  1.031625e+02  9.300220e+01
     vertex  3.259453e+01  1.031604e+02  9.300220e+01
   endloop
 endfacet
 facet normal -2.057667e-02 -9.997883e-01 -0.000000e+00
   outer loop
     vertex  3.250953e+01  1.031634e+02  9.700220e+01
     vertex  3.250953e+01  1.031634e+02  9.300220e+01
     vertex  3.255205e+01  1.031625e+02  9.300220e+01
   endloop
 endfacet
 facet normal -2.057667e-02 -9.997883e-01 -1.226977e-20
   outer loop
     vertex  3.250953e+01  1.031634e+02  9.700220e+01
     vertex  3.255205e+01  1.031625e+02  9.300220e+01
     vertex  3.255205e+01  1.031625e+02  9.700220e+01
   endloop
 endfacet
 facet normal  6.859319e-03 -9.999765e-01  0.000000e+00
   outer loop
     vertex  3.246701e+01  1.031631e+02  9.700220e+01
     vertex  3.246701e+01  1.031631e+02  9.300220e+01
     vertex  3.250953e+01  1.031634e+02  9.300220e+01
   endloop
 endfacet
 facet normal  6.859319e-03 -9.999765e-01 -2.298340e-21
   outer loop
     vertex  3.246701e+01  1.031631e+02  9.700220e+01
     vertex  3.250953e+01  1.031634e+02  9.300220e+01
     vertex  3.250953e+01  1.031634e+02  9.700220e+01
   endloop
 endfacet
 facet normal  3.429014e-02 -9.994119e-01  0.000000e+00
   outer loop
     vertex  3.242450e+01  1.031616e+02  9.700220e+01
     vertex  3.242450e+01  1.031616e+02  9.300220e+01
     vertex  3.246701e+01  1.031631e+02  9.300220e+01
   endloop
 endfacet
 facet normal  6.169515e-02 -9.980950e-01  0.000000e+00
   outer loop
     vertex  3.242450e+01  1.031616e+02  9.700220e+01
     vertex  3.238206e+01  1.031590e+02  9.300220e+01
     vertex  3.242450e+01  1.031616e+02  9.300220e+01
   endloop
 endfacet
 facet normal  3.429014e-02 -9.994119e-01  1.063612e-21
   outer loop
     vertex  3.242450e+01  1.031616e+02  9.700220e+01
     vertex  3.246701e+01  1.031631e+02  9.300220e+01
     vertex  3.246701e+01  1.031631e+02  9.700220e+01
   endloop
 endfacet
 facet normal  8.905371e-02 -9.960268e-01  0.000000e+00
   outer loop
     vertex  3.238206e+01  1.031590e+02  9.700220e+01
     vertex  3.233970e+01  1.031552e+02  9.300220e+01
     vertex  3.238206e+01  1.031590e+02  9.300220e+01
   endloop
 endfacet
 facet normal  6.169515e-02 -9.980950e-01  0.000000e+00
   outer loop
     vertex  3.238206e+01  1.031590e+02  9.700220e+01
     vertex  3.238206e+01  1.031590e+02  9.300220e+01
     vertex  3.242450e+01  1.031616e+02  9.700220e+01
   endloop
 endfacet
 facet normal  8.905371e-02 -9.960268e-01  0.000000e+00
   outer loop
     vertex  3.233970e+01  1.031552e+02  9.700220e+01
     vertex  3.233970e+01  1.031552e+02  9.300220e+01
     vertex  3.238206e+01  1.031590e+02  9.700220e+01
   endloop
 endfacet
 facet normal  1.163452e-01 -9.932088e-01 -2.784187e-20
   outer loop
     vertex  3.229746e+01  1.031503e+02  9.700220e+01
     vertex  3.233970e+01  1.031552e+02  9.300220e+01
     vertex  3.233970e+01  1.031552e+02  9.700220e+01
   endloop
 endfacet
 facet normal  1.163452e-01 -9.932088e-01  0.000000e+00
   outer loop
     vertex  3.229746e+01  1.031503e+02  9.700220e+01
     vertex  3.229746e+01  1.031503e+02  9.300220e+01
     vertex  3.233970e+01  1.031552e+02  9.300220e+01
   endloop
 endfacet
 facet normal  1.435492e-01 -9.896432e-01  0.000000e+00
   outer loop
     vertex  3.229746e+01  1.031503e+02  9.700220e+01
     vertex  3.225538e+01  1.031442e+02  9.300220e+01
     vertex  3.229746e+01  1.031503e+02  9.300220e+01
   endloop
 endfacet
 facet normal  1.435492e-01 -9.896432e-01  0.000000e+00
   outer loop
     vertex  3.225538e+01  1.031442e+02  9.700220e+01
     vertex  3.225538e+01  1.031442e+02  9.300220e+01
     vertex  3.229746e+01  1.031503e+02  9.700220e+01
   endloop
 endfacet
 facet normal  1.706451e-01 -9.853326e-01  1.005031e-19
   outer loop
     vertex  3.221347e+01  1.031369e+02  9.700220e+01
     vertex  3.225538e+01  1.031442e+02  9.300220e+01
     vertex  3.225538e+01  1.031442e+02  9.700220e+01
   endloop
 endfacet
 facet normal  1.706451e-01 -9.853326e-01  0.000000e+00
   outer loop
     vertex  3.221347e+01  1.031369e+02  9.700220e+01
     vertex  3.221347e+01  1.031369e+02  9.300220e+01
     vertex  3.225538e+01  1.031442e+02  9.300220e+01
   endloop
 endfacet
 facet normal  1.976125e-01 -9.802802e-01  0.000000e+00
   outer loop
     vertex  3.221347e+01  1.031369e+02  9.700220e+01
     vertex  3.217179e+01  1.031285e+02  9.300220e+01
     vertex  3.221347e+01  1.031369e+02  9.300220e+01
   endloop
 endfacet
 facet normal  1.976125e-01 -9.802802e-01  0.000000e+00
   outer loop
     vertex  3.217179e+01  1.031285e+02  9.700220e+01
     vertex  3.217179e+01  1.031285e+02  9.300220e+01
     vertex  3.221347e+01  1.031369e+02  9.700220e+01
   endloop
 endfacet
 facet normal  2.244312e-01 -9.744899e-01 -6.260945e-20
   outer loop
     vertex  3.213034e+01  1.031189e+02  9.700220e+01
     vertex  3.217179e+01  1.031285e+02  9.300220e+01
     vertex  3.217179e+01  1.031285e+02  9.700220e+01
   endloop
 endfacet
 facet normal  2.244312e-01 -9.744899e-01  0.000000e+00
   outer loop
     vertex  3.213034e+01  1.031189e+02  9.700220e+01
     vertex  3.213034e+01  1.031189e+02  9.300220e+01
     vertex  3.217179e+01  1.031285e+02  9.300220e+01
   endloop
 endfacet
 facet normal  2.510809e-01 -9.679661e-01  0.000000e+00
   outer loop
     vertex  3.213034e+01  1.031189e+02  9.700220e+01
     vertex  3.208918e+01  1.031083e+02  9.300220e+01
     vertex  3.213034e+01  1.031189e+02  9.300220e+01
   endloop
 endfacet
 facet normal  2.510809e-01 -9.679661e-01  0.000000e+00
   outer loop
     vertex  3.208918e+01  1.031083e+02  9.700220e+01
     vertex  3.208918e+01  1.031083e+02  9.300220e+01
     vertex  3.213034e+01  1.031189e+02  9.700220e+01
   endloop
 endfacet
 facet normal  2.775416e-01 -9.607136e-01  1.296311e-19
   outer loop
     vertex  3.204832e+01  1.030965e+02  9.700220e+01
     vertex  3.208918e+01  1.031083e+02  9.300220e+01
     vertex  3.208918e+01  1.031083e+02  9.700220e+01
   endloop
 endfacet
 facet normal  2.775416e-01 -9.607136e-01  0.000000e+00
   outer loop
     vertex  3.204832e+01  1.030965e+02  9.700220e+01
     vertex  3.204832e+01  1.030965e+02  9.300220e+01
     vertex  3.208918e+01  1.031083e+02  9.300220e+01
   endloop
 endfacet
 facet normal  3.037934e-01 -9.527379e-01 -2.721352e-19
   outer loop
     vertex  3.200781e+01  1.030835e+02  9.700220e+01
     vertex  3.204832e+01  1.030965e+02  9.300220e+01
     vertex  3.204832e+01  1.030965e+02  9.700220e+01
   endloop
 endfacet
 facet normal  3.037934e-01 -9.527379e-01  0.000000e+00
   outer loop
     vertex  3.200781e+01  1.030835e+02  9.700220e+01
     vertex  3.200781e+01  1.030835e+02  9.300220e+01
     vertex  3.204832e+01  1.030965e+02  9.300220e+01
   endloop
 endfacet
 facet normal  3.298166e-01 -9.440450e-01  9.634694e-20
   outer loop
     vertex  3.196766e+01  1.030695e+02  9.700220e+01
     vertex  3.200781e+01  1.030835e+02  9.300220e+01
     vertex  3.200781e+01  1.030835e+02  9.700220e+01
   endloop
 endfacet
 facet normal  3.298166e-01 -9.440450e-01  0.000000e+00
   outer loop
     vertex  3.196766e+01  1.030695e+02  9.700220e+01
     vertex  3.196766e+01  1.030695e+02  9.300220e+01
     vertex  3.200781e+01  1.030835e+02  9.300220e+01
   endloop
 endfacet
 facet normal  3.555914e-01 -9.346415e-01 -1.218962e-19
   outer loop
     vertex  3.192791e+01  1.030544e+02  9.700220e+01
     vertex  3.196766e+01  1.030695e+02  9.300220e+01
     vertex  3.196766e+01  1.030695e+02  9.700220e+01
   endloop
 endfacet
 facet normal  3.555914e-01 -9.346415e-01  0.000000e+00
   outer loop
     vertex  3.192791e+01  1.030544e+02  9.700220e+01
     vertex  3.192791e+01  1.030544e+02  9.300220e+01
     vertex  3.196766e+01  1.030695e+02  9.300220e+01
   endloop
 endfacet
 facet normal  3.810986e-01 -9.245344e-01 -1.303739e-19
   outer loop
     vertex  3.188859e+01  1.030382e+02  9.700220e+01
     vertex  3.192791e+01  1.030544e+02  9.300220e+01
     vertex  3.192791e+01  1.030544e+02  9.700220e+01
   endloop
 endfacet
 facet normal  3.810986e-01 -9.245344e-01  0.000000e+00
   outer loop
     vertex  3.188859e+01  1.030382e+02  9.700220e+01
     vertex  3.188859e+01  1.030382e+02  9.300220e+01
     vertex  3.192791e+01  1.030544e+02  9.300220e+01
   endloop
 endfacet
 facet normal  4.063188e-01 -9.137314e-01  0.000000e+00
   outer loop
     vertex  3.184974e+01  1.030209e+02  9.700220e+01
     vertex  3.184974e+01  1.030209e+02  9.300220e+01
     vertex  3.188859e+01  1.030382e+02  9.300220e+01
   endloop
 endfacet
 facet normal  4.063188e-01 -9.137314e-01 -4.944197e-20
   outer loop
     vertex  3.184974e+01  1.030209e+02  9.700220e+01
     vertex  3.188859e+01  1.030382e+02  9.300220e+01
     vertex  3.188859e+01  1.030382e+02  9.700220e+01
   endloop
 endfacet
 facet normal  4.312333e-01 -9.022405e-01  0.000000e+00
   outer loop
     vertex  3.181137e+01  1.030026e+02  9.700220e+01
     vertex  3.181137e+01  1.030026e+02  9.300220e+01
     vertex  3.184974e+01  1.030209e+02  9.300220e+01
   endloop
 endfacet
 facet normal  4.312333e-01 -9.022405e-01  1.477674e-19
   outer loop
     vertex  3.181137e+01  1.030026e+02  9.700220e+01
     vertex  3.184974e+01  1.030209e+02  9.300220e+01
     vertex  3.184974e+01  1.030209e+02  9.700220e+01
   endloop
 endfacet
 facet normal  4.558231e-01 -8.900704e-01  0.000000e+00
   outer loop
     vertex  3.177351e+01  1.029832e+02  9.700220e+01
     vertex  3.177351e+01  1.029832e+02  9.300220e+01
     vertex  3.181137e+01  1.030026e+02  9.300220e+01
   endloop
 endfacet
 facet normal  4.800697e-01 -8.772303e-01  0.000000e+00
   outer loop
     vertex  3.177351e+01  1.029832e+02  9.700220e+01
     vertex  3.173621e+01  1.029628e+02  9.300220e+01
     vertex  3.177351e+01  1.029832e+02  9.300220e+01
   endloop
 endfacet
 facet normal  4.558231e-01 -8.900704e-01  2.298922e-19
   outer loop
     vertex  3.177351e+01  1.029832e+02  9.700220e+01
     vertex  3.181137e+01  1.030026e+02  9.300220e+01
     vertex  3.181137e+01  1.030026e+02  9.700220e+01
   endloop
 endfacet
 facet normal  5.039550e-01 -8.637299e-01  0.000000e+00
   outer loop
     vertex  3.173621e+01  1.029628e+02  9.700220e+01
     vertex  3.169948e+01  1.029413e+02  9.300220e+01
     vertex  3.173621e+01  1.029628e+02  9.300220e+01
   endloop
 endfacet
 facet normal  4.800697e-01 -8.772303e-01  0.000000e+00
   outer loop
     vertex  3.173621e+01  1.029628e+02  9.700220e+01
     vertex  3.173621e+01  1.029628e+02  9.300220e+01
     vertex  3.177351e+01  1.029832e+02  9.700220e+01
   endloop
 endfacet
 facet normal  5.274609e-01 -8.495793e-01  0.000000e+00
   outer loop
     vertex  3.169948e+01  1.029413e+02  9.700220e+01
     vertex  3.166335e+01  1.029189e+02  9.300220e+01
     vertex  3.169948e+01  1.029413e+02  9.300220e+01
   endloop
 endfacet
 facet normal  5.039550e-01 -8.637299e-01  0.000000e+00
   outer loop
     vertex  3.169948e+01  1.029413e+02  9.700220e+01
     vertex  3.169948e+01  1.029413e+02  9.300220e+01
     vertex  3.173621e+01  1.029628e+02  9.700220e+01
   endloop
 endfacet
 facet normal  5.274609e-01 -8.495793e-01  0.000000e+00
   outer loop
     vertex  3.166335e+01  1.029189e+02  9.700220e+01
     vertex  3.166335e+01  1.029189e+02  9.300220e+01
     vertex  3.169948e+01  1.029413e+02  9.700220e+01
   endloop
 endfacet
 facet normal  5.505698e-01 -8.347891e-01  0.000000e+00
   outer loop
     vertex  3.162785e+01  1.028955e+02  9.700220e+01
     vertex  3.162785e+01  1.028955e+02  9.300220e+01
     vertex  3.166335e+01  1.029189e+02  9.300220e+01
   endloop
 endfacet
 facet normal  5.505698e-01 -8.347891e-01  1.613563e-19
   outer loop
     vertex  3.162785e+01  1.028955e+02  9.700220e+01
     vertex  3.166335e+01  1.029189e+02  9.300220e+01
     vertex  3.166335e+01  1.029189e+02  9.700220e+01
   endloop
 endfacet
 facet normal  5.732642e-01 -8.193706e-01  0.000000e+00
   outer loop
     vertex  3.159300e+01  1.028711e+02  9.700220e+01
     vertex  3.159300e+01  1.028711e+02  9.300220e+01
     vertex  3.162785e+01  1.028955e+02  9.300220e+01
   endloop
 endfacet
 facet normal  5.955271e-01 -8.033352e-01  0.000000e+00
   outer loop
     vertex  3.159300e+01  1.028711e+02  9.700220e+01
     vertex  3.155884e+01  1.028458e+02  9.300220e+01
     vertex  3.159300e+01  1.028711e+02  9.300220e+01
   endloop
 endfacet
 facet normal  5.732642e-01 -8.193706e-01  8.267125e-20
   outer loop
     vertex  3.159300e+01  1.028711e+02  9.700220e+01
     vertex  3.162785e+01  1.028955e+02  9.300220e+01
     vertex  3.162785e+01  1.028955e+02  9.700220e+01
   endloop
 endfacet
 facet normal  5.955271e-01 -8.033352e-01  0.000000e+00
   outer loop
     vertex  3.155884e+01  1.028458e+02  9.700220e+01
     vertex  3.155884e+01  1.028458e+02  9.300220e+01
     vertex  3.159300e+01  1.028711e+02  9.700220e+01
   endloop
 endfacet
 facet normal  6.173417e-01 -7.866951e-01  0.000000e+00
   outer loop
     vertex  3.152538e+01  1.028195e+02  9.700220e+01
     vertex  3.152538e+01  1.028195e+02  9.300220e+01
     vertex  3.155884e+01  1.028458e+02  9.300220e+01
   endloop
 endfacet
 facet normal  6.386916e-01 -7.694628e-01  0.000000e+00
   outer loop
     vertex  3.152538e+01  1.028195e+02  9.700220e+01
     vertex  3.149266e+01  1.027924e+02  9.300220e+01
     vertex  3.152538e+01  1.028195e+02  9.300220e+01
   endloop
 endfacet
 facet normal  6.173417e-01 -7.866951e-01 -2.246792e-19
   outer loop
     vertex  3.152538e+01  1.028195e+02  9.700220e+01
     vertex  3.155884e+01  1.028458e+02  9.300220e+01
     vertex  3.155884e+01  1.028458e+02  9.700220e+01
   endloop
 endfacet
 facet normal  6.386916e-01 -7.694628e-01  0.000000e+00
   outer loop
     vertex  3.149266e+01  1.027924e+02  9.700220e+01
     vertex  3.149266e+01  1.027924e+02  9.300220e+01
     vertex  3.152538e+01  1.028195e+02  9.700220e+01
   endloop
 endfacet
 facet normal  6.595607e-01 -7.516513e-01  0.000000e+00
   outer loop
     vertex  3.146069e+01  1.027643e+02  9.700220e+01
     vertex  3.146069e+01  1.027643e+02  9.300220e+01
     vertex  3.149266e+01  1.027924e+02  9.300220e+01
   endloop
 endfacet
 facet normal  6.595607e-01 -7.516513e-01  1.354556e-19
   outer loop
     vertex  3.146069e+01  1.027643e+02  9.700220e+01
     vertex  3.149266e+01  1.027924e+02  9.300220e+01
     vertex  3.149266e+01  1.027924e+02  9.700220e+01
   endloop
 endfacet
 facet normal  6.799333e-01 -7.332740e-01  0.000000e+00
   outer loop
     vertex  3.142951e+01  1.027354e+02  9.700220e+01
     vertex  3.142951e+01  1.027354e+02  9.300220e+01
     vertex  3.146069e+01  1.027643e+02  9.300220e+01
   endloop
 endfacet
 facet normal  6.799333e-01 -7.332740e-01 -8.750134e-21
   outer loop
     vertex  3.142951e+01  1.027354e+02  9.700220e+01
     vertex  3.146069e+01  1.027643e+02  9.300220e+01
     vertex  3.146069e+01  1.027643e+02  9.700220e+01
   endloop
 endfacet
 facet normal  6.997940e-01 -7.143447e-01  0.000000e+00
   outer loop
     vertex  3.139913e+01  1.027057e+02  9.700220e+01
     vertex  3.139913e+01  1.027057e+02  9.300220e+01
     vertex  3.142951e+01  1.027354e+02  9.300220e+01
   endloop
 endfacet
 facet normal  7.191280e-01 -6.948776e-01  0.000000e+00
   outer loop
     vertex  3.139913e+01  1.027057e+02  9.700220e+01
     vertex  3.136958e+01  1.026751e+02  9.300220e+01
     vertex  3.139913e+01  1.027057e+02  9.300220e+01
   endloop
 endfacet
 facet normal  6.997940e-01 -7.143447e-01  2.109773e-19
   outer loop
     vertex  3.139913e+01  1.027057e+02  9.700220e+01
     vertex  3.142951e+01  1.027354e+02  9.300220e+01
     vertex  3.142951e+01  1.027354e+02  9.700220e+01
   endloop
 endfacet
 facet normal  7.191280e-01 -6.948776e-01  0.000000e+00
   outer loop
     vertex  3.136958e+01  1.026751e+02  9.700220e+01
     vertex  3.136958e+01  1.026751e+02  9.300220e+01
     vertex  3.139913e+01  1.027057e+02  9.700220e+01
   endloop
 endfacet
 facet normal  7.379206e-01 -6.748875e-01  0.000000e+00
   outer loop
     vertex  3.136958e+01  1.026751e+02  9.700220e+01
     vertex  3.134088e+01  1.026437e+02  9.300220e+01
     vertex  3.136958e+01  1.026751e+02  9.300220e+01
   endloop
 endfacet
 facet normal  7.379206e-01 -6.748875e-01  0.000000e+00
   outer loop
     vertex  3.134088e+01  1.026437e+02  9.700220e+01
     vertex  3.134088e+01  1.026437e+02  9.300220e+01
     vertex  3.136958e+01  1.026751e+02  9.700220e+01
   endloop
 endfacet
 facet normal  7.561578e-01 -6.543893e-01 -1.573177e-19
   outer loop
     vertex  3.131305e+01  1.026115e+02  9.700220e+01
     vertex  3.134088e+01  1.026437e+02  9.300220e+01
     vertex  3.134088e+01  1.026437e+02  9.700220e+01
   endloop
 endfacet
 facet normal  7.561578e-01 -6.543893e-01  0.000000e+00
   outer loop
     vertex  3.131305e+01  1.026115e+02  9.700220e+01
     vertex  3.131305e+01  1.026115e+02  9.300220e+01
     vertex  3.134088e+01  1.026437e+02  9.300220e+01
   endloop
 endfacet
 facet normal  7.738257e-01 -6.333986e-01  0.000000e+00
   outer loop
     vertex  3.128611e+01  1.025786e+02  9.700220e+01
     vertex  3.128611e+01  1.025786e+02  9.300220e+01
     vertex  3.131305e+01  1.026115e+02  9.300220e+01
   endloop
 endfacet
 facet normal  7.738257e-01 -6.333986e-01 -2.685451e-20
   outer loop
     vertex  3.128611e+01  1.025786e+02  9.700220e+01
     vertex  3.131305e+01  1.026115e+02  9.300220e+01
     vertex  3.131305e+01  1.026115e+02  9.700220e+01
   endloop
 endfacet
 facet normal  7.909112e-01 -6.119310e-01  0.000000e+00
   outer loop
     vertex  3.126009e+01  1.025450e+02  9.700220e+01
     vertex  3.126009e+01  1.025450e+02  9.300220e+01
     vertex  3.128611e+01  1.025786e+02  9.300220e+01
   endloop
 endfacet
 facet normal  8.074012e-01 -5.900028e-01  0.000000e+00
   outer loop
     vertex  3.126009e+01  1.025450e+02  9.700220e+01
     vertex  3.123500e+01  1.025107e+02  9.300220e+01
     vertex  3.126009e+01  1.025450e+02  9.300220e+01
   endloop
 endfacet
 facet normal  7.909112e-01 -6.119310e-01  3.949373e-20
   outer loop
     vertex  3.126009e+01  1.025450e+02  9.700220e+01
     vertex  3.128611e+01  1.025786e+02  9.300220e+01
     vertex  3.128611e+01  1.025786e+02  9.700220e+01
   endloop
 endfacet
 facet normal  8.074012e-01 -5.900028e-01  0.000000e+00
   outer loop
     vertex  3.123500e+01  1.025107e+02  9.700220e+01
     vertex  3.123500e+01  1.025107e+02  9.300220e+01
     vertex  3.126009e+01  1.025450e+02  9.700220e+01
   endloop
 endfacet
 facet normal  8.232835e-01 -5.676304e-01  0.000000e+00
   outer loop
     vertex  3.121086e+01  1.024756e+02  9.700220e+01
     vertex  3.121086e+01  1.024756e+02  9.300220e+01
     vertex  3.123500e+01  1.025107e+02  9.300220e+01
   endloop
 endfacet
 facet normal  8.232835e-01 -5.676304e-01 -8.613582e-20
   outer loop
     vertex  3.121086e+01  1.024756e+02  9.700220e+01
     vertex  3.123500e+01  1.025107e+02  9.300220e+01
     vertex  3.123500e+01  1.025107e+02  9.700220e+01
   endloop
 endfacet
 facet normal  8.385460e-01 -5.448308e-01  0.000000e+00
   outer loop
     vertex  3.118769e+01  1.024400e+02  9.700220e+01
     vertex  3.118769e+01  1.024400e+02  9.300220e+01
     vertex  3.121086e+01  1.024756e+02  9.300220e+01
   endloop
 endfacet
 facet normal  8.385460e-01 -5.448308e-01  8.030215e-20
   outer loop
     vertex  3.118769e+01  1.024400e+02  9.700220e+01
     vertex  3.121086e+01  1.024756e+02  9.300220e+01
     vertex  3.121086e+01  1.024756e+02  9.700220e+01
   endloop
 endfacet
 facet normal  8.531773e-01 -5.216210e-01  0.000000e+00
   outer loop
     vertex  3.116551e+01  1.024037e+02  9.700220e+01
     vertex  3.116551e+01  1.024037e+02  9.300220e+01
     vertex  3.118769e+01  1.024400e+02  9.300220e+01
   endloop
 endfacet
 facet normal  8.531773e-01 -5.216210e-01 -9.580180e-20
   outer loop
     vertex  3.116551e+01  1.024037e+02  9.700220e+01
     vertex  3.118769e+01  1.024400e+02  9.300220e+01
     vertex  3.118769e+01  1.024400e+02  9.700220e+01
   endloop
 endfacet
 facet normal  8.671664e-01 -4.980186e-01  0.000000e+00
   outer loop
     vertex  3.114433e+01  1.023668e+02  9.700220e+01
     vertex  3.114433e+01  1.023668e+02  9.300220e+01
     vertex  3.116551e+01  1.024037e+02  9.300220e+01
   endloop
 endfacet
 facet normal  8.671664e-01 -4.980186e-01  2.901704e-19
   outer loop
     vertex  3.114433e+01  1.023668e+02  9.700220e+01
     vertex  3.116551e+01  1.024037e+02  9.300220e+01
     vertex  3.116551e+01  1.024037e+02  9.700220e+01
   endloop
 endfacet
 facet normal  8.805026e-01 -4.740412e-01  0.000000e+00
   outer loop
     vertex  3.112417e+01  1.023294e+02  9.700220e+01
     vertex  3.112417e+01  1.023294e+02  9.300220e+01
     vertex  3.114433e+01  1.023668e+02  9.300220e+01
   endloop
 endfacet
 facet normal  8.805026e-01 -4.740412e-01  1.752940e-19
   outer loop
     vertex  3.112417e+01  1.023294e+02  9.700220e+01
     vertex  3.114433e+01  1.023668e+02  9.300220e+01
     vertex  3.114433e+01  1.023668e+02  9.700220e+01
   endloop
 endfacet
 facet normal  8.931761e-01 -4.497071e-01  0.000000e+00
   outer loop
     vertex  3.110505e+01  1.022914e+02  9.700220e+01
     vertex  3.110505e+01  1.022914e+02  9.300220e+01
     vertex  3.112417e+01  1.023294e+02  9.300220e+01
   endloop
 endfacet
 facet normal  8.931761e-01 -4.497071e-01  1.599276e-19
   outer loop
     vertex  3.110505e+01  1.022914e+02  9.700220e+01
     vertex  3.112417e+01  1.023294e+02  9.300220e+01
     vertex  3.112417e+01  1.023294e+02  9.700220e+01
   endloop
 endfacet
 facet normal  9.051772e-01 -4.250344e-01  0.000000e+00
   outer loop
     vertex  3.108697e+01  1.022529e+02  9.700220e+01
     vertex  3.108697e+01  1.022529e+02  9.300220e+01
     vertex  3.110505e+01  1.022914e+02  9.300220e+01
   endloop
 endfacet
 facet normal  9.051772e-01 -4.250344e-01  1.327559e-19
   outer loop
     vertex  3.108697e+01  1.022529e+02  9.700220e+01
     vertex  3.110505e+01  1.022914e+02  9.300220e+01
     vertex  3.110505e+01  1.022914e+02  9.700220e+01
   endloop
 endfacet
 facet normal  9.164969e-01 -4.000417e-01  0.000000e+00
   outer loop
     vertex  3.106996e+01  1.022139e+02  9.700220e+01
     vertex  3.106996e+01  1.022139e+02  9.300220e+01
     vertex  3.108697e+01  1.022529e+02  9.300220e+01
   endloop
 endfacet
 facet normal  9.271267e-01 -3.747479e-01  0.000000e+00
   outer loop
     vertex  3.106996e+01  1.022139e+02  9.700220e+01
     vertex  3.105402e+01  1.021745e+02  9.300220e+01
     vertex  3.106996e+01  1.022139e+02  9.300220e+01
   endloop
 endfacet
 facet normal  9.164969e-01 -4.000417e-01  1.121454e-19
   outer loop
     vertex  3.106996e+01  1.022139e+02  9.700220e+01
     vertex  3.108697e+01  1.022529e+02  9.300220e+01
     vertex  3.108697e+01  1.022529e+02  9.700220e+01
   endloop
 endfacet
 facet normal  9.271267e-01 -3.747479e-01  0.000000e+00
   outer loop
     vertex  3.105402e+01  1.021745e+02  9.700220e+01
     vertex  3.105402e+01  1.021745e+02  9.300220e+01
     vertex  3.106996e+01  1.022139e+02  9.700220e+01
   endloop
 endfacet
 facet normal  9.370586e-01 -3.491720e-01  0.000000e+00
   outer loop
     vertex  3.103917e+01  1.021346e+02  9.700220e+01
     vertex  3.103917e+01  1.021346e+02  9.300220e+01
     vertex  3.105402e+01  1.021745e+02  9.300220e+01
   endloop
 endfacet
 facet normal  9.370586e-01 -3.491720e-01  1.139291e-19
   outer loop
     vertex  3.103917e+01  1.021346e+02  9.700220e+01
     vertex  3.105402e+01  1.021745e+02  9.300220e+01
     vertex  3.105402e+01  1.021745e+02  9.700220e+01
   endloop
 endfacet
 facet normal  9.462851e-01 -3.233333e-01  0.000000e+00
   outer loop
     vertex  3.102542e+01  1.020944e+02  9.700220e+01
     vertex  3.102542e+01  1.020944e+02  9.300220e+01
     vertex  3.103917e+01  1.021346e+02  9.300220e+01
   endloop
 endfacet
 facet normal  9.462851e-01 -3.233333e-01 -8.554231e-20
   outer loop
     vertex  3.102542e+01  1.020944e+02  9.700220e+01
     vertex  3.103917e+01  1.021346e+02  9.300220e+01
     vertex  3.103917e+01  1.021346e+02  9.700220e+01
   endloop
 endfacet
 facet normal  9.547993e-01 -2.972512e-01  0.000000e+00
   outer loop
     vertex  3.101278e+01  1.020538e+02  9.700220e+01
     vertex  3.101278e+01  1.020538e+02  9.300220e+01
     vertex  3.102542e+01  1.020944e+02  9.300220e+01
   endloop
 endfacet
 facet normal  9.625948e-01 -2.709453e-01  0.000000e+00
   outer loop
     vertex  3.101278e+01  1.020538e+02  9.700220e+01
     vertex  3.100126e+01  1.020129e+02  9.300220e+01
     vertex  3.101278e+01  1.020538e+02  9.300220e+01
   endloop
 endfacet
 facet normal  9.547993e-01 -2.972512e-01 -1.671917e-19
   outer loop
     vertex  3.101278e+01  1.020538e+02  9.700220e+01
     vertex  3.102542e+01  1.020944e+02  9.300220e+01
     vertex  3.102542e+01  1.020944e+02  9.700220e+01
   endloop
 endfacet
 facet normal  9.625948e-01 -2.709453e-01  0.000000e+00
   outer loop
     vertex  3.100126e+01  1.020129e+02  9.700220e+01
     vertex  3.100126e+01  1.020129e+02  9.300220e+01
     vertex  3.101278e+01  1.020538e+02  9.700220e+01
   endloop
 endfacet
 facet normal  9.696656e-01 -2.444354e-01  0.000000e+00
   outer loop
     vertex  3.099086e+01  1.019716e+02  9.700220e+01
     vertex  3.099086e+01  1.019716e+02  9.300220e+01
     vertex  3.100126e+01  1.020129e+02  9.300220e+01
   endloop
 endfacet
 facet normal  9.696656e-01 -2.444354e-01  2.049303e-20
   outer loop
     vertex  3.099086e+01  1.019716e+02  9.700220e+01
     vertex  3.100126e+01  1.020129e+02  9.300220e+01
     vertex  3.100126e+01  1.020129e+02  9.700220e+01
   endloop
 endfacet
 facet normal  9.760065e-01 -2.177416e-01  0.000000e+00
   outer loop
     vertex  3.098160e+01  1.019301e+02  9.700220e+01
     vertex  3.098160e+01  1.019301e+02  9.300220e+01
     vertex  3.099086e+01  1.019716e+02  9.300220e+01
   endloop
 endfacet
 facet normal  9.760065e-01 -2.177416e-01  4.086978e-20
   outer loop
     vertex  3.098160e+01  1.019301e+02  9.700220e+01
     vertex  3.099086e+01  1.019716e+02  9.300220e+01
     vertex  3.099086e+01  1.019716e+02  9.700220e+01
   endloop
 endfacet
 facet normal  9.816126e-01 -1.908838e-01  0.000000e+00
   outer loop
     vertex  3.097348e+01  1.018884e+02  9.700220e+01
     vertex  3.097348e+01  1.018884e+02  9.300220e+01
     vertex  3.098160e+01  1.019301e+02  9.300220e+01
   endloop
 endfacet
 facet normal  9.864799e-01 -1.638824e-01  0.000000e+00
   outer loop
     vertex  3.097348e+01  1.018884e+02  9.700220e+01
     vertex  3.096652e+01  1.018464e+02  9.300220e+01
     vertex  3.097348e+01  1.018884e+02  9.300220e+01
   endloop
 endfacet
 facet normal  9.816126e-01 -1.908838e-01 -1.247455e-20
   outer loop
     vertex  3.097348e+01  1.018884e+02  9.700220e+01
     vertex  3.098160e+01  1.019301e+02  9.300220e+01
     vertex  3.098160e+01  1.019301e+02  9.700220e+01
   endloop
 endfacet
 facet normal  9.906046e-01 -1.367575e-01  0.000000e+00
   outer loop
     vertex  3.096652e+01  1.018464e+02  9.700220e+01
     vertex  3.096070e+01  1.018043e+02  9.300220e+01
     vertex  3.096652e+01  1.018464e+02  9.300220e+01
   endloop
 endfacet
 facet normal  9.864799e-01 -1.638824e-01  0.000000e+00
   outer loop
     vertex  3.096652e+01  1.018464e+02  9.700220e+01
     vertex  3.096652e+01  1.018464e+02  9.300220e+01
     vertex  3.097348e+01  1.018884e+02  9.700220e+01
   endloop
 endfacet
 facet normal  9.906046e-01 -1.367575e-01  0.000000e+00
   outer loop
     vertex  3.096070e+01  1.018043e+02  9.700220e+01
     vertex  3.096070e+01  1.018043e+02  9.300220e+01
     vertex  3.096652e+01  1.018464e+02  9.700220e+01
   endloop
 endfacet
 facet normal  9.939835e-01 -1.095298e-01 -3.751891e-20
   outer loop
     vertex  3.095604e+01  1.017620e+02  9.700220e+01
     vertex  3.096070e+01  1.018043e+02  9.300220e+01
     vertex  3.096070e+01  1.018043e+02  9.700220e+01
   endloop
 endfacet
 facet normal  9.939835e-01 -1.095298e-01  0.000000e+00
   outer loop
     vertex  3.095604e+01  1.017620e+02  9.700220e+01
     vertex  3.095604e+01  1.017620e+02  9.300220e+01
     vertex  3.096070e+01  1.018043e+02  9.300220e+01
   endloop
 endfacet
 facet normal  9.966142e-01 -8.221955e-02 -5.993530e-20
   outer loop
     vertex  3.095255e+01  1.017196e+02  9.700220e+01
     vertex  3.095604e+01  1.017620e+02  9.300220e+01
     vertex  3.095604e+01  1.017620e+02  9.700220e+01
   endloop
 endfacet
 facet normal  9.966142e-01 -8.221955e-02  0.000000e+00
   outer loop
     vertex  3.095255e+01  1.017196e+02  9.700220e+01
     vertex  3.095255e+01  1.017196e+02  9.300220e+01
     vertex  3.095604e+01  1.017620e+02  9.300220e+01
   endloop
 endfacet
 facet normal  9.984947e-01 -5.484744e-02  3.535539e-20
   outer loop
     vertex  3.095021e+01  1.016772e+02  9.700220e+01
     vertex  3.095255e+01  1.017196e+02  9.300220e+01
     vertex  3.095255e+01  1.017196e+02  9.700220e+01
   endloop
 endfacet
 facet normal  9.984947e-01 -5.484744e-02  0.000000e+00
   outer loop
     vertex  3.095021e+01  1.016772e+02  9.700220e+01
     vertex  3.095021e+01  1.016772e+02  9.300220e+01
     vertex  3.095255e+01  1.017196e+02  9.300220e+01
   endloop
 endfacet
 facet normal  9.996236e-01 -2.743405e-02  1.177723e-20
   outer loop
     vertex  3.094905e+01  1.016347e+02  9.700220e+01
     vertex  3.095021e+01  1.016772e+02  9.300220e+01
     vertex  3.095021e+01  1.016772e+02  9.700220e+01
   endloop
 endfacet
 facet normal  9.996236e-01 -2.743405e-02  0.000000e+00
   outer loop
     vertex  3.094905e+01  1.016347e+02  9.700220e+01
     vertex  3.094905e+01  1.016347e+02  9.300220e+01
     vertex  3.095021e+01  1.016772e+02  9.300220e+01
   endloop
 endfacet
 facet normal  1.000000e+00  8.354063e-14  0.000000e+00
   outer loop
     vertex  3.094905e+01  1.015921e+02  9.700220e+01
     vertex  3.094905e+01  1.016347e+02  9.300220e+01
     vertex  3.094905e+01  1.016347e+02  9.700220e+01
   endloop
 endfacet
 facet normal  1.000000e+00  8.354063e-14  0.000000e+00
   outer loop
     vertex  3.094905e+01  1.015921e+02  9.700220e+01
     vertex  3.094905e+01  1.015921e+02  9.300220e+01
     vertex  3.094905e+01  1.016347e+02  9.300220e+01
   endloop
 endfacet
 facet normal  9.996236e-01  2.743405e-02 -1.630019e-20
   outer loop
     vertex  3.095021e+01  1.015496e+02  9.700220e+01
     vertex  3.094905e+01  1.015921e+02  9.300220e+01
     vertex  3.094905e+01  1.015921e+02  9.700220e+01
   endloop
 endfacet
 facet normal  9.996236e-01  2.743405e-02  0.000000e+00
   outer loop
     vertex  3.095021e+01  1.015496e+02  9.700220e+01
     vertex  3.095021e+01  1.015496e+02  9.300220e+01
     vertex  3.094905e+01  1.015921e+02  9.300220e+01
   endloop
 endfacet
 facet normal  9.984947e-01  5.484744e-02 -3.535539e-20
   outer loop
     vertex  3.095255e+01  1.015072e+02  9.700220e+01
     vertex  3.095021e+01  1.015496e+02  9.300220e+01
     vertex  3.095021e+01  1.015496e+02  9.700220e+01
   endloop
 endfacet
 facet normal  9.984947e-01  5.484744e-02  0.000000e+00
   outer loop
     vertex  3.095255e+01  1.015072e+02  9.700220e+01
     vertex  3.095255e+01  1.015072e+02  9.300220e+01
     vertex  3.095021e+01  1.015496e+02  9.300220e+01
   endloop
 endfacet
 facet normal  9.966142e-01  8.221955e-02  2.852124e-20
   outer loop
     vertex  3.095604e+01  1.014648e+02  9.700220e+01
     vertex  3.095255e+01  1.015072e+02  9.300220e+01
     vertex  3.095255e+01  1.015072e+02  9.700220e+01
   endloop
 endfacet
 facet normal  9.966142e-01  8.221955e-02  0.000000e+00
   outer loop
     vertex  3.095604e+01  1.014648e+02  9.700220e+01
     vertex  3.095604e+01  1.014648e+02  9.300220e+01
     vertex  3.095255e+01  1.015072e+02  9.300220e+01
   endloop
 endfacet
 facet normal  9.939835e-01  1.095298e-01  0.000000e+00
   outer loop
     vertex  3.095604e+01  1.014648e+02  9.700220e+01
     vertex  3.096070e+01  1.014225e+02  9.300220e+01
     vertex  3.095604e+01  1.014648e+02  9.300220e+01
   endloop
 endfacet
 facet normal  9.939835e-01  1.095298e-01  0.000000e+00
   outer loop
     vertex  3.096070e+01  1.014225e+02  9.700220e+01
     vertex  3.096070e+01  1.014225e+02  9.300220e+01
     vertex  3.095604e+01  1.014648e+02  9.700220e+01
   endloop
 endfacet
 facet normal  9.906046e-01  1.367575e-01  3.558055e-20
   outer loop
     vertex  3.096652e+01  1.013804e+02  9.700220e+01
     vertex  3.096070e+01  1.014225e+02  9.300220e+01
     vertex  3.096070e+01  1.014225e+02  9.700220e+01
   endloop
 endfacet
 facet normal  9.906046e-01  1.367575e-01  0.000000e+00
   outer loop
     vertex  3.096652e+01  1.013804e+02  9.700220e+01
     vertex  3.096652e+01  1.013804e+02  9.300220e+01
     vertex  3.096070e+01  1.014225e+02  9.300220e+01
   endloop
 endfacet
 facet normal  9.864799e-01  1.638824e-01 -3.516326e-20
   outer loop
     vertex  3.097348e+01  1.013384e+02  9.700220e+01
     vertex  3.096652e+01  1.013804e+02  9.300220e+01
     vertex  3.096652e+01  1.013804e+02  9.700220e+01
   endloop
 endfacet
 facet normal  9.864799e-01  1.638824e-01  0.000000e+00
   outer loop
     vertex  3.097348e+01  1.013384e+02  9.700220e+01
     vertex  3.097348e+01  1.013384e+02  9.300220e+01
     vertex  3.096652e+01  1.013804e+02  9.300220e+01
   endloop
 endfacet
 facet normal  9.816126e-01  1.908838e-01 -5.512718e-20
   outer loop
     vertex  3.098160e+01  1.012967e+02  9.700220e+01
     vertex  3.097348e+01  1.013384e+02  9.300220e+01
     vertex  3.097348e+01  1.013384e+02  9.700220e+01
   endloop
 endfacet
 facet normal  9.816126e-01  1.908838e-01  0.000000e+00
   outer loop
     vertex  3.098160e+01  1.012967e+02  9.700220e+01
     vertex  3.098160e+01  1.012967e+02  9.300220e+01
     vertex  3.097348e+01  1.013384e+02  9.300220e+01
   endloop
 endfacet
 facet normal  9.760065e-01  2.177416e-01  0.000000e+00
   outer loop
     vertex  3.099086e+01  1.012552e+02  9.700220e+01
     vertex  3.099086e+01  1.012552e+02  9.300220e+01
     vertex  3.098160e+01  1.012967e+02  9.300220e+01
   endloop
 endfacet
 facet normal  9.760065e-01  2.177416e-01  9.382754e-20
   outer loop
     vertex  3.099086e+01  1.012552e+02  9.700220e+01
     vertex  3.098160e+01  1.012967e+02  9.300220e+01
     vertex  3.098160e+01  1.012967e+02  9.700220e+01
   endloop
 endfacet
 facet normal  9.696656e-01  2.444354e-01  0.000000e+00
   outer loop
     vertex  3.100126e+01  1.012139e+02  9.700220e+01
     vertex  3.100126e+01  1.012139e+02  9.300220e+01
     vertex  3.099086e+01  1.012552e+02  9.300220e+01
   endloop
 endfacet
 facet normal  9.696656e-01  2.444354e-01 -2.049303e-20
   outer loop
     vertex  3.100126e+01  1.012139e+02  9.700220e+01
     vertex  3.099086e+01  1.012552e+02  9.300220e+01
     vertex  3.099086e+01  1.012552e+02  9.700220e+01
   endloop
 endfacet
 facet normal  9.625948e-01  2.709453e-01 -1.039547e-19
   outer loop
     vertex  3.101278e+01  1.011730e+02  9.700220e+01
     vertex  3.100126e+01  1.012139e+02  9.300220e+01
     vertex  3.100126e+01  1.012139e+02  9.700220e+01
   endloop
 endfacet
 facet normal  9.625948e-01  2.709453e-01  0.000000e+00
   outer loop
     vertex  3.101278e+01  1.011730e+02  9.700220e+01
     vertex  3.101278e+01  1.011730e+02  9.300220e+01
     vertex  3.100126e+01  1.012139e+02  9.300220e+01
   endloop
 endfacet
 facet normal  9.547993e-01  2.972512e-01  0.000000e+00
   outer loop
     vertex  3.102542e+01  1.011324e+02  9.700220e+01
     vertex  3.102542e+01  1.011324e+02  9.300220e+01
     vertex  3.101278e+01  1.011730e+02  9.300220e+01
   endloop
 endfacet
 facet normal  9.547993e-01  2.972512e-01  1.026243e-19
   outer loop
     vertex  3.102542e+01  1.011324e+02  9.700220e+01
     vertex  3.101278e+01  1.011730e+02  9.300220e+01
     vertex  3.101278e+01  1.011730e+02  9.700220e+01
   endloop
 endfacet
 facet normal  9.462851e-01  3.233333e-01  0.000000e+00
   outer loop
     vertex  3.103917e+01  1.010922e+02  9.700220e+01
     vertex  3.103917e+01  1.010922e+02  9.300220e+01
     vertex  3.102542e+01  1.011324e+02  9.300220e+01
   endloop
 endfacet
 facet normal  9.462851e-01  3.233333e-01 -9.438747e-20
   outer loop
     vertex  3.103917e+01  1.010922e+02  9.700220e+01
     vertex  3.102542e+01  1.011324e+02  9.300220e+01
     vertex  3.102542e+01  1.011324e+02  9.700220e+01
   endloop
 endfacet
 facet normal  9.370586e-01  3.491720e-01  0.000000e+00
   outer loop
     vertex  3.105402e+01  1.010523e+02  9.700220e+01
     vertex  3.105402e+01  1.010523e+02  9.300220e+01
     vertex  3.103917e+01  1.010922e+02  9.300220e+01
   endloop
 endfacet
 facet normal  9.271267e-01  3.747479e-01  0.000000e+00
   outer loop
     vertex  3.105402e+01  1.010523e+02  9.700220e+01
     vertex  3.106996e+01  1.010129e+02  9.300220e+01
     vertex  3.105402e+01  1.010523e+02  9.300220e+01
   endloop
 endfacet
 facet normal  9.370586e-01  3.491720e-01  8.751052e-21
   outer loop
     vertex  3.105402e+01  1.010523e+02  9.700220e+01
     vertex  3.103917e+01  1.010922e+02  9.300220e+01
     vertex  3.103917e+01  1.010922e+02  9.700220e+01
   endloop
 endfacet
 facet normal  9.271267e-01  3.747479e-01  0.000000e+00
   outer loop
     vertex  3.106996e+01  1.010129e+02  9.700220e+01
     vertex  3.106996e+01  1.010129e+02  9.300220e+01
     vertex  3.105402e+01  1.010523e+02  9.700220e+01
   endloop
 endfacet
 facet normal  9.164969e-01  4.000417e-01  0.000000e+00
   outer loop
     vertex  3.108697e+01  1.009739e+02  9.700220e+01
     vertex  3.108697e+01  1.009739e+02  9.300220e+01
     vertex  3.106996e+01  1.010129e+02  9.300220e+01
   endloop
 endfacet
 facet normal  9.164969e-01  4.000417e-01 -2.105711e-19
   outer loop
     vertex  3.108697e+01  1.009739e+02  9.700220e+01
     vertex  3.106996e+01  1.010129e+02  9.300220e+01
     vertex  3.106996e+01  1.010129e+02  9.700220e+01
   endloop
 endfacet
 facet normal  9.051772e-01  4.250344e-01  0.000000e+00
   outer loop
     vertex  3.110505e+01  1.009354e+02  9.700220e+01
     vertex  3.110505e+01  1.009354e+02  9.300220e+01
     vertex  3.108697e+01  1.009739e+02  9.300220e+01
   endloop
 endfacet
 facet normal  9.051772e-01  4.250344e-01  1.095709e-19
   outer loop
     vertex  3.110505e+01  1.009354e+02  9.700220e+01
     vertex  3.108697e+01  1.009739e+02  9.300220e+01
     vertex  3.108697e+01  1.009739e+02  9.700220e+01
   endloop
 endfacet
 facet normal  8.931761e-01  4.497071e-01  0.000000e+00
   outer loop
     vertex  3.112417e+01  1.008974e+02  9.700220e+01
     vertex  3.112417e+01  1.008974e+02  9.300220e+01
     vertex  3.110505e+01  1.009354e+02  9.300220e+01
   endloop
 endfacet
 facet normal  8.805026e-01  4.740412e-01  0.000000e+00
   outer loop
     vertex  3.112417e+01  1.008974e+02  9.700220e+01
     vertex  3.114433e+01  1.008600e+02  9.300220e+01
     vertex  3.112417e+01  1.008974e+02  9.300220e+01
   endloop
 endfacet
 facet normal  8.931761e-01  4.497071e-01 -1.331515e-19
   outer loop
     vertex  3.112417e+01  1.008974e+02  9.700220e+01
     vertex  3.110505e+01  1.009354e+02  9.300220e+01
     vertex  3.110505e+01  1.009354e+02  9.700220e+01
   endloop
 endfacet
 facet normal  8.671664e-01  4.980186e-01  0.000000e+00
   outer loop
     vertex  3.114433e+01  1.008600e+02  9.700220e+01
     vertex  3.116551e+01  1.008231e+02  9.300220e+01
     vertex  3.114433e+01  1.008600e+02  9.300220e+01
   endloop
 endfacet
 facet normal  8.805026e-01  4.740412e-01  0.000000e+00
   outer loop
     vertex  3.114433e+01  1.008600e+02  9.700220e+01
     vertex  3.114433e+01  1.008600e+02  9.300220e+01
     vertex  3.112417e+01  1.008974e+02  9.700220e+01
   endloop
 endfacet
 facet normal  8.671664e-01  4.980186e-01  0.000000e+00
   outer loop
     vertex  3.116551e+01  1.008231e+02  9.700220e+01
     vertex  3.116551e+01  1.008231e+02  9.300220e+01
     vertex  3.114433e+01  1.008600e+02  9.700220e+01
   endloop
 endfacet
 facet normal  8.531773e-01  5.216210e-01  0.000000e+00
   outer loop
     vertex  3.118769e+01  1.007868e+02  9.700220e+01
     vertex  3.118769e+01  1.007868e+02  9.300220e+01
     vertex  3.116551e+01  1.008231e+02  9.300220e+01
   endloop
 endfacet
 facet normal  8.385460e-01  5.448308e-01  0.000000e+00
   outer loop
     vertex  3.118769e+01  1.007868e+02  9.700220e+01
     vertex  3.121086e+01  1.007512e+02  9.300220e+01
     vertex  3.118769e+01  1.007868e+02  9.300220e+01
   endloop
 endfacet
 facet normal  8.531773e-01  5.216210e-01  1.484258e-19
   outer loop
     vertex  3.118769e+01  1.007868e+02  9.700220e+01
     vertex  3.116551e+01  1.008231e+02  9.300220e+01
     vertex  3.116551e+01  1.008231e+02  9.700220e+01
   endloop
 endfacet
 facet normal  8.385460e-01  5.448308e-01  0.000000e+00
   outer loop
     vertex  3.121086e+01  1.007512e+02  9.700220e+01
     vertex  3.121086e+01  1.007512e+02  9.300220e+01
     vertex  3.118769e+01  1.007868e+02  9.700220e+01
   endloop
 endfacet
 facet normal  8.232835e-01  5.676304e-01 -7.949361e-20
   outer loop
     vertex  3.123500e+01  1.007161e+02  9.700220e+01
     vertex  3.121086e+01  1.007512e+02  9.300220e+01
     vertex  3.121086e+01  1.007512e+02  9.700220e+01
   endloop
 endfacet
 facet normal  8.232835e-01  5.676304e-01  0.000000e+00
   outer loop
     vertex  3.123500e+01  1.007161e+02  9.700220e+01
     vertex  3.123500e+01  1.007161e+02  9.300220e+01
     vertex  3.121086e+01  1.007512e+02  9.300220e+01
   endloop
 endfacet
 facet normal  8.074012e-01  5.900028e-01  0.000000e+00
   outer loop
     vertex  3.123500e+01  1.007161e+02  9.700220e+01
     vertex  3.126009e+01  1.006818e+02  9.300220e+01
     vertex  3.123500e+01  1.007161e+02  9.300220e+01
   endloop
 endfacet
 facet normal  8.074012e-01  5.900028e-01  0.000000e+00
   outer loop
     vertex  3.126009e+01  1.006818e+02  9.700220e+01
     vertex  3.126009e+01  1.006818e+02  9.300220e+01
     vertex  3.123500e+01  1.007161e+02  9.700220e+01
   endloop
 endfacet
 facet normal  7.909112e-01  6.119310e-01 -3.949373e-20
   outer loop
     vertex  3.128611e+01  1.006482e+02  9.700220e+01
     vertex  3.126009e+01  1.006818e+02  9.300220e+01
     vertex  3.126009e+01  1.006818e+02  9.700220e+01
   endloop
 endfacet
 facet normal  7.909112e-01  6.119310e-01  0.000000e+00
   outer loop
     vertex  3.128611e+01  1.006482e+02  9.700220e+01
     vertex  3.128611e+01  1.006482e+02  9.300220e+01
     vertex  3.126009e+01  1.006818e+02  9.300220e+01
   endloop
 endfacet
 facet normal  7.738257e-01  6.333986e-01  0.000000e+00
   outer loop
     vertex  3.128611e+01  1.006482e+02  9.700220e+01
     vertex  3.131305e+01  1.006153e+02  9.300220e+01
     vertex  3.128611e+01  1.006482e+02  9.300220e+01
   endloop
 endfacet
 facet normal  7.738257e-01  6.333986e-01  0.000000e+00
   outer loop
     vertex  3.131305e+01  1.006153e+02  9.700220e+01
     vertex  3.131305e+01  1.006153e+02  9.300220e+01
     vertex  3.128611e+01  1.006482e+02  9.700220e+01
   endloop
 endfacet
 facet normal  7.561578e-01  6.543893e-01 -3.009677e-19
   outer loop
     vertex  3.134088e+01  1.005831e+02  9.700220e+01
     vertex  3.131305e+01  1.006153e+02  9.300220e+01
     vertex  3.131305e+01  1.006153e+02  9.700220e+01
   endloop
 endfacet
 facet normal  7.561578e-01  6.543893e-01  0.000000e+00
   outer loop
     vertex  3.134088e+01  1.005831e+02  9.700220e+01
     vertex  3.134088e+01  1.005831e+02  9.300220e+01
     vertex  3.131305e+01  1.006153e+02  9.300220e+01
   endloop
 endfacet
 facet normal  7.379206e-01  6.748875e-01  4.484352e-20
   outer loop
     vertex  3.136958e+01  1.005517e+02  9.700220e+01
     vertex  3.134088e+01  1.005831e+02  9.300220e+01
     vertex  3.134088e+01  1.005831e+02  9.700220e+01
   endloop
 endfacet
 facet normal  7.379206e-01  6.748875e-01  0.000000e+00
   outer loop
     vertex  3.136958e+01  1.005517e+02  9.700220e+01
     vertex  3.136958e+01  1.005517e+02  9.300220e+01
     vertex  3.134088e+01  1.005831e+02  9.300220e+01
   endloop
 endfacet
 facet normal  7.191280e-01  6.948776e-01 -1.167752e-19
   outer loop
     vertex  3.139913e+01  1.005211e+02  9.700220e+01
     vertex  3.136958e+01  1.005517e+02  9.300220e+01
     vertex  3.136958e+01  1.005517e+02  9.700220e+01
   endloop
 endfacet
 facet normal  7.191280e-01  6.948776e-01  0.000000e+00
   outer loop
     vertex  3.139913e+01  1.005211e+02  9.700220e+01
     vertex  3.139913e+01  1.005211e+02  9.300220e+01
     vertex  3.136958e+01  1.005517e+02  9.300220e+01
   endloop
 endfacet
 facet normal  6.997940e-01  7.143447e-01 -9.934841e-20
   outer loop
     vertex  3.142951e+01  1.004914e+02  9.700220e+01
     vertex  3.139913e+01  1.005211e+02  9.300220e+01
     vertex  3.139913e+01  1.005211e+02  9.700220e+01
   endloop
 endfacet
 facet normal  6.997940e-01  7.143447e-01  0.000000e+00
   outer loop
     vertex  3.142951e+01  1.004914e+02  9.700220e+01
     vertex  3.142951e+01  1.004914e+02  9.300220e+01
     vertex  3.139913e+01  1.005211e+02  9.300220e+01
   endloop
 endfacet
 facet normal  6.799333e-01  7.332740e-01  0.000000e+00
   outer loop
     vertex  3.142951e+01  1.004914e+02  9.700220e+01
     vertex  3.146069e+01  1.004625e+02  9.300220e+01
     vertex  3.142951e+01  1.004914e+02  9.300220e+01
   endloop
 endfacet
 facet normal  6.799333e-01  7.332740e-01  0.000000e+00
   outer loop
     vertex  3.146069e+01  1.004625e+02  9.700220e+01
     vertex  3.146069e+01  1.004625e+02  9.300220e+01
     vertex  3.142951e+01  1.004914e+02  9.700220e+01
   endloop
 endfacet
 facet normal  6.595607e-01  7.516513e-01  0.000000e+00
   outer loop
     vertex  3.146069e+01  1.004625e+02  9.700220e+01
     vertex  3.149266e+01  1.004344e+02  9.300220e+01
     vertex  3.146069e+01  1.004625e+02  9.300220e+01
   endloop
 endfacet
 facet normal  6.595607e-01  7.516513e-01  0.000000e+00
   outer loop
     vertex  3.149266e+01  1.004344e+02  9.700220e+01
     vertex  3.149266e+01  1.004344e+02  9.300220e+01
     vertex  3.146069e+01  1.004625e+02  9.700220e+01
   endloop
 endfacet
 facet normal  6.386916e-01  7.694628e-01  8.467958e-20
   outer loop
     vertex  3.152538e+01  1.004073e+02  9.700220e+01
     vertex  3.149266e+01  1.004344e+02  9.300220e+01
     vertex  3.149266e+01  1.004344e+02  9.700220e+01
   endloop
 endfacet
 facet normal  6.386916e-01  7.694628e-01  0.000000e+00
   outer loop
     vertex  3.152538e+01  1.004073e+02  9.700220e+01
     vertex  3.152538e+01  1.004073e+02  9.300220e+01
     vertex  3.149266e+01  1.004344e+02  9.300220e+01
   endloop
 endfacet
 facet normal  6.173417e-01  7.866951e-01  2.246792e-19
   outer loop
     vertex  3.155884e+01  1.003810e+02  9.700220e+01
     vertex  3.152538e+01  1.004073e+02  9.300220e+01
     vertex  3.152538e+01  1.004073e+02  9.700220e+01
   endloop
 endfacet
 facet normal  6.173417e-01  7.866951e-01  0.000000e+00
   outer loop
     vertex  3.155884e+01  1.003810e+02  9.700220e+01
     vertex  3.155884e+01  1.003810e+02  9.300220e+01
     vertex  3.152538e+01  1.004073e+02  9.300220e+01
   endloop
 endfacet
 facet normal  5.955271e-01  8.033352e-01  2.803162e-19
   outer loop
     vertex  3.159300e+01  1.003557e+02  9.700220e+01
     vertex  3.155884e+01  1.003810e+02  9.300220e+01
     vertex  3.155884e+01  1.003810e+02  9.700220e+01
   endloop
 endfacet
 facet normal  5.955271e-01  8.033352e-01  0.000000e+00
   outer loop
     vertex  3.159300e+01  1.003557e+02  9.700220e+01
     vertex  3.159300e+01  1.003557e+02  9.300220e+01
     vertex  3.155884e+01  1.003810e+02  9.300220e+01
   endloop
 endfacet
 facet normal  5.732642e-01  8.193706e-01  1.562475e-19
   outer loop
     vertex  3.162785e+01  1.003313e+02  9.700220e+01
     vertex  3.159300e+01  1.003557e+02  9.300220e+01
     vertex  3.159300e+01  1.003557e+02  9.700220e+01
   endloop
 endfacet
 facet normal  5.732642e-01  8.193706e-01  0.000000e+00
   outer loop
     vertex  3.162785e+01  1.003313e+02  9.700220e+01
     vertex  3.162785e+01  1.003313e+02  9.300220e+01
     vertex  3.159300e+01  1.003557e+02  9.300220e+01
   endloop
 endfacet
 facet normal  5.505698e-01  8.347891e-01 -1.256960e-19
   outer loop
     vertex  3.166335e+01  1.003079e+02  9.700220e+01
     vertex  3.162785e+01  1.003313e+02  9.300220e+01
     vertex  3.162785e+01  1.003313e+02  9.700220e+01
   endloop
 endfacet
 facet normal  5.505698e-01  8.347891e-01  0.000000e+00
   outer loop
     vertex  3.166335e+01  1.003079e+02  9.700220e+01
     vertex  3.166335e+01  1.003079e+02  9.300220e+01
     vertex  3.162785e+01  1.003313e+02  9.300220e+01
   endloop
 endfacet
 facet normal  5.274609e-01  8.495793e-01  0.000000e+00
   outer loop
     vertex  3.166335e+01  1.003079e+02  9.700220e+01
     vertex  3.169948e+01  1.002855e+02  9.300220e+01
     vertex  3.166335e+01  1.003079e+02  9.300220e+01
   endloop
 endfacet
 facet normal  5.274609e-01  8.495793e-01  0.000000e+00
   outer loop
     vertex  3.169948e+01  1.002855e+02  9.700220e+01
     vertex  3.169948e+01  1.002855e+02  9.300220e+01
     vertex  3.166335e+01  1.003079e+02  9.700220e+01
   endloop
 endfacet
 facet normal  5.039550e-01  8.637299e-01 -1.471826e-19
   outer loop
     vertex  3.173621e+01  1.002640e+02  9.700220e+01
     vertex  3.169948e+01  1.002855e+02  9.300220e+01
     vertex  3.169948e+01  1.002855e+02  9.700220e+01
   endloop
 endfacet
 facet normal  5.039550e-01  8.637299e-01  0.000000e+00
   outer loop
     vertex  3.173621e+01  1.002640e+02  9.700220e+01
     vertex  3.173621e+01  1.002640e+02  9.300220e+01
     vertex  3.169948e+01  1.002855e+02  9.300220e+01
   endloop
 endfacet
 facet normal  4.800697e-01  8.772303e-01  9.932325e-20
   outer loop
     vertex  3.177351e+01  1.002436e+02  9.700220e+01
     vertex  3.173621e+01  1.002640e+02  9.300220e+01
     vertex  3.173621e+01  1.002640e+02  9.700220e+01
   endloop
 endfacet
 facet normal  4.800697e-01  8.772303e-01  0.000000e+00
   outer loop
     vertex  3.177351e+01  1.002436e+02  9.700220e+01
     vertex  3.177351e+01  1.002436e+02  9.300220e+01
     vertex  3.173621e+01  1.002640e+02  9.300220e+01
   endloop
 endfacet
 facet normal  4.558231e-01  8.900704e-01 -1.040971e-19
   outer loop
     vertex  3.181137e+01  1.002242e+02  9.700220e+01
     vertex  3.177351e+01  1.002436e+02  9.300220e+01
     vertex  3.177351e+01  1.002436e+02  9.700220e+01
   endloop
 endfacet
 facet normal  4.558231e-01  8.900704e-01  0.000000e+00
   outer loop
     vertex  3.181137e+01  1.002242e+02  9.700220e+01
     vertex  3.181137e+01  1.002242e+02  9.300220e+01
     vertex  3.177351e+01  1.002436e+02  9.300220e+01
   endloop
 endfacet
 facet normal  4.312333e-01  9.022405e-01 -1.038241e-19
   outer loop
     vertex  3.184974e+01  1.002059e+02  9.700220e+01
     vertex  3.181137e+01  1.002242e+02  9.300220e+01
     vertex  3.181137e+01  1.002242e+02  9.700220e+01
   endloop
 endfacet
 facet normal  4.312333e-01  9.022405e-01  0.000000e+00
   outer loop
     vertex  3.184974e+01  1.002059e+02  9.700220e+01
     vertex  3.184974e+01  1.002059e+02  9.300220e+01
     vertex  3.181137e+01  1.002242e+02  9.300220e+01
   endloop
 endfacet
 facet normal  4.063188e-01  9.137314e-01  4.944197e-20
   outer loop
     vertex  3.188859e+01  1.001886e+02  9.700220e+01
     vertex  3.184974e+01  1.002059e+02  9.300220e+01
     vertex  3.184974e+01  1.002059e+02  9.700220e+01
   endloop
 endfacet
 facet normal  4.063188e-01  9.137314e-01  0.000000e+00
   outer loop
     vertex  3.188859e+01  1.001886e+02  9.700220e+01
     vertex  3.188859e+01  1.001886e+02  9.300220e+01
     vertex  3.184974e+01  1.002059e+02  9.300220e+01
   endloop
 endfacet
 facet normal  3.810986e-01  9.245344e-01  0.000000e+00
   outer loop
     vertex  3.188859e+01  1.001886e+02  9.700220e+01
     vertex  3.192791e+01  1.001724e+02  9.300220e+01
     vertex  3.188859e+01  1.001886e+02  9.300220e+01
   endloop
 endfacet
 facet normal  3.810986e-01  9.245344e-01  0.000000e+00
   outer loop
     vertex  3.192791e+01  1.001724e+02  9.700220e+01
     vertex  3.192791e+01  1.001724e+02  9.300220e+01
     vertex  3.188859e+01  1.001886e+02  9.700220e+01
   endloop
 endfacet
 facet normal  3.555914e-01  9.346415e-01  0.000000e+00
   outer loop
     vertex  3.196766e+01  1.001573e+02  9.700220e+01
     vertex  3.196766e+01  1.001573e+02  9.300220e+01
     vertex  3.192791e+01  1.001724e+02  9.300220e+01
   endloop
 endfacet
 facet normal  3.555914e-01  9.346415e-01  1.218962e-19
   outer loop
     vertex  3.196766e+01  1.001573e+02  9.700220e+01
     vertex  3.192791e+01  1.001724e+02  9.300220e+01
     vertex  3.192791e+01  1.001724e+02  9.700220e+01
   endloop
 endfacet
 facet normal  3.298166e-01  9.440450e-01  0.000000e+00
   outer loop
     vertex  3.200781e+01  1.001433e+02  9.700220e+01
     vertex  3.200781e+01  1.001433e+02  9.300220e+01
     vertex  3.196766e+01  1.001573e+02  9.300220e+01
   endloop
 endfacet
 facet normal  3.298166e-01  9.440450e-01  2.893339e-19
   outer loop
     vertex  3.200781e+01  1.001433e+02  9.700220e+01
     vertex  3.196766e+01  1.001573e+02  9.300220e+01
     vertex  3.196766e+01  1.001573e+02  9.700220e+01
   endloop
 endfacet
 facet normal  3.037934e-01  9.527379e-01  0.000000e+00
   outer loop
     vertex  3.204832e+01  1.001303e+02  9.700220e+01
     vertex  3.204832e+01  1.001303e+02  9.300220e+01
     vertex  3.200781e+01  1.001433e+02  9.300220e+01
   endloop
 endfacet
 facet normal  3.037934e-01  9.527379e-01 -1.631275e-19
   outer loop
     vertex  3.204832e+01  1.001303e+02  9.700220e+01
     vertex  3.200781e+01  1.001433e+02  9.300220e+01
     vertex  3.200781e+01  1.001433e+02  9.700220e+01
   endloop
 endfacet
 facet normal  2.775416e-01  9.607136e-01  1.351826e-19
   outer loop
     vertex  3.208918e+01  1.001185e+02  9.700220e+01
     vertex  3.204832e+01  1.001303e+02  9.300220e+01
     vertex  3.204832e+01  1.001303e+02  9.700220e+01
   endloop
 endfacet
 facet normal  2.775416e-01  9.607136e-01  0.000000e+00
   outer loop
     vertex  3.208918e+01  1.001185e+02  9.700220e+01
     vertex  3.208918e+01  1.001185e+02  9.300220e+01
     vertex  3.204832e+01  1.001303e+02  9.300220e+01
   endloop
 endfacet
 facet normal  2.510809e-01  9.679661e-01  0.000000e+00
   outer loop
     vertex  3.208918e+01  1.001185e+02  9.700220e+01
     vertex  3.213034e+01  1.001079e+02  9.300220e+01
     vertex  3.208918e+01  1.001185e+02  9.300220e+01
   endloop
 endfacet
 facet normal  2.510809e-01  9.679661e-01  0.000000e+00
   outer loop
     vertex  3.213034e+01  1.001079e+02  9.700220e+01
     vertex  3.213034e+01  1.001079e+02  9.300220e+01
     vertex  3.208918e+01  1.001185e+02  9.700220e+01
   endloop
 endfacet
 facet normal  2.244312e-01  9.744899e-01  6.260945e-20
   outer loop
     vertex  3.217179e+01  1.000983e+02  9.700220e+01
     vertex  3.213034e+01  1.001079e+02  9.300220e+01
     vertex  3.213034e+01  1.001079e+02  9.700220e+01
   endloop
 endfacet
 facet normal  2.244312e-01  9.744899e-01  0.000000e+00
   outer loop
     vertex  3.217179e+01  1.000983e+02  9.700220e+01
     vertex  3.217179e+01  1.000983e+02  9.300220e+01
     vertex  3.213034e+01  1.001079e+02  9.300220e+01
   endloop
 endfacet
 facet normal  1.976125e-01  9.802802e-01  0.000000e+00
   outer loop
     vertex  3.217179e+01  1.000983e+02  9.700220e+01
     vertex  3.221347e+01  1.000899e+02  9.300220e+01
     vertex  3.217179e+01  1.000983e+02  9.300220e+01
   endloop
 endfacet
 facet normal  1.976125e-01  9.802802e-01  0.000000e+00
   outer loop
     vertex  3.221347e+01  1.000899e+02  9.700220e+01
     vertex  3.221347e+01  1.000899e+02  9.300220e+01
     vertex  3.217179e+01  1.000983e+02  9.700220e+01
   endloop
 endfacet
 facet normal  1.706451e-01  9.853326e-01  1.584080e-19
   outer loop
     vertex  3.225538e+01  1.000826e+02  9.700220e+01
     vertex  3.221347e+01  1.000899e+02  9.300220e+01
     vertex  3.221347e+01  1.000899e+02  9.700220e+01
   endloop
 endfacet
 facet normal  1.706451e-01  9.853326e-01  0.000000e+00
   outer loop
     vertex  3.225538e+01  1.000826e+02  9.700220e+01
     vertex  3.225538e+01  1.000826e+02  9.300220e+01
     vertex  3.221347e+01  1.000899e+02  9.300220e+01
   endloop
 endfacet
 facet normal  1.435492e-01  9.896432e-01  0.000000e+00
   outer loop
     vertex  3.225538e+01  1.000826e+02  9.700220e+01
     vertex  3.229746e+01  1.000765e+02  9.300220e+01
     vertex  3.225538e+01  1.000826e+02  9.300220e+01
   endloop
 endfacet
 facet normal  1.435492e-01  9.896432e-01  0.000000e+00
   outer loop
     vertex  3.229746e+01  1.000765e+02  9.700220e+01
     vertex  3.229746e+01  1.000765e+02  9.300220e+01
     vertex  3.225538e+01  1.000826e+02  9.700220e+01
   endloop
 endfacet
 facet normal  1.163452e-01  9.932088e-01  2.258831e-20
   outer loop
     vertex  3.233970e+01  1.000716e+02  9.700220e+01
     vertex  3.229746e+01  1.000765e+02  9.300220e+01
     vertex  3.229746e+01  1.000765e+02  9.700220e+01
   endloop
 endfacet
 facet normal  1.163452e-01  9.932088e-01  0.000000e+00
   outer loop
     vertex  3.233970e+01  1.000716e+02  9.700220e+01
     vertex  3.233970e+01  1.000716e+02  9.300220e+01
     vertex  3.229746e+01  1.000765e+02  9.300220e+01
   endloop
 endfacet
 facet normal  8.905371e-02  9.960268e-01  1.599032e-20
   outer loop
     vertex  3.238206e+01  1.000678e+02  9.700220e+01
     vertex  3.233970e+01  1.000716e+02  9.300220e+01
     vertex  3.233970e+01  1.000716e+02  9.700220e+01
   endloop
 endfacet
 facet normal  8.905371e-02  9.960268e-01  0.000000e+00
   outer loop
     vertex  3.238206e+01  1.000678e+02  9.700220e+01
     vertex  3.238206e+01  1.000678e+02  9.300220e+01
     vertex  3.233970e+01  1.000716e+02  9.300220e+01
   endloop
 endfacet
 facet normal  6.169515e-02  9.980950e-01 -1.351856e-20
   outer loop
     vertex  3.242450e+01  1.000652e+02  9.700220e+01
     vertex  3.238206e+01  1.000678e+02  9.300220e+01
     vertex  3.238206e+01  1.000678e+02  9.700220e+01
   endloop
 endfacet
 facet normal  6.169515e-02  9.980950e-01  0.000000e+00
   outer loop
     vertex  3.242450e+01  1.000652e+02  9.700220e+01
     vertex  3.242450e+01  1.000652e+02  9.300220e+01
     vertex  3.238206e+01  1.000678e+02  9.300220e+01
   endloop
 endfacet
 facet normal  3.429014e-02  9.994119e-01  3.538555e-20
   outer loop
     vertex  3.246701e+01  1.000637e+02  9.700220e+01
     vertex  3.242450e+01  1.000652e+02  9.300220e+01
     vertex  3.242450e+01  1.000652e+02  9.700220e+01
   endloop
 endfacet
 facet normal  3.429014e-02  9.994119e-01  0.000000e+00
   outer loop
     vertex  3.246701e+01  1.000637e+02  9.700220e+01
     vertex  3.246701e+01  1.000637e+02  9.300220e+01
     vertex  3.242450e+01  1.000652e+02  9.300220e+01
   endloop
 endfacet
 facet normal  6.859319e-03  9.999765e-01  0.000000e+00
   outer loop
     vertex  3.246701e+01  1.000637e+02  9.700220e+01
     vertex  3.250953e+01  1.000634e+02  9.300220e+01
     vertex  3.246701e+01  1.000637e+02  9.300220e+01
   endloop
 endfacet
 facet normal  6.859319e-03  9.999765e-01  0.000000e+00
   outer loop
     vertex  3.250953e+01  1.000634e+02  9.700220e+01
     vertex  3.250953e+01  1.000634e+02  9.300220e+01
     vertex  3.246701e+01  1.000637e+02  9.700220e+01
   endloop
 endfacet
 facet normal -2.057667e-02  9.997883e-01  1.226977e-20
   outer loop
     vertex  3.255205e+01  1.000643e+02  9.700220e+01
     vertex  3.250953e+01  1.000634e+02  9.300220e+01
     vertex  3.250953e+01  1.000634e+02  9.700220e+01
   endloop
 endfacet
 facet normal -2.057667e-02  9.997883e-01  0.000000e+00
   outer loop
     vertex  3.255205e+01  1.000643e+02  9.700220e+01
     vertex  3.255205e+01  1.000643e+02  9.300220e+01
     vertex  3.250953e+01  1.000634e+02  9.300220e+01
   endloop
 endfacet
 facet normal -4.799716e-02  9.988475e-01  0.000000e+00
   outer loop
     vertex  3.259453e+01  1.000664e+02  9.700220e+01
     vertex  3.259453e+01  1.000664e+02  9.300220e+01
     vertex  3.255205e+01  1.000643e+02  9.300220e+01
   endloop
 endfacet
 facet normal -7.538152e-02  9.971548e-01  0.000000e+00
   outer loop
     vertex  3.259453e+01  1.000664e+02  9.700220e+01
     vertex  3.263693e+01  1.000696e+02  9.300220e+01
     vertex  3.259453e+01  1.000664e+02  9.300220e+01
   endloop
 endfacet
 facet normal -4.799716e-02  9.988475e-01 -3.174113e-20
   outer loop
     vertex  3.259453e+01  1.000664e+02  9.700220e+01
     vertex  3.255205e+01  1.000643e+02  9.300220e+01
     vertex  3.255205e+01  1.000643e+02  9.700220e+01
   endloop
 endfacet
 facet normal -7.538152e-02  9.971548e-01  0.000000e+00
   outer loop
     vertex  3.263693e+01  1.000696e+02  9.700220e+01
     vertex  3.263693e+01  1.000696e+02  9.300220e+01
     vertex  3.259453e+01  1.000664e+02  9.700220e+01
   endloop
 endfacet
 facet normal -1.027091e-01  9.947114e-01  0.000000e+00
   outer loop
     vertex  3.267924e+01  1.000739e+02  9.700220e+01
     vertex  3.267924e+01  1.000739e+02  9.300220e+01
     vertex  3.263693e+01  1.000696e+02  9.300220e+01
   endloop
 endfacet
 facet normal -1.027091e-01  9.947114e-01  4.777871e-20
   outer loop
     vertex  3.267924e+01  1.000739e+02  9.700220e+01
     vertex  3.263693e+01  1.000696e+02  9.300220e+01
     vertex  3.263693e+01  1.000696e+02  9.700220e+01
   endloop
 endfacet
 facet normal -1.299594e-01  9.915193e-01  0.000000e+00
   outer loop
     vertex  3.272140e+01  1.000795e+02  9.700220e+01
     vertex  3.272140e+01  1.000795e+02  9.300220e+01
     vertex  3.267924e+01  1.000739e+02  9.300220e+01
   endloop
 endfacet
 facet normal -1.299594e-01  9.915193e-01  6.764660e-20
   outer loop
     vertex  3.272140e+01  1.000795e+02  9.700220e+01
     vertex  3.267924e+01  1.000739e+02  9.300220e+01
     vertex  3.267924e+01  1.000739e+02  9.700220e+01
   endloop
 endfacet
 facet normal -1.571119e-01  9.875808e-01  0.000000e+00
   outer loop
     vertex  3.276340e+01  1.000861e+02  9.700220e+01
     vertex  3.276340e+01  1.000861e+02  9.300220e+01
     vertex  3.272140e+01  1.000795e+02  9.300220e+01
   endloop
 endfacet
 facet normal -1.571119e-01  9.875808e-01  2.243538e-20
   outer loop
     vertex  3.276340e+01  1.000861e+02  9.700220e+01
     vertex  3.272140e+01  1.000795e+02  9.300220e+01
     vertex  3.272140e+01  1.000795e+02  9.700220e+01
   endloop
 endfacet
 facet normal -1.841461e-01  9.828989e-01  0.000000e+00
   outer loop
     vertex  3.280520e+01  1.000940e+02  9.700220e+01
     vertex  3.280520e+01  1.000940e+02  9.300220e+01
     vertex  3.276340e+01  1.000861e+02  9.300220e+01
   endloop
 endfacet
 facet normal -1.841461e-01  9.828989e-01 -1.008562e-19
   outer loop
     vertex  3.280520e+01  1.000940e+02  9.700220e+01
     vertex  3.276340e+01  1.000861e+02  9.300220e+01
     vertex  3.276340e+01  1.000861e+02  9.700220e+01
   endloop
 endfacet
 facet normal -2.110417e-01  9.774771e-01  0.000000e+00
   outer loop
     vertex  3.284677e+01  1.001029e+02  9.700220e+01
     vertex  3.284677e+01  1.001029e+02  9.300220e+01
     vertex  3.280520e+01  1.000940e+02  9.300220e+01
   endloop
 endfacet
 facet normal -2.110417e-01  9.774771e-01  1.440788e-19
   outer loop
     vertex  3.284677e+01  1.001029e+02  9.700220e+01
     vertex  3.280520e+01  1.000940e+02  9.300220e+01
     vertex  3.280520e+01  1.000940e+02  9.700220e+01
   endloop
 endfacet
 facet normal -2.377784e-01  9.713194e-01  0.000000e+00
   outer loop
     vertex  3.288808e+01  1.001131e+02  9.700220e+01
     vertex  3.288808e+01  1.001131e+02  9.300220e+01
     vertex  3.284677e+01  1.001029e+02  9.300220e+01
   endloop
 endfacet
 facet normal -2.643362e-01  9.644306e-01  0.000000e+00
   outer loop
     vertex  3.288808e+01  1.001131e+02  9.700220e+01
     vertex  3.292909e+01  1.001243e+02  9.300220e+01
     vertex  3.288808e+01  1.001131e+02  9.300220e+01
   endloop
 endfacet
 facet normal -2.377784e-01  9.713194e-01 -1.098318e-19
   outer loop
     vertex  3.288808e+01  1.001131e+02  9.700220e+01
     vertex  3.284677e+01  1.001029e+02  9.300220e+01
     vertex  3.284677e+01  1.001029e+02  9.700220e+01
   endloop
 endfacet
 facet normal -2.643362e-01  9.644306e-01  0.000000e+00
   outer loop
     vertex  3.292909e+01  1.001243e+02  9.700220e+01
     vertex  3.292909e+01  1.001243e+02  9.300220e+01
     vertex  3.288808e+01  1.001131e+02  9.700220e+01
   endloop
 endfacet
 facet normal -2.906949e-01  9.568158e-01  0.000000e+00
   outer loop
     vertex  3.296978e+01  1.001367e+02  9.700220e+01
     vertex  3.296978e+01  1.001367e+02  9.300220e+01
     vertex  3.292909e+01  1.001243e+02  9.300220e+01
   endloop
 endfacet
 facet normal -3.168348e-01  9.484807e-01  0.000000e+00
   outer loop
     vertex  3.296978e+01  1.001367e+02  9.700220e+01
     vertex  3.301012e+01  1.001501e+02  9.300220e+01
     vertex  3.296978e+01  1.001367e+02  9.300220e+01
   endloop
 endfacet
 facet normal -2.906949e-01  9.568158e-01 -3.571238e-20
   outer loop
     vertex  3.296978e+01  1.001367e+02  9.700220e+01
     vertex  3.292909e+01  1.001243e+02  9.300220e+01
     vertex  3.292909e+01  1.001243e+02  9.700220e+01
   endloop
 endfacet
 facet normal -3.168348e-01  9.484807e-01  0.000000e+00
   outer loop
     vertex  3.301012e+01  1.001501e+02  9.700220e+01
     vertex  3.301012e+01  1.001501e+02  9.300220e+01
     vertex  3.296978e+01  1.001367e+02  9.700220e+01
   endloop
 endfacet
 facet normal -3.427362e-01  9.394317e-01  0.000000e+00
   outer loop
     vertex  3.305007e+01  1.001647e+02  9.700220e+01
     vertex  3.305007e+01  1.001647e+02  9.300220e+01
     vertex  3.301012e+01  1.001501e+02  9.300220e+01
   endloop
 endfacet
 facet normal -3.427362e-01  9.394317e-01  3.042420e-19
   outer loop
     vertex  3.305007e+01  1.001647e+02  9.700220e+01
     vertex  3.301012e+01  1.001501e+02  9.300220e+01
     vertex  3.301012e+01  1.001501e+02  9.700220e+01
   endloop
 endfacet
 facet normal -3.683796e-01  9.296754e-01  0.000000e+00
   outer loop
     vertex  3.308960e+01  1.001804e+02  9.700220e+01
     vertex  3.308960e+01  1.001804e+02  9.300220e+01
     vertex  3.305007e+01  1.001647e+02  9.300220e+01
   endloop
 endfacet
 facet normal -3.683796e-01  9.296754e-01  1.143473e-19
   outer loop
     vertex  3.308960e+01  1.001804e+02  9.700220e+01
     vertex  3.305007e+01  1.001647e+02  9.300220e+01
     vertex  3.305007e+01  1.001647e+02  9.700220e+01
   endloop
 endfacet
 facet normal -3.937458e-01  9.192194e-01  9.435374e-20
   outer loop
     vertex  3.312869e+01  1.001971e+02  9.700220e+01
     vertex  3.308960e+01  1.001804e+02  9.300220e+01
     vertex  3.308960e+01  1.001804e+02  9.700220e+01
   endloop
 endfacet
 facet normal -3.937458e-01  9.192194e-01  0.000000e+00
   outer loop
     vertex  3.312869e+01  1.001971e+02  9.700220e+01
     vertex  3.312869e+01  1.001971e+02  9.300220e+01
     vertex  3.308960e+01  1.001804e+02  9.300220e+01
   endloop
 endfacet
 facet normal -4.188155e-01  9.080714e-01  2.637359e-19
   outer loop
     vertex  3.316731e+01  1.002149e+02  9.700220e+01
     vertex  3.312869e+01  1.001971e+02  9.300220e+01
     vertex  3.312869e+01  1.001971e+02  9.700220e+01
   endloop
 endfacet
 facet normal -4.188155e-01  9.080714e-01  0.000000e+00
   outer loop
     vertex  3.316731e+01  1.002149e+02  9.700220e+01
     vertex  3.316731e+01  1.002149e+02  9.300220e+01
     vertex  3.312869e+01  1.001971e+02  9.300220e+01
   endloop
 endfacet
 facet normal -4.435699e-01  8.962398e-01 -1.565861e-19
   outer loop
     vertex  3.320543e+01  1.002338e+02  9.700220e+01
     vertex  3.316731e+01  1.002149e+02  9.300220e+01
     vertex  3.316731e+01  1.002149e+02  9.700220e+01
   endloop
 endfacet
 facet normal -4.435699e-01  8.962398e-01  0.000000e+00
   outer loop
     vertex  3.320543e+01  1.002338e+02  9.700220e+01
     vertex  3.320543e+01  1.002338e+02  9.300220e+01
     vertex  3.316731e+01  1.002149e+02  9.300220e+01
   endloop
 endfacet
 facet normal -4.679904e-01  8.837335e-01 -1.825991e-19
   outer loop
     vertex  3.324301e+01  1.002537e+02  9.700220e+01
     vertex  3.320543e+01  1.002338e+02  9.300220e+01
     vertex  3.320543e+01  1.002338e+02  9.700220e+01
   endloop
 endfacet
 facet normal -4.679904e-01  8.837335e-01  0.000000e+00
   outer loop
     vertex  3.324301e+01  1.002537e+02  9.700220e+01
     vertex  3.324301e+01  1.002537e+02  9.300220e+01
     vertex  3.320543e+01  1.002338e+02  9.300220e+01
   endloop
 endfacet
 facet normal -4.920587e-01  8.705620e-01  0.000000e+00
   outer loop
     vertex  3.324301e+01  1.002537e+02  9.700220e+01
     vertex  3.328003e+01  1.002746e+02  9.300220e+01
     vertex  3.324301e+01  1.002537e+02  9.300220e+01
   endloop
 endfacet
 facet normal -4.920587e-01  8.705620e-01  0.000000e+00
   outer loop
     vertex  3.328003e+01  1.002746e+02  9.700220e+01
     vertex  3.328003e+01  1.002746e+02  9.300220e+01
     vertex  3.324301e+01  1.002537e+02  9.700220e+01
   endloop
 endfacet
 facet normal -5.157565e-01  8.567352e-01  0.000000e+00
   outer loop
     vertex  3.331646e+01  1.002966e+02  9.700220e+01
     vertex  3.331646e+01  1.002966e+02  9.300220e+01
     vertex  3.328003e+01  1.002746e+02  9.300220e+01
   endloop
 endfacet
 facet normal -5.157565e-01  8.567352e-01 -1.026873e-19
   outer loop
     vertex  3.331646e+01  1.002966e+02  9.700220e+01
     vertex  3.328003e+01  1.002746e+02  9.300220e+01
     vertex  3.328003e+01  1.002746e+02  9.700220e+01
   endloop
 endfacet
 facet normal -5.390661e-01  8.422635e-01  0.000000e+00
   outer loop
     vertex  3.335228e+01  1.003195e+02  9.700220e+01
     vertex  3.335228e+01  1.003195e+02  9.300220e+01
     vertex  3.331646e+01  1.002966e+02  9.300220e+01
   endloop
 endfacet
 facet normal -5.390661e-01  8.422635e-01  1.202382e-20
   outer loop
     vertex  3.335228e+01  1.003195e+02  9.700220e+01
     vertex  3.331646e+01  1.002966e+02  9.300220e+01
     vertex  3.331646e+01  1.002966e+02  9.700220e+01
   endloop
 endfacet
 facet normal -5.619699e-01  8.271577e-01  0.000000e+00
   outer loop
     vertex  3.338746e+01  1.003434e+02  9.700220e+01
     vertex  3.338746e+01  1.003434e+02  9.300220e+01
     vertex  3.335228e+01  1.003195e+02  9.300220e+01
   endloop
 endfacet
 facet normal -5.844507e-01  8.114292e-01  0.000000e+00
   outer loop
     vertex  3.338746e+01  1.003434e+02  9.700220e+01
     vertex  3.342197e+01  1.003682e+02  9.300220e+01
     vertex  3.338746e+01  1.003434e+02  9.300220e+01
   endloop
 endfacet
 facet normal -5.619699e-01  8.271577e-01  1.678093e-19
   outer loop
     vertex  3.338746e+01  1.003434e+02  9.700220e+01
     vertex  3.335228e+01  1.003195e+02  9.300220e+01
     vertex  3.335228e+01  1.003195e+02  9.700220e+01
   endloop
 endfacet
 facet normal -5.844507e-01  8.114292e-01  0.000000e+00
   outer loop
     vertex  3.342197e+01  1.003682e+02  9.700220e+01
     vertex  3.342197e+01  1.003682e+02  9.300220e+01
     vertex  3.338746e+01  1.003434e+02  9.700220e+01
   endloop
 endfacet
 facet normal -6.064915e-01  7.950900e-01  0.000000e+00
   outer loop
     vertex  3.345578e+01  1.003940e+02  9.700220e+01
     vertex  3.345578e+01  1.003940e+02  9.300220e+01
     vertex  3.342197e+01  1.003682e+02  9.300220e+01
   endloop
 endfacet
 facet normal -6.064915e-01  7.950900e-01 -2.154978e-19
   outer loop
     vertex  3.345578e+01  1.003940e+02  9.700220e+01
     vertex  3.342197e+01  1.003682e+02  9.300220e+01
     vertex  3.342197e+01  1.003682e+02  9.700220e+01
   endloop
 endfacet
 facet normal -6.280757e-01  7.781522e-01  0.000000e+00
   outer loop
     vertex  3.348887e+01  1.004207e+02  9.700220e+01
     vertex  3.348887e+01  1.004207e+02  9.300220e+01
     vertex  3.345578e+01  1.003940e+02  9.300220e+01
   endloop
 endfacet
 facet normal -6.280757e-01  7.781522e-01 -1.578071e-20
   outer loop
     vertex  3.348887e+01  1.004207e+02  9.700220e+01
     vertex  3.345578e+01  1.003940e+02  9.300220e+01
     vertex  3.345578e+01  1.003940e+02  9.700220e+01
   endloop
 endfacet
 facet normal -6.491872e-01  7.606287e-01  0.000000e+00
   outer loop
     vertex  3.352122e+01  1.004483e+02  9.700220e+01
     vertex  3.352122e+01  1.004483e+02  9.300220e+01
     vertex  3.348887e+01  1.004207e+02  9.300220e+01
   endloop
 endfacet
 facet normal -6.491872e-01  7.606287e-01  5.283499e-20
   outer loop
     vertex  3.352122e+01  1.004483e+02  9.700220e+01
     vertex  3.348887e+01  1.004207e+02  9.300220e+01
     vertex  3.348887e+01  1.004207e+02  9.700220e+01
   endloop
 endfacet
 facet normal -6.698100e-01  7.425325e-01  0.000000e+00
   outer loop
     vertex  3.355280e+01  1.004768e+02  9.700220e+01
     vertex  3.355280e+01  1.004768e+02  9.300220e+01
     vertex  3.352122e+01  1.004483e+02  9.300220e+01
   endloop
 endfacet
 facet normal -6.698100e-01  7.425325e-01 -8.445321e-20
   outer loop
     vertex  3.355280e+01  1.004768e+02  9.700220e+01
     vertex  3.352122e+01  1.004483e+02  9.300220e+01
     vertex  3.352122e+01  1.004483e+02  9.700220e+01
   endloop
 endfacet
 facet normal -6.899286e-01  7.238775e-01  0.000000e+00
   outer loop
     vertex  3.358358e+01  1.005062e+02  9.700220e+01
     vertex  3.358358e+01  1.005062e+02  9.300220e+01
     vertex  3.355280e+01  1.004768e+02  9.300220e+01
   endloop
 endfacet
 facet normal -7.095278e-01  7.046775e-01  0.000000e+00
   outer loop
     vertex  3.358358e+01  1.005062e+02  9.700220e+01
     vertex  3.361355e+01  1.005363e+02  9.300220e+01
     vertex  3.358358e+01  1.005062e+02  9.300220e+01
   endloop
 endfacet
 facet normal -6.899286e-01  7.238775e-01  1.974060e-19
   outer loop
     vertex  3.358358e+01  1.005062e+02  9.700220e+01
     vertex  3.355280e+01  1.004768e+02  9.300220e+01
     vertex  3.355280e+01  1.004768e+02  9.700220e+01
   endloop
 endfacet
 facet normal -7.095278e-01  7.046775e-01  0.000000e+00
   outer loop
     vertex  3.361355e+01  1.005363e+02  9.700220e+01
     vertex  3.361355e+01  1.005363e+02  9.300220e+01
     vertex  3.358358e+01  1.005062e+02  9.700220e+01
   endloop
 endfacet
 facet normal -7.285929e-01  6.849470e-01  0.000000e+00
   outer loop
     vertex  3.364268e+01  1.005673e+02  9.700220e+01
     vertex  3.364268e+01  1.005673e+02  9.300220e+01
     vertex  3.361355e+01  1.005363e+02  9.300220e+01
   endloop
 endfacet
 facet normal -7.471095e-01  6.647010e-01  0.000000e+00
   outer loop
     vertex  3.364268e+01  1.005673e+02  9.700220e+01
     vertex  3.367094e+01  1.005991e+02  9.300220e+01
     vertex  3.364268e+01  1.005673e+02  9.300220e+01
   endloop
 endfacet
 facet normal -7.285929e-01  6.849470e-01  3.007618e-21
   outer loop
     vertex  3.364268e+01  1.005673e+02  9.700220e+01
     vertex  3.361355e+01  1.005363e+02  9.300220e+01
     vertex  3.361355e+01  1.005363e+02  9.700220e+01
   endloop
 endfacet
 facet normal -7.471095e-01  6.647010e-01  0.000000e+00
   outer loop
     vertex  3.367094e+01  1.005991e+02  9.700220e+01
     vertex  3.367094e+01  1.005991e+02  9.300220e+01
     vertex  3.364268e+01  1.005673e+02  9.700220e+01
   endloop
 endfacet
 facet normal -7.650637e-01  6.439545e-01  0.000000e+00
   outer loop
     vertex  3.369833e+01  1.006316e+02  9.700220e+01
     vertex  3.369833e+01  1.006316e+02  9.300220e+01
     vertex  3.367094e+01  1.005991e+02  9.300220e+01
   endloop
 endfacet
 facet normal -7.650637e-01  6.439545e-01  2.991394e-19
   outer loop
     vertex  3.369833e+01  1.006316e+02  9.700220e+01
     vertex  3.367094e+01  1.005991e+02  9.300220e+01
     vertex  3.367094e+01  1.005991e+02  9.700220e+01
   endloop
 endfacet
 facet normal -7.824421e-01  6.227234e-01  0.000000e+00
   outer loop
     vertex  3.372481e+01  1.006649e+02  9.700220e+01
     vertex  3.372481e+01  1.006649e+02  9.300220e+01
     vertex  3.369833e+01  1.006316e+02  9.300220e+01
   endloop
 endfacet
 facet normal -7.824421e-01  6.227234e-01 -1.091472e-19
   outer loop
     vertex  3.372481e+01  1.006649e+02  9.700220e+01
     vertex  3.369833e+01  1.006316e+02  9.300220e+01
     vertex  3.369833e+01  1.006316e+02  9.700220e+01
   endloop
 endfacet
 facet normal -7.992314e-01  6.010234e-01  0.000000e+00
   outer loop
     vertex  3.375037e+01  1.006989e+02  9.700220e+01
     vertex  3.375037e+01  1.006989e+02  9.300220e+01
     vertex  3.372481e+01  1.006649e+02  9.300220e+01
   endloop
 endfacet
 facet normal -8.154191e-01  5.788711e-01  0.000000e+00
   outer loop
     vertex  3.375037e+01  1.006989e+02  9.700220e+01
     vertex  3.377499e+01  1.007336e+02  9.300220e+01
     vertex  3.375037e+01  1.006989e+02  9.300220e+01
   endloop
 endfacet
 facet normal -7.992314e-01  6.010234e-01 -1.897653e-19
   outer loop
     vertex  3.375037e+01  1.006989e+02  9.700220e+01
     vertex  3.372481e+01  1.006649e+02  9.300220e+01
     vertex  3.372481e+01  1.006649e+02  9.700220e+01
   endloop
 endfacet
 facet normal -8.309929e-01  5.562829e-01  0.000000e+00
   outer loop
     vertex  3.377499e+01  1.007336e+02  9.700220e+01
     vertex  3.379865e+01  1.007689e+02  9.300220e+01
     vertex  3.377499e+01  1.007336e+02  9.300220e+01
   endloop
 endfacet
 facet normal -8.154191e-01  5.788711e-01  0.000000e+00
   outer loop
     vertex  3.377499e+01  1.007336e+02  9.700220e+01
     vertex  3.377499e+01  1.007336e+02  9.300220e+01
     vertex  3.375037e+01  1.006989e+02  9.700220e+01
   endloop
 endfacet
 facet normal -8.309929e-01  5.562829e-01  0.000000e+00
   outer loop
     vertex  3.379865e+01  1.007689e+02  9.700220e+01
     vertex  3.379865e+01  1.007689e+02  9.300220e+01
     vertex  3.377499e+01  1.007336e+02  9.700220e+01
   endloop
 endfacet
 facet normal -8.459413e-01  5.332761e-01  0.000000e+00
   outer loop
     vertex  3.382132e+01  1.008049e+02  9.700220e+01
     vertex  3.382132e+01  1.008049e+02  9.300220e+01
     vertex  3.379865e+01  1.007689e+02  9.300220e+01
   endloop
 endfacet
 facet normal -8.459413e-01  5.332761e-01 -2.303017e-19
   outer loop
     vertex  3.382132e+01  1.008049e+02  9.700220e+01
     vertex  3.379865e+01  1.007689e+02  9.300220e+01
     vertex  3.379865e+01  1.007689e+02  9.700220e+01
   endloop
 endfacet
 facet normal -8.602528e-01  5.098678e-01  0.000000e+00
   outer loop
     vertex  3.384301e+01  1.008415e+02  9.700220e+01
     vertex  3.384301e+01  1.008415e+02  9.300220e+01
     vertex  3.382132e+01  1.008049e+02  9.300220e+01
   endloop
 endfacet
 facet normal -8.602528e-01  5.098678e-01 -3.264105e-20
   outer loop
     vertex  3.384301e+01  1.008415e+02  9.700220e+01
     vertex  3.382132e+01  1.008049e+02  9.300220e+01
     vertex  3.382132e+01  1.008049e+02  9.700220e+01
   endloop
 endfacet
 facet normal -8.739167e-01  4.860756e-01  0.000000e+00
   outer loop
     vertex  3.386368e+01  1.008786e+02  9.700220e+01
     vertex  3.386368e+01  1.008786e+02  9.300220e+01
     vertex  3.384301e+01  1.008415e+02  9.300220e+01
   endloop
 endfacet
 facet normal -8.739167e-01  4.860756e-01 -1.661279e-19
   outer loop
     vertex  3.386368e+01  1.008786e+02  9.700220e+01
     vertex  3.384301e+01  1.008415e+02  9.300220e+01
     vertex  3.384301e+01  1.008415e+02  9.700220e+01
   endloop
 endfacet
 facet normal -8.869228e-01  4.619176e-01 -4.226049e-21
   outer loop
     vertex  3.388332e+01  1.009164e+02  9.700220e+01
     vertex  3.386368e+01  1.008786e+02  9.300220e+01
     vertex  3.386368e+01  1.008786e+02  9.700220e+01
   endloop
 endfacet
 facet normal -8.869228e-01  4.619176e-01  0.000000e+00
   outer loop
     vertex  3.388332e+01  1.009164e+02  9.700220e+01
     vertex  3.388332e+01  1.009164e+02  9.300220e+01
     vertex  3.386368e+01  1.008786e+02  9.300220e+01
   endloop
 endfacet
 facet normal -8.992613e-01  4.374119e-01  0.000000e+00
   outer loop
     vertex  3.388332e+01  1.009164e+02  9.700220e+01
     vertex  3.390192e+01  1.009546e+02  9.300220e+01
     vertex  3.388332e+01  1.009164e+02  9.300220e+01
   endloop
 endfacet
 facet normal -8.992613e-01  4.374119e-01  0.000000e+00
   outer loop
     vertex  3.390192e+01  1.009546e+02  9.700220e+01
     vertex  3.390192e+01  1.009546e+02  9.300220e+01
     vertex  3.388332e+01  1.009164e+02  9.700220e+01
   endloop
 endfacet
 facet normal -9.109228e-01  4.125769e-01  8.970378e-20
   outer loop
     vertex  3.391947e+01  1.009933e+02  9.700220e+01
     vertex  3.390192e+01  1.009546e+02  9.300220e+01
     vertex  3.390192e+01  1.009546e+02  9.700220e+01
   endloop
 endfacet
 facet normal -9.109228e-01  4.125769e-01  0.000000e+00
   outer loop
     vertex  3.391947e+01  1.009933e+02  9.700220e+01
     vertex  3.391947e+01  1.009933e+02  9.300220e+01
     vertex  3.390192e+01  1.009546e+02  9.300220e+01
   endloop
 endfacet
 facet normal -9.218986e-01  3.874313e-01  0.000000e+00
   outer loop
     vertex  3.391947e+01  1.009933e+02  9.700220e+01
     vertex  3.393595e+01  1.010325e+02  9.300220e+01
     vertex  3.391947e+01  1.009933e+02  9.300220e+01
   endloop
 endfacet
 facet normal -9.218986e-01  3.874313e-01  0.000000e+00
   outer loop
     vertex  3.393595e+01  1.010325e+02  9.700220e+01
     vertex  3.393595e+01  1.010325e+02  9.300220e+01
     vertex  3.391947e+01  1.009933e+02  9.700220e+01
   endloop
 endfacet
 facet normal -9.321804e-01  3.619940e-01  0.000000e+00
   outer loop
     vertex  3.395134e+01  1.010722e+02  9.700220e+01
     vertex  3.395134e+01  1.010722e+02  9.300220e+01
     vertex  3.393595e+01  1.010325e+02  9.300220e+01
   endloop
 endfacet
 facet normal -9.417605e-01  3.362843e-01  0.000000e+00
   outer loop
     vertex  3.395134e+01  1.010722e+02  9.700220e+01
     vertex  3.396564e+01  1.011122e+02  9.300220e+01
     vertex  3.395134e+01  1.010722e+02  9.300220e+01
   endloop
 endfacet
 facet normal -9.321804e-01  3.619940e-01  7.665266e-20
   outer loop
     vertex  3.395134e+01  1.010722e+02  9.700220e+01
     vertex  3.393595e+01  1.010325e+02  9.300220e+01
     vertex  3.393595e+01  1.010325e+02  9.700220e+01
   endloop
 endfacet
 facet normal -9.417605e-01  3.362843e-01  0.000000e+00
   outer loop
     vertex  3.396564e+01  1.011122e+02  9.700220e+01
     vertex  3.396564e+01  1.011122e+02  9.300220e+01
     vertex  3.395134e+01  1.010722e+02  9.700220e+01
   endloop
 endfacet
 facet normal -9.506317e-01  3.103214e-01  6.378417e-20
   outer loop
     vertex  3.397884e+01  1.011527e+02  9.700220e+01
     vertex  3.396564e+01  1.011122e+02  9.300220e+01
     vertex  3.396564e+01  1.011122e+02  9.700220e+01
   endloop
 endfacet
 facet normal -9.506317e-01  3.103214e-01  0.000000e+00
   outer loop
     vertex  3.397884e+01  1.011527e+02  9.700220e+01
     vertex  3.397884e+01  1.011527e+02  9.300220e+01
     vertex  3.396564e+01  1.011122e+02  9.300220e+01
   endloop
 endfacet
 facet normal -9.587873e-01  2.841250e-01  0.000000e+00
   outer loop
     vertex  3.397884e+01  1.011527e+02  9.700220e+01
     vertex  3.399092e+01  1.011934e+02  9.300220e+01
     vertex  3.397884e+01  1.011527e+02  9.300220e+01
   endloop
 endfacet
 facet normal -9.587873e-01  2.841250e-01  0.000000e+00
   outer loop
     vertex  3.399092e+01  1.011934e+02  9.700220e+01
     vertex  3.399092e+01  1.011934e+02  9.300220e+01
     vertex  3.397884e+01  1.011527e+02  9.700220e+01
   endloop
 endfacet
 facet normal -9.662211e-01  2.577146e-01  1.386123e-19
   outer loop
     vertex  3.400188e+01  1.012345e+02  9.700220e+01
     vertex  3.399092e+01  1.011934e+02  9.300220e+01
     vertex  3.399092e+01  1.011934e+02  9.700220e+01
   endloop
 endfacet
 facet normal -9.662211e-01  2.577146e-01  0.000000e+00
   outer loop
     vertex  3.400188e+01  1.012345e+02  9.700220e+01
     vertex  3.400188e+01  1.012345e+02  9.300220e+01
     vertex  3.399092e+01  1.011934e+02  9.300220e+01
   endloop
 endfacet
 facet normal -9.729276e-01  2.311102e-01  0.000000e+00
   outer loop
     vertex  3.400188e+01  1.012345e+02  9.700220e+01
     vertex  3.401171e+01  1.012759e+02  9.300220e+01
     vertex  3.400188e+01  1.012345e+02  9.300220e+01
   endloop
 endfacet
 facet normal -9.729276e-01  2.311102e-01  0.000000e+00
   outer loop
     vertex  3.401171e+01  1.012759e+02  9.700220e+01
     vertex  3.401171e+01  1.012759e+02  9.300220e+01
     vertex  3.400188e+01  1.012345e+02  9.700220e+01
   endloop
 endfacet
 facet normal -9.789017e-01  2.043319e-01  5.650377e-22
   outer loop
     vertex  3.402040e+01  1.013175e+02  9.700220e+01
     vertex  3.401171e+01  1.012759e+02  9.300220e+01
     vertex  3.401171e+01  1.012759e+02  9.700220e+01
   endloop
 endfacet
 facet normal -9.789017e-01  2.043319e-01  0.000000e+00
   outer loop
     vertex  3.402040e+01  1.013175e+02  9.700220e+01
     vertex  3.402040e+01  1.013175e+02  9.300220e+01
     vertex  3.401171e+01  1.012759e+02  9.300220e+01
   endloop
 endfacet
 facet normal -9.841389e-01  1.773998e-01 -2.849132e-20
   outer loop
     vertex  3.402794e+01  1.013594e+02  9.700220e+01
     vertex  3.402040e+01  1.013175e+02  9.300220e+01
     vertex  3.402040e+01  1.013175e+02  9.700220e+01
   endloop
 endfacet
 facet normal -9.841389e-01  1.773998e-01  0.000000e+00
   outer loop
     vertex  3.402794e+01  1.013594e+02  9.700220e+01
     vertex  3.402794e+01  1.013594e+02  9.300220e+01
     vertex  3.402040e+01  1.013175e+02  9.300220e+01
   endloop
 endfacet
 facet normal -9.886353e-01  1.503341e-01  0.000000e+00
   outer loop
     vertex  3.402794e+01  1.013594e+02  9.700220e+01
     vertex  3.403434e+01  1.014014e+02  9.300220e+01
     vertex  3.402794e+01  1.013594e+02  9.300220e+01
   endloop
 endfacet
 facet normal -9.886353e-01  1.503341e-01  0.000000e+00
   outer loop
     vertex  3.403434e+01  1.014014e+02  9.700220e+01
     vertex  3.403434e+01  1.014014e+02  9.300220e+01
     vertex  3.402794e+01  1.013594e+02  9.700220e+01
   endloop
 endfacet
 facet normal -9.923874e-01  1.231552e-01  0.000000e+00
   outer loop
     vertex  3.403957e+01  1.014436e+02  9.700220e+01
     vertex  3.403957e+01  1.014436e+02  9.300220e+01
     vertex  3.403434e+01  1.014014e+02  9.300220e+01
   endloop
 endfacet
 facet normal -9.923874e-01  1.231552e-01  1.245152e-20
   outer loop
     vertex  3.403957e+01  1.014436e+02  9.700220e+01
     vertex  3.403434e+01  1.014014e+02  9.300220e+01
     vertex  3.403434e+01  1.014014e+02  9.700220e+01
   endloop
 endfacet
 facet normal -9.953925e-01  9.588368e-02  0.000000e+00
   outer loop
     vertex  3.404365e+01  1.014860e+02  9.700220e+01
     vertex  3.404365e+01  1.014860e+02  9.300220e+01
     vertex  3.403957e+01  1.014436e+02  9.300220e+01
   endloop
 endfacet
 facet normal -9.953925e-01  9.588368e-02  6.595887e-20
   outer loop
     vertex  3.404365e+01  1.014860e+02  9.700220e+01
     vertex  3.403957e+01  1.014436e+02  9.300220e+01
     vertex  3.403957e+01  1.014436e+02  9.700220e+01
   endloop
 endfacet
 facet normal -9.976484e-01  6.853995e-02  0.000000e+00
   outer loop
     vertex  3.404657e+01  1.015284e+02  9.700220e+01
     vertex  3.404657e+01  1.015284e+02  9.300220e+01
     vertex  3.404365e+01  1.014860e+02  9.300220e+01
   endloop
 endfacet
 facet normal -9.976484e-01  6.853995e-02  3.406517e-20
   outer loop
     vertex  3.404657e+01  1.015284e+02  9.700220e+01
     vertex  3.404365e+01  1.014860e+02  9.300220e+01
     vertex  3.404365e+01  1.014860e+02  9.700220e+01
   endloop
 endfacet
 facet normal -9.991532e-01  4.114462e-02  0.000000e+00
   outer loop
     vertex  3.404832e+01  1.015709e+02  9.700220e+01
     vertex  3.404832e+01  1.015709e+02  9.300220e+01
     vertex  3.404657e+01  1.015284e+02  9.300220e+01
   endloop
 endfacet
 facet normal -9.991532e-01  4.114462e-02  3.969944e-20
   outer loop
     vertex  3.404832e+01  1.015709e+02  9.700220e+01
     vertex  3.404657e+01  1.015284e+02  9.300220e+01
     vertex  3.404657e+01  1.015284e+02  9.700220e+01
   endloop
 endfacet
 facet normal -9.999059e-01  1.371831e-02  0.000000e+00
   outer loop
     vertex  3.404890e+01  1.016134e+02  9.700220e+01
     vertex  3.404890e+01  1.016134e+02  9.300220e+01
     vertex  3.404832e+01  1.015709e+02  9.300220e+01
   endloop
 endfacet
 facet normal -9.999059e-01  1.371831e-02  1.648761e-22
   outer loop
     vertex  3.404890e+01  1.016134e+02  9.700220e+01
     vertex  3.404832e+01  1.015709e+02  9.300220e+01
     vertex  3.404832e+01  1.015709e+02  9.700220e+01
   endloop
 endfacet
 facet normal  0.000000e+00  0.000000e+00 -1.000000e+00
   outer loop
     vertex  3.149266e+01  1.004344e+02  9.700220e+01
     vertex  3.146069e+01  1.004625e+02  9.700220e+01
     vertex  3.142951e+01  1.004914e+02  9.700220e+01
   endloop
 endfacet
 facet normal  0.000000e+00  0.000000e+00 -1.000000e+00
   outer loop
     vertex  3.126009e+01  1.006818e+02  9.700220e+01
     vertex  3.131305e+01  1.006153e+02  9.700220e+01
     vertex  3.128611e+01  1.006482e+02  9.700220e+01
   endloop
 endfacet
 facet normal  0.000000e+00  0.000000e+00 -1.000000e+00
   outer loop
     vertex  3.126009e+01  1.006818e+02  9.700220e+01
     vertex  3.134088e+01  1.005831e+02  9.700220e+01
     vertex  3.131305e+01  1.006153e+02  9.700220e+01
   endloop
 endfacet
 facet normal  0.000000e+00  0.000000e+00 -1.000000e+00
   outer loop
     vertex  3.159300e+01  1.003557e+02  9.700220e+01
     vertex  3.155884e+01  1.003810e+02  9.700220e+01
     vertex  3.152538e+01  1.004073e+02  9.700220e+01
   endloop
 endfacet
 facet normal  0.000000e+00  0.000000e+00 -1.000000e+00
   outer loop
     vertex  3.177351e+01  1.002436e+02  9.700220e+01
     vertex  3.173621e+01  1.002640e+02  9.700220e+01
     vertex  3.169948e+01  1.002855e+02  9.700220e+01
   endloop
 endfacet
 facet normal  0.000000e+00  0.000000e+00 -1.000000e+00
   outer loop
     vertex  3.184974e+01  1.002059e+02  9.700220e+01
     vertex  3.181137e+01  1.002242e+02  9.700220e+01
     vertex  3.177351e+01  1.002436e+02  9.700220e+01
   endloop
 endfacet
 facet normal  0.000000e+00  0.000000e+00 -1.000000e+00
   outer loop
     vertex  3.184974e+01  1.002059e+02  9.700220e+01
     vertex  3.177351e+01  1.002436e+02  9.700220e+01
     vertex  3.169948e+01  1.002855e+02  9.700220e+01
   endloop
 endfacet
 facet normal  0.000000e+00  0.000000e+00 -1.000000e+00
   outer loop
     vertex  3.196766e+01  1.001573e+02  9.700220e+01
     vertex  3.169948e+01  1.002855e+02  9.700220e+01
     vertex  3.166335e+01  1.003079e+02  9.700220e+01
   endloop
 endfacet
 facet normal  0.000000e+00  0.000000e+00 -1.000000e+00
   outer loop
     vertex  3.196766e+01  1.001573e+02  9.700220e+01
     vertex  3.188859e+01  1.001886e+02  9.700220e+01
     vertex  3.184974e+01  1.002059e+02  9.700220e+01
   endloop
 endfacet
 facet normal  0.000000e+00  0.000000e+00 -1.000000e+00
   outer loop
     vertex  3.196766e+01  1.001573e+02  9.700220e+01
     vertex  3.192791e+01  1.001724e+02  9.700220e+01
     vertex  3.188859e+01  1.001886e+02  9.700220e+01
   endloop
 endfacet
 facet normal  0.000000e+00  0.000000e+00 -1.000000e+00
   outer loop
     vertex  3.196766e+01  1.001573e+02  9.700220e+01
     vertex  3.184974e+01  1.002059e+02  9.700220e+01
     vertex  3.169948e+01  1.002855e+02  9.700220e+01
   endloop
 endfacet
 facet normal  0.000000e+00  0.000000e+00 -1.000000e+00
   outer loop
     vertex  3.101278e+01  1.011730e+02  9.700220e+01
     vertex  3.103917e+01  1.010922e+02  9.700220e+01
     vertex  3.102542e+01  1.011324e+02  9.700220e+01
   endloop
 endfacet
 facet normal  0.000000e+00  0.000000e+00 -1.000000e+00
   outer loop
     vertex  3.101278e+01  1.011730e+02  9.700220e+01
     vertex  3.105402e+01  1.010523e+02  9.700220e+01
     vertex  3.103917e+01  1.010922e+02  9.700220e+01
   endloop
 endfacet
 facet normal  0.000000e+00  0.000000e+00 -1.000000e+00
   outer loop
     vertex  3.208918e+01  1.001185e+02  9.700220e+01
     vertex  3.200781e+01  1.001433e+02  9.700220e+01
     vertex  3.196766e+01  1.001573e+02  9.700220e+01
   endloop
 endfacet
 facet normal  0.000000e+00  0.000000e+00 -1.000000e+00
   outer loop
     vertex  3.208918e+01  1.001185e+02  9.700220e+01
     vertex  3.204832e+01  1.001303e+02  9.700220e+01
     vertex  3.200781e+01  1.001433e+02  9.700220e+01
   endloop
 endfacet
 facet normal  0.000000e+00  0.000000e+00 -1.000000e+00
   outer loop
     vertex  3.099086e+01  1.012552e+02  9.700220e+01
     vertex  3.101278e+01  1.011730e+02  9.700220e+01
     vertex  3.100126e+01  1.012139e+02  9.700220e+01
   endloop
 endfacet
 facet normal  0.000000e+00  0.000000e+00 -1.000000e+00
   outer loop
     vertex  3.217179e+01  1.000983e+02  9.700220e+01
     vertex  3.213034e+01  1.001079e+02  9.700220e+01
     vertex  3.208918e+01  1.001185e+02  9.700220e+01
   endloop
 endfacet
 facet normal  0.000000e+00  0.000000e+00 -1.000000e+00
   outer loop
     vertex  3.097348e+01  1.013384e+02  9.700220e+01
     vertex  3.099086e+01  1.012552e+02  9.700220e+01
     vertex  3.098160e+01  1.012967e+02  9.700220e+01
   endloop
 endfacet
 facet normal  0.000000e+00  0.000000e+00 -1.000000e+00
   outer loop
     vertex  3.229746e+01  1.000765e+02  9.700220e+01
     vertex  3.221347e+01  1.000899e+02  9.700220e+01
     vertex  3.217179e+01  1.000983e+02  9.700220e+01
   endloop
 endfacet
 facet normal  0.000000e+00  0.000000e+00 -1.000000e+00
   outer loop
     vertex  3.229746e+01  1.000765e+02  9.700220e+01
     vertex  3.225538e+01  1.000826e+02  9.700220e+01
     vertex  3.221347e+01  1.000899e+02  9.700220e+01
   endloop
 endfacet
 facet normal  0.000000e+00  0.000000e+00 -1.000000e+00
   outer loop
     vertex  3.096070e+01  1.014225e+02  9.700220e+01
     vertex  3.097348e+01  1.013384e+02  9.700220e+01
     vertex  3.096652e+01  1.013804e+02  9.700220e+01
   endloop
 endfacet
 facet normal  0.000000e+00  0.000000e+00 -1.000000e+00
   outer loop
     vertex  3.095255e+01  1.015072e+02  9.700220e+01
     vertex  3.096070e+01  1.014225e+02  9.700220e+01
     vertex  3.095604e+01  1.014648e+02  9.700220e+01
   endloop
 endfacet
 facet normal  0.000000e+00  0.000000e+00 -1.000000e+00
   outer loop
     vertex  3.246701e+01  1.000637e+02  9.700220e+01
     vertex  3.242450e+01  1.000652e+02  9.700220e+01
     vertex  3.238206e+01  1.000678e+02  9.700220e+01
   endloop
 endfacet
 facet normal -0.000000e+00  0.000000e+00 -1.000000e+00
   outer loop
     vertex  3.255205e+01  1.000643e+02  9.700220e+01
     vertex  3.246701e+01  1.000637e+02  9.700220e+01
     vertex  3.238206e+01  1.000678e+02  9.700220e+01
   endloop
 endfacet
 facet normal  0.000000e+00  0.000000e+00 -1.000000e+00
   outer loop
     vertex  3.255205e+01  1.000643e+02  9.700220e+01
     vertex  3.233970e+01  1.000716e+02  9.700220e+01
     vertex  3.229746e+01  1.000765e+02  9.700220e+01
   endloop
 endfacet
 facet normal  0.000000e+00  0.000000e+00 -1.000000e+00
   outer loop
     vertex  3.255205e+01  1.000643e+02  9.700220e+01
     vertex  3.238206e+01  1.000678e+02  9.700220e+01
     vertex  3.233970e+01  1.000716e+02  9.700220e+01
   endloop
 endfacet
 facet normal  0.000000e+00  0.000000e+00 -1.000000e+00
   outer loop
     vertex  3.255205e+01  1.000643e+02  9.700220e+01
     vertex  3.250953e+01  1.000634e+02  9.700220e+01
     vertex  3.246701e+01  1.000637e+02  9.700220e+01
   endloop
 endfacet
 facet normal  0.000000e+00  0.000000e+00 -1.000000e+00
   outer loop
     vertex  3.267924e+01  1.000739e+02  9.700220e+01
     vertex  3.259453e+01  1.000664e+02  9.700220e+01
     vertex  3.255205e+01  1.000643e+02  9.700220e+01
   endloop
 endfacet
 facet normal  0.000000e+00  0.000000e+00 -1.000000e+00
   outer loop
     vertex  3.267924e+01  1.000739e+02  9.700220e+01
     vertex  3.263693e+01  1.000696e+02  9.700220e+01
     vertex  3.259453e+01  1.000664e+02  9.700220e+01
   endloop
 endfacet
 facet normal  0.000000e+00  0.000000e+00 -1.000000e+00
   outer loop
     vertex  3.096070e+01  1.018043e+02  9.700220e+01
     vertex  3.095255e+01  1.017196e+02  9.700220e+01
     vertex  3.095604e+01  1.017620e+02  9.700220e+01
   endloop
 endfacet
 facet normal  0.000000e+00  0.000000e+00 -1.000000e+00
   outer loop
     vertex  3.276340e+01  1.000861e+02  9.700220e+01
     vertex  3.272140e+01  1.000795e+02  9.700220e+01
     vertex  3.267924e+01  1.000739e+02  9.700220e+01
   endloop
 endfacet
 facet normal  0.000000e+00  0.000000e+00 -1.000000e+00
   outer loop
     vertex  3.097348e+01  1.018884e+02  9.700220e+01
     vertex  3.096070e+01  1.018043e+02  9.700220e+01
     vertex  3.096652e+01  1.018464e+02  9.700220e+01
   endloop
 endfacet
 facet normal  0.000000e+00  0.000000e+00 -1.000000e+00
   outer loop
     vertex  3.097348e+01  1.018884e+02  9.700220e+01
     vertex  3.095255e+01  1.017196e+02  9.700220e+01
     vertex  3.096070e+01  1.018043e+02  9.700220e+01
   endloop
 endfacet
 facet normal  0.000000e+00  0.000000e+00 -1.000000e+00
   outer loop
     vertex  3.098160e+01  1.019301e+02  9.700220e+01
     vertex  3.105402e+01  1.010523e+02  9.700220e+01
     vertex  3.101278e+01  1.011730e+02  9.700220e+01
   endloop
 endfacet
 facet normal  0.000000e+00  0.000000e+00 -1.000000e+00
   outer loop
     vertex  3.098160e+01  1.019301e+02  9.700220e+01
     vertex  3.101278e+01  1.011730e+02  9.700220e+01
     vertex  3.099086e+01  1.012552e+02  9.700220e+01
   endloop
 endfacet
 facet normal  0.000000e+00  0.000000e+00 -1.000000e+00
   outer loop
     vertex  3.098160e+01  1.019301e+02  9.700220e+01
     vertex  3.095021e+01  1.016772e+02  9.700220e+01
     vertex  3.095255e+01  1.017196e+02  9.700220e+01
   endloop
 endfacet
 facet normal  0.000000e+00  0.000000e+00 -1.000000e+00
   outer loop
     vertex  3.098160e+01  1.019301e+02  9.700220e+01
     vertex  3.094905e+01  1.016347e+02  9.700220e+01
     vertex  3.095021e+01  1.016772e+02  9.700220e+01
   endloop
 endfacet
 facet normal  0.000000e+00  0.000000e+00 -1.000000e+00
   outer loop
     vertex  3.098160e+01  1.019301e+02  9.700220e+01
     vertex  3.094905e+01  1.015921e+02  9.700220e+01
     vertex  3.094905e+01  1.016347e+02  9.700220e+01
   endloop
 endfacet
 facet normal  0.000000e+00  0.000000e+00 -1.000000e+00
   outer loop
     vertex  3.098160e+01  1.019301e+02  9.700220e+01
     vertex  3.095021e+01  1.015496e+02  9.700220e+01
     vertex  3.094905e+01  1.015921e+02  9.700220e+01
   endloop
 endfacet
 facet normal  0.000000e+00 -0.000000e+00 -1.000000e+00
   outer loop
     vertex  3.098160e+01  1.019301e+02  9.700220e+01
     vertex  3.099086e+01  1.012552e+02  9.700220e+01
     vertex  3.097348e+01  1.013384e+02  9.700220e+01
   endloop
 endfacet
 facet normal  0.000000e+00  0.000000e+00 -1.000000e+00
   outer loop
     vertex  3.098160e+01  1.019301e+02  9.700220e+01
     vertex  3.095255e+01  1.015072e+02  9.700220e+01
     vertex  3.095021e+01  1.015496e+02  9.700220e+01
   endloop
 endfacet
 facet normal  0.000000e+00  0.000000e+00 -1.000000e+00
   outer loop
     vertex  3.098160e+01  1.019301e+02  9.700220e+01
     vertex  3.096070e+01  1.014225e+02  9.700220e+01
     vertex  3.095255e+01  1.015072e+02  9.700220e+01
   endloop
 endfacet
 facet normal  0.000000e+00  0.000000e+00 -1.000000e+00
   outer loop
     vertex  3.098160e+01  1.019301e+02  9.700220e+01
     vertex  3.097348e+01  1.013384e+02  9.700220e+01
     vertex  3.096070e+01  1.014225e+02  9.700220e+01
   endloop
 endfacet
 facet normal  0.000000e+00  0.000000e+00 -1.000000e+00
   outer loop
     vertex  3.098160e+01  1.019301e+02  9.700220e+01
     vertex  3.095255e+01  1.017196e+02  9.700220e+01
     vertex  3.097348e+01  1.018884e+02  9.700220e+01
   endloop
 endfacet
 facet normal  0.000000e+00  0.000000e+00 -1.000000e+00
   outer loop
     vertex  3.098160e+01  1.019301e+02  9.700220e+01
     vertex  3.106996e+01  1.010129e+02  9.700220e+01
     vertex  3.105402e+01  1.010523e+02  9.700220e+01
   endloop
 endfacet
 facet normal  0.000000e+00  0.000000e+00 -1.000000e+00
   outer loop
     vertex  3.098160e+01  1.019301e+02  9.700220e+01
     vertex  3.108697e+01  1.009739e+02  9.700220e+01
     vertex  3.106996e+01  1.010129e+02  9.700220e+01
   endloop
 endfacet
 facet normal  0.000000e+00  0.000000e+00 -1.000000e+00
   outer loop
     vertex  3.098160e+01  1.019301e+02  9.700220e+01
     vertex  3.110505e+01  1.009354e+02  9.700220e+01
     vertex  3.108697e+01  1.009739e+02  9.700220e+01
   endloop
 endfacet
 facet normal  0.000000e+00  0.000000e+00 -1.000000e+00
   outer loop
     vertex  3.098160e+01  1.019301e+02  9.700220e+01
     vertex  3.112417e+01  1.008974e+02  9.700220e+01
     vertex  3.110505e+01  1.009354e+02  9.700220e+01
   endloop
 endfacet
 facet normal  0.000000e+00  0.000000e+00 -1.000000e+00
   outer loop
     vertex  3.098160e+01  1.019301e+02  9.700220e+01
     vertex  3.114433e+01  1.008600e+02  9.700220e+01
     vertex  3.112417e+01  1.008974e+02  9.700220e+01
   endloop
 endfacet
 facet normal  0.000000e+00  0.000000e+00 -1.000000e+00
   outer loop
     vertex  3.098160e+01  1.019301e+02  9.700220e+01
     vertex  3.116551e+01  1.008231e+02  9.700220e+01
     vertex  3.114433e+01  1.008600e+02  9.700220e+01
   endloop
 endfacet
 facet normal  0.000000e+00  0.000000e+00 -1.000000e+00
   outer loop
     vertex  3.098160e+01  1.019301e+02  9.700220e+01
     vertex  3.118769e+01  1.007868e+02  9.700220e+01
     vertex  3.116551e+01  1.008231e+02  9.700220e+01
   endloop
 endfacet
 facet normal  0.000000e+00  0.000000e+00 -1.000000e+00
   outer loop
     vertex  3.098160e+01  1.019301e+02  9.700220e+01
     vertex  3.121086e+01  1.007512e+02  9.700220e+01
     vertex  3.118769e+01  1.007868e+02  9.700220e+01
   endloop
 endfacet
 facet normal  0.000000e+00  0.000000e+00 -1.000000e+00
   outer loop
     vertex  3.288808e+01  1.001131e+02  9.700220e+01
     vertex  3.280520e+01  1.000940e+02  9.700220e+01
     vertex  3.276340e+01  1.000861e+02  9.700220e+01
   endloop
 endfacet
 facet normal  0.000000e+00  0.000000e+00 -1.000000e+00
   outer loop
     vertex  3.288808e+01  1.001131e+02  9.700220e+01
     vertex  3.284677e+01  1.001029e+02  9.700220e+01
     vertex  3.280520e+01  1.000940e+02  9.700220e+01
   endloop
 endfacet
 facet normal  0.000000e+00  0.000000e+00 -1.000000e+00
   outer loop
     vertex  3.292909e+01  1.001243e+02  9.700220e+01
     vertex  3.276340e+01  1.000861e+02  9.700220e+01
     vertex  3.267924e+01  1.000739e+02  9.700220e+01
   endloop
 endfacet
 facet normal  0.000000e+00  0.000000e+00 -1.000000e+00
   outer loop
     vertex  3.292909e+01  1.001243e+02  9.700220e+01
     vertex  3.288808e+01  1.001131e+02  9.700220e+01
     vertex  3.276340e+01  1.000861e+02  9.700220e+01
   endloop
 endfacet
 facet normal  0.000000e+00  0.000000e+00 -1.000000e+00
   outer loop
     vertex  3.101278e+01  1.020538e+02  9.700220e+01
     vertex  3.099086e+01  1.019716e+02  9.700220e+01
     vertex  3.100126e+01  1.020129e+02  9.700220e+01
   endloop
 endfacet
 facet normal  0.000000e+00  0.000000e+00 -1.000000e+00
   outer loop
     vertex  3.101278e+01  1.020538e+02  9.700220e+01
     vertex  3.098160e+01  1.019301e+02  9.700220e+01
     vertex  3.099086e+01  1.019716e+02  9.700220e+01
   endloop
 endfacet
 facet normal  0.000000e+00  0.000000e+00 -1.000000e+00
   outer loop
     vertex  3.101278e+01  1.020538e+02  9.700220e+01
     vertex  3.123500e+01  1.007161e+02  9.700220e+01
     vertex  3.121086e+01  1.007512e+02  9.700220e+01
   endloop
 endfacet
 facet normal  0.000000e+00  0.000000e+00 -1.000000e+00
   outer loop
     vertex  3.101278e+01  1.020538e+02  9.700220e+01
     vertex  3.126009e+01  1.006818e+02  9.700220e+01
     vertex  3.123500e+01  1.007161e+02  9.700220e+01
   endloop
 endfacet
 facet normal  0.000000e+00  0.000000e+00 -1.000000e+00
   outer loop
     vertex  3.101278e+01  1.020538e+02  9.700220e+01
     vertex  3.136958e+01  1.005517e+02  9.700220e+01
     vertex  3.134088e+01  1.005831e+02  9.700220e+01
   endloop
 endfacet
 facet normal  0.000000e+00  0.000000e+00 -1.000000e+00
   outer loop
     vertex  3.101278e+01  1.020538e+02  9.700220e+01
     vertex  3.139913e+01  1.005211e+02  9.700220e+01
     vertex  3.136958e+01  1.005517e+02  9.700220e+01
   endloop
 endfacet
 facet normal  0.000000e+00 -0.000000e+00 -1.000000e+00
   outer loop
     vertex  3.101278e+01  1.020538e+02  9.700220e+01
     vertex  3.121086e+01  1.007512e+02  9.700220e+01
     vertex  3.098160e+01  1.019301e+02  9.700220e+01
   endloop
 endfacet
 facet normal  0.000000e+00  0.000000e+00 -1.000000e+00
   outer loop
     vertex  3.101278e+01  1.020538e+02  9.700220e+01
     vertex  3.142951e+01  1.004914e+02  9.700220e+01
     vertex  3.139913e+01  1.005211e+02  9.700220e+01
   endloop
 endfacet
 facet normal  0.000000e+00  0.000000e+00 -1.000000e+00
   outer loop
     vertex  3.101278e+01  1.020538e+02  9.700220e+01
     vertex  3.149266e+01  1.004344e+02  9.700220e+01
     vertex  3.142951e+01  1.004914e+02  9.700220e+01
   endloop
 endfacet
 facet normal  0.000000e+00  0.000000e+00 -1.000000e+00
   outer loop
     vertex  3.101278e+01  1.020538e+02  9.700220e+01
     vertex  3.152538e+01  1.004073e+02  9.700220e+01
     vertex  3.149266e+01  1.004344e+02  9.700220e+01
   endloop
 endfacet
 facet normal  0.000000e+00  0.000000e+00 -1.000000e+00
   outer loop
     vertex  3.101278e+01  1.020538e+02  9.700220e+01
     vertex  3.162785e+01  1.003313e+02  9.700220e+01
     vertex  3.159300e+01  1.003557e+02  9.700220e+01
   endloop
 endfacet
 facet normal  0.000000e+00  0.000000e+00 -1.000000e+00
   outer loop
     vertex  3.101278e+01  1.020538e+02  9.700220e+01
     vertex  3.166335e+01  1.003079e+02  9.700220e+01
     vertex  3.162785e+01  1.003313e+02  9.700220e+01
   endloop
 endfacet
 facet normal  0.000000e+00  0.000000e+00 -1.000000e+00
   outer loop
     vertex  3.101278e+01  1.020538e+02  9.700220e+01
     vertex  3.134088e+01  1.005831e+02  9.700220e+01
     vertex  3.126009e+01  1.006818e+02  9.700220e+01
   endloop
 endfacet
 facet normal  0.000000e+00  0.000000e+00 -1.000000e+00
   outer loop
     vertex  3.101278e+01  1.020538e+02  9.700220e+01
     vertex  3.159300e+01  1.003557e+02  9.700220e+01
     vertex  3.152538e+01  1.004073e+02  9.700220e+01
   endloop
 endfacet
 facet normal  0.000000e+00  0.000000e+00 -1.000000e+00
   outer loop
     vertex  3.296978e+01  1.001367e+02  9.700220e+01
     vertex  3.292909e+01  1.001243e+02  9.700220e+01
     vertex  3.267924e+01  1.000739e+02  9.700220e+01
   endloop
 endfacet
 facet normal  0.000000e+00  0.000000e+00 -1.000000e+00
   outer loop
     vertex  3.103917e+01  1.021346e+02  9.700220e+01
     vertex  3.101278e+01  1.020538e+02  9.700220e+01
     vertex  3.102542e+01  1.020944e+02  9.700220e+01
   endloop
 endfacet
 facet normal  0.000000e+00  0.000000e+00 -1.000000e+00
   outer loop
     vertex  3.308960e+01  1.001804e+02  9.700220e+01
     vertex  3.301012e+01  1.001501e+02  9.700220e+01
     vertex  3.296978e+01  1.001367e+02  9.700220e+01
   endloop
 endfacet
 facet normal  0.000000e+00  0.000000e+00 -1.000000e+00
   outer loop
     vertex  3.308960e+01  1.001804e+02  9.700220e+01
     vertex  3.305007e+01  1.001647e+02  9.700220e+01
     vertex  3.301012e+01  1.001501e+02  9.700220e+01
   endloop
 endfacet
 facet normal  0.000000e+00  0.000000e+00 -1.000000e+00
   outer loop
     vertex  3.106996e+01  1.022139e+02  9.700220e+01
     vertex  3.103917e+01  1.021346e+02  9.700220e+01
     vertex  3.105402e+01  1.021745e+02  9.700220e+01
   endloop
 endfacet
 facet normal  0.000000e+00  0.000000e+00 -1.000000e+00
   outer loop
     vertex  3.110505e+01  1.022914e+02  9.700220e+01
     vertex  3.103917e+01  1.021346e+02  9.700220e+01
     vertex  3.106996e+01  1.022139e+02  9.700220e+01
   endloop
 endfacet
 facet normal  0.000000e+00  0.000000e+00 -1.000000e+00
   outer loop
     vertex  3.110505e+01  1.022914e+02  9.700220e+01
     vertex  3.106996e+01  1.022139e+02  9.700220e+01
     vertex  3.108697e+01  1.022529e+02  9.700220e+01
   endloop
 endfacet
 facet normal  0.000000e+00  0.000000e+00 -1.000000e+00
   outer loop
     vertex  3.114433e+01  1.023668e+02  9.700220e+01
     vertex  3.110505e+01  1.022914e+02  9.700220e+01
     vertex  3.112417e+01  1.023294e+02  9.700220e+01
   endloop
 endfacet
 facet normal  0.000000e+00  0.000000e+00 -1.000000e+00
   outer loop
     vertex  3.328003e+01  1.002746e+02  9.700220e+01
     vertex  3.312869e+01  1.001971e+02  9.700220e+01
     vertex  3.308960e+01  1.001804e+02  9.700220e+01
   endloop
 endfacet
 facet normal  0.000000e+00  0.000000e+00 -1.000000e+00
   outer loop
     vertex  3.328003e+01  1.002746e+02  9.700220e+01
     vertex  3.316731e+01  1.002149e+02  9.700220e+01
     vertex  3.312869e+01  1.001971e+02  9.700220e+01
   endloop
 endfacet
 facet normal  0.000000e+00  0.000000e+00 -1.000000e+00
   outer loop
     vertex  3.328003e+01  1.002746e+02  9.700220e+01
     vertex  3.320543e+01  1.002338e+02  9.700220e+01
     vertex  3.316731e+01  1.002149e+02  9.700220e+01
   endloop
 endfacet
 facet normal  0.000000e+00  0.000000e+00 -1.000000e+00
   outer loop
     vertex  3.328003e+01  1.002746e+02  9.700220e+01
     vertex  3.324301e+01  1.002537e+02  9.700220e+01
     vertex  3.320543e+01  1.002338e+02  9.700220e+01
   endloop
 endfacet
 facet normal  0.000000e+00  0.000000e+00 -1.000000e+00
   outer loop
     vertex  3.116551e+01  1.024037e+02  9.700220e+01
     vertex  3.110505e+01  1.022914e+02  9.700220e+01
     vertex  3.114433e+01  1.023668e+02  9.700220e+01
   endloop
 endfacet
 facet normal  0.000000e+00  0.000000e+00 -1.000000e+00
   outer loop
     vertex  3.121086e+01  1.024756e+02  9.700220e+01
     vertex  3.116551e+01  1.024037e+02  9.700220e+01
     vertex  3.118769e+01  1.024400e+02  9.700220e+01
   endloop
 endfacet
 facet normal  0.000000e+00  0.000000e+00 -1.000000e+00
   outer loop
     vertex  3.338746e+01  1.003434e+02  9.700220e+01
     vertex  3.335228e+01  1.003195e+02  9.700220e+01
     vertex  3.331646e+01  1.002966e+02  9.700220e+01
   endloop
 endfacet
 facet normal  0.000000e+00  0.000000e+00 -1.000000e+00
   outer loop
     vertex  3.342197e+01  1.003682e+02  9.700220e+01
     vertex  3.338746e+01  1.003434e+02  9.700220e+01
     vertex  3.331646e+01  1.002966e+02  9.700220e+01
   endloop
 endfacet
 facet normal  0.000000e+00  0.000000e+00 -1.000000e+00
   outer loop
     vertex  3.342197e+01  1.003682e+02  9.700220e+01
     vertex  3.331646e+01  1.002966e+02  9.700220e+01
     vertex  3.328003e+01  1.002746e+02  9.700220e+01
   endloop
 endfacet
 facet normal  0.000000e+00  0.000000e+00 -1.000000e+00
   outer loop
     vertex  3.342197e+01  1.003682e+02  9.700220e+01
     vertex  3.328003e+01  1.002746e+02  9.700220e+01
     vertex  3.308960e+01  1.001804e+02  9.700220e+01
   endloop
 endfacet
 facet normal  0.000000e+00  0.000000e+00 -1.000000e+00
   outer loop
     vertex  3.128611e+01  1.025786e+02  9.700220e+01
     vertex  3.123500e+01  1.025107e+02  9.700220e+01
     vertex  3.126009e+01  1.025450e+02  9.700220e+01
   endloop
 endfacet
 facet normal  0.000000e+00  0.000000e+00 -1.000000e+00
   outer loop
     vertex  3.128611e+01  1.025786e+02  9.700220e+01
     vertex  3.121086e+01  1.024756e+02  9.700220e+01
     vertex  3.123500e+01  1.025107e+02  9.700220e+01
   endloop
 endfacet
 facet normal  0.000000e+00  0.000000e+00 -1.000000e+00
   outer loop
     vertex  3.131305e+01  1.026115e+02  9.700220e+01
     vertex  3.103917e+01  1.021346e+02  9.700220e+01
     vertex  3.110505e+01  1.022914e+02  9.700220e+01
   endloop
 endfacet
 facet normal  0.000000e+00  0.000000e+00 -1.000000e+00
   outer loop
     vertex  3.131305e+01  1.026115e+02  9.700220e+01
     vertex  3.121086e+01  1.024756e+02  9.700220e+01
     vertex  3.128611e+01  1.025786e+02  9.700220e+01
   endloop
 endfacet
 facet normal  0.000000e+00  0.000000e+00 -1.000000e+00
   outer loop
     vertex  3.131305e+01  1.026115e+02  9.700220e+01
     vertex  3.116551e+01  1.024037e+02  9.700220e+01
     vertex  3.121086e+01  1.024756e+02  9.700220e+01
   endloop
 endfacet
 facet normal  0.000000e+00  0.000000e+00 -1.000000e+00
   outer loop
     vertex  3.131305e+01  1.026115e+02  9.700220e+01
     vertex  3.110505e+01  1.022914e+02  9.700220e+01
     vertex  3.116551e+01  1.024037e+02  9.700220e+01
   endloop
 endfacet
 facet normal  0.000000e+00  0.000000e+00 -1.000000e+00
   outer loop
     vertex  3.355280e+01  1.004768e+02  9.700220e+01
     vertex  3.345578e+01  1.003940e+02  9.700220e+01
     vertex  3.342197e+01  1.003682e+02  9.700220e+01
   endloop
 endfacet
 facet normal  0.000000e+00  0.000000e+00 -1.000000e+00
   outer loop
     vertex  3.355280e+01  1.004768e+02  9.700220e+01
     vertex  3.348887e+01  1.004207e+02  9.700220e+01
     vertex  3.345578e+01  1.003940e+02  9.700220e+01
   endloop
 endfacet
 facet normal  0.000000e+00  0.000000e+00 -1.000000e+00
   outer loop
     vertex  3.355280e+01  1.004768e+02  9.700220e+01
     vertex  3.352122e+01  1.004483e+02  9.700220e+01
     vertex  3.348887e+01  1.004207e+02  9.700220e+01
   endloop
 endfacet
 facet normal  0.000000e+00  0.000000e+00 -1.000000e+00
   outer loop
     vertex  3.136958e+01  1.026751e+02  9.700220e+01
     vertex  3.131305e+01  1.026115e+02  9.700220e+01
     vertex  3.134088e+01  1.026437e+02  9.700220e+01
   endloop
 endfacet
 facet normal  0.000000e+00  0.000000e+00 -1.000000e+00
   outer loop
     vertex  3.358358e+01  1.005062e+02  9.700220e+01
     vertex  3.355280e+01  1.004768e+02  9.700220e+01
     vertex  3.342197e+01  1.003682e+02  9.700220e+01
   endloop
 endfacet
 facet normal  0.000000e+00  0.000000e+00 -1.000000e+00
   outer loop
     vertex  3.361355e+01  1.005363e+02  9.700220e+01
     vertex  3.358358e+01  1.005062e+02  9.700220e+01
     vertex  3.342197e+01  1.003682e+02  9.700220e+01
   endloop
 endfacet
 facet normal  0.000000e+00  0.000000e+00 -1.000000e+00
   outer loop
     vertex  3.142951e+01  1.027354e+02  9.700220e+01
     vertex  3.131305e+01  1.026115e+02  9.700220e+01
     vertex  3.136958e+01  1.026751e+02  9.700220e+01
   endloop
 endfacet
 facet normal  0.000000e+00  0.000000e+00 -1.000000e+00
   outer loop
     vertex  3.142951e+01  1.027354e+02  9.700220e+01
     vertex  3.136958e+01  1.026751e+02  9.700220e+01
     vertex  3.139913e+01  1.027057e+02  9.700220e+01
   endloop
 endfacet
 facet normal  0.000000e+00  0.000000e+00 -1.000000e+00
   outer loop
     vertex  3.146069e+01  1.027643e+02  9.700220e+01
     vertex  3.131305e+01  1.026115e+02  9.700220e+01
     vertex  3.142951e+01  1.027354e+02  9.700220e+01
   endloop
 endfacet
 facet normal  0.000000e+00  0.000000e+00 -1.000000e+00
   outer loop
     vertex  3.367094e+01  1.005991e+02  9.700220e+01
     vertex  3.364268e+01  1.005673e+02  9.700220e+01
     vertex  3.361355e+01  1.005363e+02  9.700220e+01
   endloop
 endfacet
 facet normal  0.000000e+00  0.000000e+00 -1.000000e+00
   outer loop
     vertex  3.149266e+01  1.027924e+02  9.700220e+01
     vertex  3.131305e+01  1.026115e+02  9.700220e+01
     vertex  3.146069e+01  1.027643e+02  9.700220e+01
   endloop
 endfacet
 facet normal  0.000000e+00  0.000000e+00 -1.000000e+00
   outer loop
     vertex  3.369833e+01  1.006316e+02  9.700220e+01
     vertex  3.367094e+01  1.005991e+02  9.700220e+01
     vertex  3.361355e+01  1.005363e+02  9.700220e+01
   endloop
 endfacet
 facet normal  0.000000e+00  0.000000e+00 -1.000000e+00
   outer loop
     vertex  3.152538e+01  1.028195e+02  9.700220e+01
     vertex  3.131305e+01  1.026115e+02  9.700220e+01
     vertex  3.149266e+01  1.027924e+02  9.700220e+01
   endloop
 endfacet
 facet normal  0.000000e+00  0.000000e+00 -1.000000e+00
   outer loop
     vertex  3.372481e+01  1.006649e+02  9.700220e+01
     vertex  3.361355e+01  1.005363e+02  9.700220e+01
     vertex  3.342197e+01  1.003682e+02  9.700220e+01
   endloop
 endfacet
 facet normal  0.000000e+00  0.000000e+00 -1.000000e+00
   outer loop
     vertex  3.372481e+01  1.006649e+02  9.700220e+01
     vertex  3.369833e+01  1.006316e+02  9.700220e+01
     vertex  3.361355e+01  1.005363e+02  9.700220e+01
   endloop
 endfacet
 facet normal  0.000000e+00  0.000000e+00 -1.000000e+00
   outer loop
     vertex  3.377499e+01  1.007336e+02  9.700220e+01
     vertex  3.375037e+01  1.006989e+02  9.700220e+01
     vertex  3.372481e+01  1.006649e+02  9.700220e+01
   endloop
 endfacet
 facet normal  0.000000e+00  0.000000e+00 -1.000000e+00
   outer loop
     vertex  3.377499e+01  1.007336e+02  9.700220e+01
     vertex  3.372481e+01  1.006649e+02  9.700220e+01
     vertex  3.342197e+01  1.003682e+02  9.700220e+01
   endloop
 endfacet
 facet normal  0.000000e+00  0.000000e+00 -1.000000e+00
   outer loop
     vertex  3.379865e+01  1.007689e+02  9.700220e+01
     vertex  3.377499e+01  1.007336e+02  9.700220e+01
     vertex  3.342197e+01  1.003682e+02  9.700220e+01
   endloop
 endfacet
 facet normal  0.000000e+00  0.000000e+00 -1.000000e+00
   outer loop
     vertex  3.166335e+01  1.029189e+02  9.700220e+01
     vertex  3.159300e+01  1.028711e+02  9.700220e+01
     vertex  3.162785e+01  1.028955e+02  9.700220e+01
   endloop
 endfacet
 facet normal  0.000000e+00  0.000000e+00 -1.000000e+00
   outer loop
     vertex  3.166335e+01  1.029189e+02  9.700220e+01
     vertex  3.155884e+01  1.028458e+02  9.700220e+01
     vertex  3.159300e+01  1.028711e+02  9.700220e+01
   endloop
 endfacet
 facet normal  0.000000e+00  0.000000e+00 -1.000000e+00
   outer loop
     vertex  3.169948e+01  1.029413e+02  9.700220e+01
     vertex  3.152538e+01  1.028195e+02  9.700220e+01
     vertex  3.155884e+01  1.028458e+02  9.700220e+01
   endloop
 endfacet
 facet normal  0.000000e+00  0.000000e+00 -1.000000e+00
   outer loop
     vertex  3.169948e+01  1.029413e+02  9.700220e+01
     vertex  3.155884e+01  1.028458e+02  9.700220e+01
     vertex  3.166335e+01  1.029189e+02  9.700220e+01
   endloop
 endfacet
 facet normal  0.000000e+00  0.000000e+00 -1.000000e+00
   outer loop
     vertex  3.386368e+01  1.008786e+02  9.700220e+01
     vertex  3.384301e+01  1.008415e+02  9.700220e+01
     vertex  3.382132e+01  1.008049e+02  9.700220e+01
   endloop
 endfacet
 facet normal  0.000000e+00  0.000000e+00 -1.000000e+00
   outer loop
     vertex  3.177351e+01  1.029832e+02  9.700220e+01
     vertex  3.169948e+01  1.029413e+02  9.700220e+01
     vertex  3.173621e+01  1.029628e+02  9.700220e+01
   endloop
 endfacet
 facet normal  0.000000e+00  0.000000e+00 -1.000000e+00
   outer loop
     vertex  3.390192e+01  1.009546e+02  9.700220e+01
     vertex  3.388332e+01  1.009164e+02  9.700220e+01
     vertex  3.386368e+01  1.008786e+02  9.700220e+01
   endloop
 endfacet
 facet normal  0.000000e+00  0.000000e+00 -1.000000e+00
   outer loop
     vertex  3.390192e+01  1.009546e+02  9.700220e+01
     vertex  3.386368e+01  1.008786e+02  9.700220e+01
     vertex  3.382132e+01  1.008049e+02  9.700220e+01
   endloop
 endfacet
 facet normal  0.000000e+00  0.000000e+00 -1.000000e+00
   outer loop
     vertex  3.184974e+01  1.030209e+02  9.700220e+01
     vertex  3.177351e+01  1.029832e+02  9.700220e+01
     vertex  3.181137e+01  1.030026e+02  9.700220e+01
   endloop
 endfacet
 facet normal  0.000000e+00  0.000000e+00 -1.000000e+00
   outer loop
     vertex  3.391947e+01  1.009933e+02  9.700220e+01
     vertex  3.382132e+01  1.008049e+02  9.700220e+01
     vertex  3.379865e+01  1.007689e+02  9.700220e+01
   endloop
 endfacet
 facet normal  0.000000e+00  0.000000e+00 -1.000000e+00
   outer loop
     vertex  3.391947e+01  1.009933e+02  9.700220e+01
     vertex  3.390192e+01  1.009546e+02  9.700220e+01
     vertex  3.382132e+01  1.008049e+02  9.700220e+01
   endloop
 endfacet
 facet normal  0.000000e+00  0.000000e+00 -1.000000e+00
   outer loop
     vertex  3.393595e+01  1.010325e+02  9.700220e+01
     vertex  3.391947e+01  1.009933e+02  9.700220e+01
     vertex  3.379865e+01  1.007689e+02  9.700220e+01
   endloop
 endfacet
 facet normal  0.000000e+00  0.000000e+00 -1.000000e+00
   outer loop
     vertex  3.192791e+01  1.030544e+02  9.700220e+01
     vertex  3.169948e+01  1.029413e+02  9.700220e+01
     vertex  3.177351e+01  1.029832e+02  9.700220e+01
   endloop
 endfacet
 facet normal  0.000000e+00  0.000000e+00 -1.000000e+00
   outer loop
     vertex  3.192791e+01  1.030544e+02  9.700220e+01
     vertex  3.184974e+01  1.030209e+02  9.700220e+01
     vertex  3.188859e+01  1.030382e+02  9.700220e+01
   endloop
 endfacet
 facet normal  0.000000e+00  0.000000e+00 -1.000000e+00
   outer loop
     vertex  3.192791e+01  1.030544e+02  9.700220e+01
     vertex  3.177351e+01  1.029832e+02  9.700220e+01
     vertex  3.184974e+01  1.030209e+02  9.700220e+01
   endloop
 endfacet
 facet normal  0.000000e+00  0.000000e+00 -1.000000e+00
   outer loop
     vertex  3.395134e+01  1.010722e+02  9.700220e+01
     vertex  3.393595e+01  1.010325e+02  9.700220e+01
     vertex  3.379865e+01  1.007689e+02  9.700220e+01
   endloop
 endfacet
 facet normal  0.000000e+00  0.000000e+00 -1.000000e+00
   outer loop
     vertex  3.395134e+01  1.010722e+02  9.700220e+01
     vertex  3.379865e+01  1.007689e+02  9.700220e+01
     vertex  3.342197e+01  1.003682e+02  9.700220e+01
   endloop
 endfacet
 facet normal  0.000000e+00  0.000000e+00 -1.000000e+00
   outer loop
     vertex  3.196766e+01  1.030695e+02  9.700220e+01
     vertex  3.152538e+01  1.028195e+02  9.700220e+01
     vertex  3.169948e+01  1.029413e+02  9.700220e+01
   endloop
 endfacet
 facet normal  0.000000e+00  0.000000e+00 -1.000000e+00
   outer loop
     vertex  3.196766e+01  1.030695e+02  9.700220e+01
     vertex  3.103917e+01  1.021346e+02  9.700220e+01
     vertex  3.131305e+01  1.026115e+02  9.700220e+01
   endloop
 endfacet
 facet normal  0.000000e+00  0.000000e+00 -1.000000e+00
   outer loop
     vertex  3.196766e+01  1.030695e+02  9.700220e+01
     vertex  3.131305e+01  1.026115e+02  9.700220e+01
     vertex  3.152538e+01  1.028195e+02  9.700220e+01
   endloop
 endfacet
 facet normal  0.000000e+00  0.000000e+00 -1.000000e+00
   outer loop
     vertex  3.196766e+01  1.030695e+02  9.700220e+01
     vertex  3.169948e+01  1.029413e+02  9.700220e+01
     vertex  3.192791e+01  1.030544e+02  9.700220e+01
   endloop
 endfacet
 facet normal  0.000000e+00  0.000000e+00 -1.000000e+00
   outer loop
     vertex  3.196766e+01  1.030695e+02  9.700220e+01
     vertex  3.101278e+01  1.020538e+02  9.700220e+01
     vertex  3.103917e+01  1.021346e+02  9.700220e+01
   endloop
 endfacet
 facet normal  0.000000e+00  0.000000e+00 -1.000000e+00
   outer loop
     vertex  3.399092e+01  1.011934e+02  9.700220e+01
     vertex  3.397884e+01  1.011527e+02  9.700220e+01
     vertex  3.396564e+01  1.011122e+02  9.700220e+01
   endloop
 endfacet
 facet normal  0.000000e+00  0.000000e+00 -1.000000e+00
   outer loop
     vertex  3.208918e+01  1.031083e+02  9.700220e+01
     vertex  3.200781e+01  1.030835e+02  9.700220e+01
     vertex  3.204832e+01  1.030965e+02  9.700220e+01
   endloop
 endfacet
 facet normal  0.000000e+00  0.000000e+00 -1.000000e+00
   outer loop
     vertex  3.400188e+01  1.012345e+02  9.700220e+01
     vertex  3.396564e+01  1.011122e+02  9.700220e+01
     vertex  3.395134e+01  1.010722e+02  9.700220e+01
   endloop
 endfacet
 facet normal  0.000000e+00  0.000000e+00 -1.000000e+00
   outer loop
     vertex  3.400188e+01  1.012345e+02  9.700220e+01
     vertex  3.399092e+01  1.011934e+02  9.700220e+01
     vertex  3.396564e+01  1.011122e+02  9.700220e+01
   endloop
 endfacet
 facet normal  0.000000e+00  0.000000e+00 -1.000000e+00
   outer loop
     vertex  3.213034e+01  1.031189e+02  9.700220e+01
     vertex  3.200781e+01  1.030835e+02  9.700220e+01
     vertex  3.208918e+01  1.031083e+02  9.700220e+01
   endloop
 endfacet
 facet normal  0.000000e+00  0.000000e+00 -1.000000e+00
   outer loop
     vertex  3.401171e+01  1.012759e+02  9.700220e+01
     vertex  3.400188e+01  1.012345e+02  9.700220e+01
     vertex  3.395134e+01  1.010722e+02  9.700220e+01
   endloop
 endfacet
 facet normal  0.000000e+00  0.000000e+00 -1.000000e+00
   outer loop
     vertex  3.217179e+01  1.031285e+02  9.700220e+01
     vertex  3.101278e+01  1.020538e+02  9.700220e+01
     vertex  3.196766e+01  1.030695e+02  9.700220e+01
   endloop
 endfacet
 facet normal  0.000000e+00  0.000000e+00 -1.000000e+00
   outer loop
     vertex  3.217179e+01  1.031285e+02  9.700220e+01
     vertex  3.200781e+01  1.030835e+02  9.700220e+01
     vertex  3.213034e+01  1.031189e+02  9.700220e+01
   endloop
 endfacet
 facet normal  0.000000e+00  0.000000e+00 -1.000000e+00
   outer loop
     vertex  3.217179e+01  1.031285e+02  9.700220e+01
     vertex  3.196766e+01  1.030695e+02  9.700220e+01
     vertex  3.200781e+01  1.030835e+02  9.700220e+01
   endloop
 endfacet
 facet normal  0.000000e+00  0.000000e+00 -1.000000e+00
   outer loop
     vertex  3.402794e+01  1.013594e+02  9.700220e+01
     vertex  3.401171e+01  1.012759e+02  9.700220e+01
     vertex  3.395134e+01  1.010722e+02  9.700220e+01
   endloop
 endfacet
 facet normal  0.000000e+00  0.000000e+00 -1.000000e+00
   outer loop
     vertex  3.402794e+01  1.013594e+02  9.700220e+01
     vertex  3.402040e+01  1.013175e+02  9.700220e+01
     vertex  3.401171e+01  1.012759e+02  9.700220e+01
   endloop
 endfacet
 facet normal  0.000000e+00  0.000000e+00 -1.000000e+00
   outer loop
     vertex  3.225538e+01  1.031442e+02  9.700220e+01
     vertex  3.217179e+01  1.031285e+02  9.700220e+01
     vertex  3.221347e+01  1.031369e+02  9.700220e+01
   endloop
 endfacet
 facet normal  0.000000e+00  0.000000e+00 -1.000000e+00
   outer loop
     vertex  3.403434e+01  1.014014e+02  9.700220e+01
     vertex  3.402794e+01  1.013594e+02  9.700220e+01
     vertex  3.395134e+01  1.010722e+02  9.700220e+01
   endloop
 endfacet
 facet normal  0.000000e+00  0.000000e+00 -1.000000e+00
   outer loop
     vertex  3.229746e+01  1.031503e+02  9.700220e+01
     vertex  3.217179e+01  1.031285e+02  9.700220e+01
     vertex  3.225538e+01  1.031442e+02  9.700220e+01
   endloop
 endfacet
 facet normal  0.000000e+00  0.000000e+00 -1.000000e+00
   outer loop
     vertex  3.233970e+01  1.031552e+02  9.700220e+01
     vertex  3.217179e+01  1.031285e+02  9.700220e+01
     vertex  3.229746e+01  1.031503e+02  9.700220e+01
   endloop
 endfacet
 facet normal  0.000000e+00  0.000000e+00 -1.000000e+00
   outer loop
     vertex  3.404365e+01  1.014860e+02  9.700220e+01
     vertex  3.403434e+01  1.014014e+02  9.700220e+01
     vertex  3.395134e+01  1.010722e+02  9.700220e+01
   endloop
 endfacet
 facet normal  0.000000e+00  0.000000e+00 -1.000000e+00
   outer loop
     vertex  3.404365e+01  1.014860e+02  9.700220e+01
     vertex  3.403957e+01  1.014436e+02  9.700220e+01
     vertex  3.403434e+01  1.014014e+02  9.700220e+01
   endloop
 endfacet
 facet normal  0.000000e+00  0.000000e+00 -1.000000e+00
   outer loop
     vertex  3.242450e+01  1.031616e+02  9.700220e+01
     vertex  3.217179e+01  1.031285e+02  9.700220e+01
     vertex  3.233970e+01  1.031552e+02  9.700220e+01
   endloop
 endfacet
 facet normal  0.000000e+00  0.000000e+00 -1.000000e+00
   outer loop
     vertex  3.242450e+01  1.031616e+02  9.700220e+01
     vertex  3.233970e+01  1.031552e+02  9.700220e+01
     vertex  3.238206e+01  1.031590e+02  9.700220e+01
   endloop
 endfacet
 facet normal  0.000000e+00  0.000000e+00 -1.000000e+00
   outer loop
     vertex  3.404832e+01  1.015709e+02  9.700220e+01
     vertex  3.404657e+01  1.015284e+02  9.700220e+01
     vertex  3.404365e+01  1.014860e+02  9.700220e+01
   endloop
 endfacet
 facet normal  0.000000e+00  0.000000e+00 -1.000000e+00
   outer loop
     vertex  3.250953e+01  1.031634e+02  9.700220e+01
     vertex  3.242450e+01  1.031616e+02  9.700220e+01
     vertex  3.246701e+01  1.031631e+02  9.700220e+01
   endloop
 endfacet
 facet normal  0.000000e+00  0.000000e+00 -1.000000e+00
   outer loop
     vertex  3.404832e+01  1.016559e+02  9.700220e+01
     vertex  3.404890e+01  1.016134e+02  9.700220e+01
     vertex  3.404832e+01  1.015709e+02  9.700220e+01
   endloop
 endfacet
 facet normal  0.000000e+00  0.000000e+00 -1.000000e+00
   outer loop
     vertex  3.404657e+01  1.016984e+02  9.700220e+01
     vertex  3.404832e+01  1.016559e+02  9.700220e+01
     vertex  3.404832e+01  1.015709e+02  9.700220e+01
   endloop
 endfacet
 facet normal  0.000000e+00  0.000000e+00 -1.000000e+00
   outer loop
     vertex  3.259453e+01  1.031604e+02  9.700220e+01
     vertex  3.250953e+01  1.031634e+02  9.700220e+01
     vertex  3.255205e+01  1.031625e+02  9.700220e+01
   endloop
 endfacet
 facet normal  0.000000e+00  0.000000e+00 -1.000000e+00
   outer loop
     vertex  3.263693e+01  1.031572e+02  9.700220e+01
     vertex  3.242450e+01  1.031616e+02  9.700220e+01
     vertex  3.250953e+01  1.031634e+02  9.700220e+01
   endloop
 endfacet
 facet normal  0.000000e+00  0.000000e+00 -1.000000e+00
   outer loop
     vertex  3.263693e+01  1.031572e+02  9.700220e+01
     vertex  3.250953e+01  1.031634e+02  9.700220e+01
     vertex  3.259453e+01  1.031604e+02  9.700220e+01
   endloop
 endfacet
 facet normal  0.000000e+00  0.000000e+00 -1.000000e+00
   outer loop
     vertex  3.403957e+01  1.017832e+02  9.700220e+01
     vertex  3.404365e+01  1.017408e+02  9.700220e+01
     vertex  3.404657e+01  1.016984e+02  9.700220e+01
   endloop
 endfacet
 facet normal  0.000000e+00  0.000000e+00 -1.000000e+00
   outer loop
     vertex  3.403957e+01  1.017832e+02  9.700220e+01
     vertex  3.404657e+01  1.016984e+02  9.700220e+01
     vertex  3.404832e+01  1.015709e+02  9.700220e+01
   endloop
 endfacet
 facet normal  0.000000e+00  0.000000e+00 -1.000000e+00
   outer loop
     vertex  3.403434e+01  1.018254e+02  9.700220e+01
     vertex  3.403957e+01  1.017832e+02  9.700220e+01
     vertex  3.404832e+01  1.015709e+02  9.700220e+01
   endloop
 endfacet
 facet normal  0.000000e+00  0.000000e+00 -1.000000e+00
   outer loop
     vertex  3.272140e+01  1.031473e+02  9.700220e+01
     vertex  3.263693e+01  1.031572e+02  9.700220e+01
     vertex  3.267924e+01  1.031529e+02  9.700220e+01
   endloop
 endfacet
 facet normal  0.000000e+00  0.000000e+00 -1.000000e+00
   outer loop
     vertex  3.276340e+01  1.031407e+02  9.700220e+01
     vertex  3.263693e+01  1.031572e+02  9.700220e+01
     vertex  3.272140e+01  1.031473e+02  9.700220e+01
   endloop
 endfacet
 facet normal  0.000000e+00  0.000000e+00 -1.000000e+00
   outer loop
     vertex  3.402040e+01  1.019093e+02  9.700220e+01
     vertex  3.402794e+01  1.018674e+02  9.700220e+01
     vertex  3.403434e+01  1.018254e+02  9.700220e+01
   endloop
 endfacet
 facet normal  0.000000e+00  0.000000e+00 -1.000000e+00
   outer loop
     vertex  3.402040e+01  1.019093e+02  9.700220e+01
     vertex  3.404832e+01  1.015709e+02  9.700220e+01
     vertex  3.404365e+01  1.014860e+02  9.700220e+01
   endloop
 endfacet
 facet normal  0.000000e+00  0.000000e+00 -1.000000e+00
   outer loop
     vertex  3.402040e+01  1.019093e+02  9.700220e+01
     vertex  3.403434e+01  1.018254e+02  9.700220e+01
     vertex  3.404832e+01  1.015709e+02  9.700220e+01
   endloop
 endfacet
 facet normal -0.000000e+00  0.000000e+00 -1.000000e+00
   outer loop
     vertex  3.284677e+01  1.031239e+02  9.700220e+01
     vertex  3.101278e+01  1.020538e+02  9.700220e+01
     vertex  3.217179e+01  1.031285e+02  9.700220e+01
   endloop
 endfacet
 facet normal  0.000000e+00  0.000000e+00 -1.000000e+00
   outer loop
     vertex  3.284677e+01  1.031239e+02  9.700220e+01
     vertex  3.276340e+01  1.031407e+02  9.700220e+01
     vertex  3.280520e+01  1.031328e+02  9.700220e+01
   endloop
 endfacet
 facet normal  0.000000e+00  0.000000e+00 -1.000000e+00
   outer loop
     vertex  3.284677e+01  1.031239e+02  9.700220e+01
     vertex  3.217179e+01  1.031285e+02  9.700220e+01
     vertex  3.242450e+01  1.031616e+02  9.700220e+01
   endloop
 endfacet
 facet normal  0.000000e+00  0.000000e+00 -1.000000e+00
   outer loop
     vertex  3.284677e+01  1.031239e+02  9.700220e+01
     vertex  3.242450e+01  1.031616e+02  9.700220e+01
     vertex  3.263693e+01  1.031572e+02  9.700220e+01
   endloop
 endfacet
 facet normal  0.000000e+00  0.000000e+00 -1.000000e+00
   outer loop
     vertex  3.284677e+01  1.031239e+02  9.700220e+01
     vertex  3.263693e+01  1.031572e+02  9.700220e+01
     vertex  3.276340e+01  1.031407e+02  9.700220e+01
   endloop
 endfacet
 facet normal  0.000000e+00  0.000000e+00 -1.000000e+00
   outer loop
     vertex  3.284677e+01  1.031239e+02  9.700220e+01
     vertex  3.166335e+01  1.003079e+02  9.700220e+01
     vertex  3.101278e+01  1.020538e+02  9.700220e+01
   endloop
 endfacet
 facet normal  0.000000e+00  0.000000e+00 -1.000000e+00
   outer loop
     vertex  3.284677e+01  1.031239e+02  9.700220e+01
     vertex  3.196766e+01  1.001573e+02  9.700220e+01
     vertex  3.166335e+01  1.003079e+02  9.700220e+01
   endloop
 endfacet
 facet normal  0.000000e+00  0.000000e+00 -1.000000e+00
   outer loop
     vertex  3.400188e+01  1.019923e+02  9.700220e+01
     vertex  3.401171e+01  1.019509e+02  9.700220e+01
     vertex  3.402040e+01  1.019093e+02  9.700220e+01
   endloop
 endfacet
 facet normal  0.000000e+00  0.000000e+00 -1.000000e+00
   outer loop
     vertex  3.400188e+01  1.019923e+02  9.700220e+01
     vertex  3.402040e+01  1.019093e+02  9.700220e+01
     vertex  3.404365e+01  1.014860e+02  9.700220e+01
   endloop
 endfacet
 facet normal  0.000000e+00  0.000000e+00 -1.000000e+00
   outer loop
     vertex  3.399092e+01  1.020334e+02  9.700220e+01
     vertex  3.400188e+01  1.019923e+02  9.700220e+01
     vertex  3.404365e+01  1.014860e+02  9.700220e+01
   endloop
 endfacet
 facet normal  0.000000e+00  0.000000e+00 -1.000000e+00
   outer loop
     vertex  3.292909e+01  1.031025e+02  9.700220e+01
     vertex  3.284677e+01  1.031239e+02  9.700220e+01
     vertex  3.288808e+01  1.031137e+02  9.700220e+01
   endloop
 endfacet
 facet normal  0.000000e+00  0.000000e+00 -1.000000e+00
   outer loop
     vertex  3.396564e+01  1.021146e+02  9.700220e+01
     vertex  3.397884e+01  1.020741e+02  9.700220e+01
     vertex  3.399092e+01  1.020334e+02  9.700220e+01
   endloop
 endfacet
 facet normal  0.000000e+00  0.000000e+00 -1.000000e+00
   outer loop
     vertex  3.396564e+01  1.021146e+02  9.700220e+01
     vertex  3.399092e+01  1.020334e+02  9.700220e+01
     vertex  3.404365e+01  1.014860e+02  9.700220e+01
   endloop
 endfacet
 facet normal  0.000000e+00  0.000000e+00 -1.000000e+00
   outer loop
     vertex  3.301012e+01  1.030767e+02  9.700220e+01
     vertex  3.292909e+01  1.031025e+02  9.700220e+01
     vertex  3.296978e+01  1.030901e+02  9.700220e+01
   endloop
 endfacet
 facet normal  0.000000e+00  0.000000e+00 -1.000000e+00
   outer loop
     vertex  3.305007e+01  1.030621e+02  9.700220e+01
     vertex  3.292909e+01  1.031025e+02  9.700220e+01
     vertex  3.301012e+01  1.030767e+02  9.700220e+01
   endloop
 endfacet
 facet normal  0.000000e+00  0.000000e+00 -1.000000e+00
   outer loop
     vertex  3.393595e+01  1.021943e+02  9.700220e+01
     vertex  3.395134e+01  1.021546e+02  9.700220e+01
     vertex  3.396564e+01  1.021146e+02  9.700220e+01
   endloop
 endfacet
 facet normal  0.000000e+00  0.000000e+00 -1.000000e+00
   outer loop
     vertex  3.308960e+01  1.030464e+02  9.700220e+01
     vertex  3.292909e+01  1.031025e+02  9.700220e+01
     vertex  3.305007e+01  1.030621e+02  9.700220e+01
   endloop
 endfacet
 facet normal  0.000000e+00  0.000000e+00 -1.000000e+00
   outer loop
     vertex  3.308960e+01  1.030464e+02  9.700220e+01
     vertex  3.284677e+01  1.031239e+02  9.700220e+01
     vertex  3.292909e+01  1.031025e+02  9.700220e+01
   endloop
 endfacet
 facet normal  0.000000e+00  0.000000e+00 -1.000000e+00
   outer loop
     vertex  3.312869e+01  1.030297e+02  9.700220e+01
     vertex  3.284677e+01  1.031239e+02  9.700220e+01
     vertex  3.308960e+01  1.030464e+02  9.700220e+01
   endloop
 endfacet
 facet normal  0.000000e+00  0.000000e+00 -1.000000e+00
   outer loop
     vertex  3.390192e+01  1.022722e+02  9.700220e+01
     vertex  3.391947e+01  1.022335e+02  9.700220e+01
     vertex  3.393595e+01  1.021943e+02  9.700220e+01
   endloop
 endfacet
 facet normal  0.000000e+00  0.000000e+00 -1.000000e+00
   outer loop
     vertex  3.390192e+01  1.022722e+02  9.700220e+01
     vertex  3.396564e+01  1.021146e+02  9.700220e+01
     vertex  3.404365e+01  1.014860e+02  9.700220e+01
   endloop
 endfacet
 facet normal  0.000000e+00  0.000000e+00 -1.000000e+00
   outer loop
     vertex  3.390192e+01  1.022722e+02  9.700220e+01
     vertex  3.393595e+01  1.021943e+02  9.700220e+01
     vertex  3.396564e+01  1.021146e+02  9.700220e+01
   endloop
 endfacet
 facet normal  0.000000e+00  0.000000e+00 -1.000000e+00
   outer loop
     vertex  3.390192e+01  1.022722e+02  9.700220e+01
     vertex  3.404365e+01  1.014860e+02  9.700220e+01
     vertex  3.395134e+01  1.010722e+02  9.700220e+01
   endloop
 endfacet
 facet normal  0.000000e+00  0.000000e+00 -1.000000e+00
   outer loop
     vertex  3.316731e+01  1.030119e+02  9.700220e+01
     vertex  3.284677e+01  1.031239e+02  9.700220e+01
     vertex  3.312869e+01  1.030297e+02  9.700220e+01
   endloop
 endfacet
 facet normal  0.000000e+00  0.000000e+00 -1.000000e+00
   outer loop
     vertex  3.320543e+01  1.029930e+02  9.700220e+01
     vertex  3.284677e+01  1.031239e+02  9.700220e+01
     vertex  3.316731e+01  1.030119e+02  9.700220e+01
   endloop
 endfacet
 facet normal  0.000000e+00  0.000000e+00 -1.000000e+00
   outer loop
     vertex  3.328003e+01  1.029522e+02  9.700220e+01
     vertex  3.320543e+01  1.029930e+02  9.700220e+01
     vertex  3.324301e+01  1.029731e+02  9.700220e+01
   endloop
 endfacet
 facet normal  0.000000e+00  0.000000e+00 -1.000000e+00
   outer loop
     vertex  3.382132e+01  1.024219e+02  9.700220e+01
     vertex  3.386368e+01  1.023482e+02  9.700220e+01
     vertex  3.388332e+01  1.023104e+02  9.700220e+01
   endloop
 endfacet
 facet normal  0.000000e+00  0.000000e+00 -1.000000e+00
   outer loop
     vertex  3.382132e+01  1.024219e+02  9.700220e+01
     vertex  3.384301e+01  1.023853e+02  9.700220e+01
     vertex  3.386368e+01  1.023482e+02  9.700220e+01
   endloop
 endfacet
 facet normal  0.000000e+00  0.000000e+00 -1.000000e+00
   outer loop
     vertex  3.379865e+01  1.024579e+02  9.700220e+01
     vertex  3.388332e+01  1.023104e+02  9.700220e+01
     vertex  3.390192e+01  1.022722e+02  9.700220e+01
   endloop
 endfacet
 facet normal  0.000000e+00  0.000000e+00 -1.000000e+00
   outer loop
     vertex  3.379865e+01  1.024579e+02  9.700220e+01
     vertex  3.382132e+01  1.024219e+02  9.700220e+01
     vertex  3.388332e+01  1.023104e+02  9.700220e+01
   endloop
 endfacet
 facet normal  0.000000e+00  0.000000e+00 -1.000000e+00
   outer loop
     vertex  3.335228e+01  1.029073e+02  9.700220e+01
     vertex  3.208918e+01  1.001185e+02  9.700220e+01
     vertex  3.196766e+01  1.001573e+02  9.700220e+01
   endloop
 endfacet
 facet normal  0.000000e+00  0.000000e+00 -1.000000e+00
   outer loop
     vertex  3.335228e+01  1.029073e+02  9.700220e+01
     vertex  3.217179e+01  1.000983e+02  9.700220e+01
     vertex  3.208918e+01  1.001185e+02  9.700220e+01
   endloop
 endfacet
 facet normal  0.000000e+00  0.000000e+00 -1.000000e+00
   outer loop
     vertex  3.335228e+01  1.029073e+02  9.700220e+01
     vertex  3.284677e+01  1.031239e+02  9.700220e+01
     vertex  3.320543e+01  1.029930e+02  9.700220e+01
   endloop
 endfacet
 facet normal  0.000000e+00  0.000000e+00 -1.000000e+00
   outer loop
     vertex  3.335228e+01  1.029073e+02  9.700220e+01
     vertex  3.328003e+01  1.029522e+02  9.700220e+01
     vertex  3.331646e+01  1.029302e+02  9.700220e+01
   endloop
 endfacet
 facet normal  0.000000e+00  0.000000e+00 -1.000000e+00
   outer loop
     vertex  3.335228e+01  1.029073e+02  9.700220e+01
     vertex  3.320543e+01  1.029930e+02  9.700220e+01
     vertex  3.328003e+01  1.029522e+02  9.700220e+01
   endloop
 endfacet
 facet normal  0.000000e+00  0.000000e+00 -1.000000e+00
   outer loop
     vertex  3.335228e+01  1.029073e+02  9.700220e+01
     vertex  3.255205e+01  1.000643e+02  9.700220e+01
     vertex  3.229746e+01  1.000765e+02  9.700220e+01
   endloop
 endfacet
 facet normal  0.000000e+00  0.000000e+00 -1.000000e+00
   outer loop
     vertex  3.335228e+01  1.029073e+02  9.700220e+01
     vertex  3.267924e+01  1.000739e+02  9.700220e+01
     vertex  3.255205e+01  1.000643e+02  9.700220e+01
   endloop
 endfacet
 facet normal  0.000000e+00  0.000000e+00 -1.000000e+00
   outer loop
     vertex  3.335228e+01  1.029073e+02  9.700220e+01
     vertex  3.296978e+01  1.001367e+02  9.700220e+01
     vertex  3.267924e+01  1.000739e+02  9.700220e+01
   endloop
 endfacet
 facet normal  0.000000e+00  0.000000e+00 -1.000000e+00
   outer loop
     vertex  3.335228e+01  1.029073e+02  9.700220e+01
     vertex  3.229746e+01  1.000765e+02  9.700220e+01
     vertex  3.217179e+01  1.000983e+02  9.700220e+01
   endloop
 endfacet
 facet normal -0.000000e+00  0.000000e+00 -1.000000e+00
   outer loop
     vertex  3.335228e+01  1.029073e+02  9.700220e+01
     vertex  3.196766e+01  1.001573e+02  9.700220e+01
     vertex  3.284677e+01  1.031239e+02  9.700220e+01
   endloop
 endfacet
 facet normal  0.000000e+00  0.000000e+00 -1.000000e+00
   outer loop
     vertex  3.377499e+01  1.024932e+02  9.700220e+01
     vertex  3.379865e+01  1.024579e+02  9.700220e+01
     vertex  3.390192e+01  1.022722e+02  9.700220e+01
   endloop
 endfacet
 facet normal  0.000000e+00  0.000000e+00 -1.000000e+00
   outer loop
     vertex  3.375037e+01  1.025279e+02  9.700220e+01
     vertex  3.377499e+01  1.024932e+02  9.700220e+01
     vertex  3.390192e+01  1.022722e+02  9.700220e+01
   endloop
 endfacet
 facet normal  0.000000e+00  0.000000e+00 -1.000000e+00
   outer loop
     vertex  3.372481e+01  1.025619e+02  9.700220e+01
     vertex  3.375037e+01  1.025279e+02  9.700220e+01
     vertex  3.390192e+01  1.022722e+02  9.700220e+01
   endloop
 endfacet
 facet normal  0.000000e+00  0.000000e+00 -1.000000e+00
   outer loop
     vertex  3.345578e+01  1.028328e+02  9.700220e+01
     vertex  3.338746e+01  1.028834e+02  9.700220e+01
     vertex  3.342197e+01  1.028586e+02  9.700220e+01
   endloop
 endfacet
 facet normal  0.000000e+00  0.000000e+00 -1.000000e+00
   outer loop
     vertex  3.369833e+01  1.025952e+02  9.700220e+01
     vertex  3.372481e+01  1.025619e+02  9.700220e+01
     vertex  3.390192e+01  1.022722e+02  9.700220e+01
   endloop
 endfacet
 facet normal  0.000000e+00  0.000000e+00 -1.000000e+00
   outer loop
     vertex  3.348887e+01  1.028061e+02  9.700220e+01
     vertex  3.335228e+01  1.029073e+02  9.700220e+01
     vertex  3.338746e+01  1.028834e+02  9.700220e+01
   endloop
 endfacet
 facet normal  0.000000e+00  0.000000e+00 -1.000000e+00
   outer loop
     vertex  3.348887e+01  1.028061e+02  9.700220e+01
     vertex  3.338746e+01  1.028834e+02  9.700220e+01
     vertex  3.345578e+01  1.028328e+02  9.700220e+01
   endloop
 endfacet
 facet normal  0.000000e+00  0.000000e+00 -1.000000e+00
   outer loop
     vertex  3.352122e+01  1.027785e+02  9.700220e+01
     vertex  3.335228e+01  1.029073e+02  9.700220e+01
     vertex  3.348887e+01  1.028061e+02  9.700220e+01
   endloop
 endfacet
 facet normal  0.000000e+00  0.000000e+00 -1.000000e+00
   outer loop
     vertex  3.364268e+01  1.026595e+02  9.700220e+01
     vertex  3.367094e+01  1.026277e+02  9.700220e+01
     vertex  3.369833e+01  1.025952e+02  9.700220e+01
   endloop
 endfacet
 facet normal  0.000000e+00  0.000000e+00 -1.000000e+00
   outer loop
     vertex  3.364268e+01  1.026595e+02  9.700220e+01
     vertex  3.369833e+01  1.025952e+02  9.700220e+01
     vertex  3.390192e+01  1.022722e+02  9.700220e+01
   endloop
 endfacet
 facet normal  0.000000e+00  0.000000e+00 -1.000000e+00
   outer loop
     vertex  3.355280e+01  1.027500e+02  9.700220e+01
     vertex  3.335228e+01  1.029073e+02  9.700220e+01
     vertex  3.352122e+01  1.027785e+02  9.700220e+01
   endloop
 endfacet
 facet normal  0.000000e+00  0.000000e+00 -1.000000e+00
   outer loop
     vertex  3.358358e+01  1.027206e+02  9.700220e+01
     vertex  3.308960e+01  1.001804e+02  9.700220e+01
     vertex  3.296978e+01  1.001367e+02  9.700220e+01
   endloop
 endfacet
 facet normal  0.000000e+00 -0.000000e+00 -1.000000e+00
   outer loop
     vertex  3.358358e+01  1.027206e+02  9.700220e+01
     vertex  3.395134e+01  1.010722e+02  9.700220e+01
     vertex  3.342197e+01  1.003682e+02  9.700220e+01
   endloop
 endfacet
 facet normal  0.000000e+00  0.000000e+00 -1.000000e+00
   outer loop
     vertex  3.358358e+01  1.027206e+02  9.700220e+01
     vertex  3.342197e+01  1.003682e+02  9.700220e+01
     vertex  3.308960e+01  1.001804e+02  9.700220e+01
   endloop
 endfacet
 facet normal  0.000000e+00  0.000000e+00 -1.000000e+00
   outer loop
     vertex  3.358358e+01  1.027206e+02  9.700220e+01
     vertex  3.361355e+01  1.026905e+02  9.700220e+01
     vertex  3.364268e+01  1.026595e+02  9.700220e+01
   endloop
 endfacet
 facet normal  0.000000e+00  0.000000e+00 -1.000000e+00
   outer loop
     vertex  3.358358e+01  1.027206e+02  9.700220e+01
     vertex  3.390192e+01  1.022722e+02  9.700220e+01
     vertex  3.395134e+01  1.010722e+02  9.700220e+01
   endloop
 endfacet
 facet normal -0.000000e+00  0.000000e+00 -1.000000e+00
   outer loop
     vertex  3.358358e+01  1.027206e+02  9.700220e+01
     vertex  3.296978e+01  1.001367e+02  9.700220e+01
     vertex  3.335228e+01  1.029073e+02  9.700220e+01
   endloop
 endfacet
 facet normal  0.000000e+00  0.000000e+00 -1.000000e+00
   outer loop
     vertex  3.358358e+01  1.027206e+02  9.700220e+01
     vertex  3.335228e+01  1.029073e+02  9.700220e+01
     vertex  3.355280e+01  1.027500e+02  9.700220e+01
   endloop
 endfacet
 facet normal  0.000000e+00  0.000000e+00 -1.000000e+00
   outer loop
     vertex  3.358358e+01  1.027206e+02  9.700220e+01
     vertex  3.364268e+01  1.026595e+02  9.700220e+01
     vertex  3.390192e+01  1.022722e+02  9.700220e+01
   endloop
 endfacet
 facet normal  0.000000e+00  0.000000e+00  1.000000e+00
   outer loop
     vertex  3.149266e+01  1.004344e+02  9.300220e+01
     vertex  3.142951e+01  1.004914e+02  9.300220e+01
     vertex  3.146069e+01  1.004625e+02  9.300220e+01
   endloop
 endfacet
 facet normal  0.000000e+00  0.000000e+00  1.000000e+00
   outer loop
     vertex  3.126009e+01  1.006818e+02  9.300220e+01
     vertex  3.128611e+01  1.006482e+02  9.300220e+01
     vertex  3.131305e+01  1.006153e+02  9.300220e+01
   endloop
 endfacet
 facet normal  0.000000e+00  0.000000e+00  1.000000e+00
   outer loop
     vertex  3.126009e+01  1.006818e+02  9.300220e+01
     vertex  3.131305e+01  1.006153e+02  9.300220e+01
     vertex  3.134088e+01  1.005831e+02  9.300220e+01
   endloop
 endfacet
 facet normal  0.000000e+00  0.000000e+00  1.000000e+00
   outer loop
     vertex  3.159300e+01  1.003557e+02  9.300220e+01
     vertex  3.152538e+01  1.004073e+02  9.300220e+01
     vertex  3.155884e+01  1.003810e+02  9.300220e+01
   endloop
 endfacet
 facet normal  0.000000e+00  0.000000e+00  1.000000e+00
   outer loop
     vertex  3.177351e+01  1.002436e+02  9.300220e+01
     vertex  3.169948e+01  1.002855e+02  9.300220e+01
     vertex  3.173621e+01  1.002640e+02  9.300220e+01
   endloop
 endfacet
 facet normal  0.000000e+00  0.000000e+00  1.000000e+00
   outer loop
     vertex  3.184974e+01  1.002059e+02  9.300220e+01
     vertex  3.177351e+01  1.002436e+02  9.300220e+01
     vertex  3.181137e+01  1.002242e+02  9.300220e+01
   endloop
 endfacet
 facet normal  0.000000e+00  0.000000e+00  1.000000e+00
   outer loop
     vertex  3.184974e+01  1.002059e+02  9.300220e+01
     vertex  3.169948e+01  1.002855e+02  9.300220e+01
     vertex  3.177351e+01  1.002436e+02  9.300220e+01
   endloop
 endfacet
 facet normal  0.000000e+00  0.000000e+00  1.000000e+00
   outer loop
     vertex  3.196766e+01  1.001573e+02  9.300220e+01
     vertex  3.166335e+01  1.003079e+02  9.300220e+01
     vertex  3.169948e+01  1.002855e+02  9.300220e+01
   endloop
 endfacet
 facet normal  0.000000e+00  0.000000e+00  1.000000e+00
   outer loop
     vertex  3.196766e+01  1.001573e+02  9.300220e+01
     vertex  3.184974e+01  1.002059e+02  9.300220e+01
     vertex  3.188859e+01  1.001886e+02  9.300220e+01
   endloop
 endfacet
 facet normal  0.000000e+00  0.000000e+00  1.000000e+00
   outer loop
     vertex  3.196766e+01  1.001573e+02  9.300220e+01
     vertex  3.188859e+01  1.001886e+02  9.300220e+01
     vertex  3.192791e+01  1.001724e+02  9.300220e+01
   endloop
 endfacet
 facet normal  0.000000e+00  0.000000e+00  1.000000e+00
   outer loop
     vertex  3.196766e+01  1.001573e+02  9.300220e+01
     vertex  3.169948e+01  1.002855e+02  9.300220e+01
     vertex  3.184974e+01  1.002059e+02  9.300220e+01
   endloop
 endfacet
 facet normal  0.000000e+00  0.000000e+00  1.000000e+00
   outer loop
     vertex  3.101278e+01  1.011730e+02  9.300220e+01
     vertex  3.102542e+01  1.011324e+02  9.300220e+01
     vertex  3.103917e+01  1.010922e+02  9.300220e+01
   endloop
 endfacet
 facet normal  0.000000e+00  0.000000e+00  1.000000e+00
   outer loop
     vertex  3.101278e+01  1.011730e+02  9.300220e+01
     vertex  3.103917e+01  1.010922e+02  9.300220e+01
     vertex  3.105402e+01  1.010523e+02  9.300220e+01
   endloop
 endfacet
 facet normal  0.000000e+00  0.000000e+00  1.000000e+00
   outer loop
     vertex  3.208918e+01  1.001185e+02  9.300220e+01
     vertex  3.196766e+01  1.001573e+02  9.300220e+01
     vertex  3.200781e+01  1.001433e+02  9.300220e+01
   endloop
 endfacet
 facet normal  0.000000e+00  0.000000e+00  1.000000e+00
   outer loop
     vertex  3.208918e+01  1.001185e+02  9.300220e+01
     vertex  3.200781e+01  1.001433e+02  9.300220e+01
     vertex  3.204832e+01  1.001303e+02  9.300220e+01
   endloop
 endfacet
 facet normal  0.000000e+00  0.000000e+00  1.000000e+00
   outer loop
     vertex  3.099086e+01  1.012552e+02  9.300220e+01
     vertex  3.100126e+01  1.012139e+02  9.300220e+01
     vertex  3.101278e+01  1.011730e+02  9.300220e+01
   endloop
 endfacet
 facet normal  0.000000e+00  0.000000e+00  1.000000e+00
   outer loop
     vertex  3.217179e+01  1.000983e+02  9.300220e+01
     vertex  3.208918e+01  1.001185e+02  9.300220e+01
     vertex  3.213034e+01  1.001079e+02  9.300220e+01
   endloop
 endfacet
 facet normal  0.000000e+00  0.000000e+00  1.000000e+00
   outer loop
     vertex  3.097348e+01  1.013384e+02  9.300220e+01
     vertex  3.098160e+01  1.012967e+02  9.300220e+01
     vertex  3.099086e+01  1.012552e+02  9.300220e+01
   endloop
 endfacet
 facet normal  0.000000e+00  0.000000e+00  1.000000e+00
   outer loop
     vertex  3.229746e+01  1.000765e+02  9.300220e+01
     vertex  3.217179e+01  1.000983e+02  9.300220e+01
     vertex  3.221347e+01  1.000899e+02  9.300220e+01
   endloop
 endfacet
 facet normal  0.000000e+00  0.000000e+00  1.000000e+00
   outer loop
     vertex  3.229746e+01  1.000765e+02  9.300220e+01
     vertex  3.221347e+01  1.000899e+02  9.300220e+01
     vertex  3.225538e+01  1.000826e+02  9.300220e+01
   endloop
 endfacet
 facet normal  0.000000e+00  0.000000e+00  1.000000e+00
   outer loop
     vertex  3.096070e+01  1.014225e+02  9.300220e+01
     vertex  3.096652e+01  1.013804e+02  9.300220e+01
     vertex  3.097348e+01  1.013384e+02  9.300220e+01
   endloop
 endfacet
 facet normal  0.000000e+00  0.000000e+00  1.000000e+00
   outer loop
     vertex  3.095255e+01  1.015072e+02  9.300220e+01
     vertex  3.095604e+01  1.014648e+02  9.300220e+01
     vertex  3.096070e+01  1.014225e+02  9.300220e+01
   endloop
 endfacet
 facet normal  0.000000e+00  0.000000e+00  1.000000e+00
   outer loop
     vertex  3.246701e+01  1.000637e+02  9.300220e+01
     vertex  3.238206e+01  1.000678e+02  9.300220e+01
     vertex  3.242450e+01  1.000652e+02  9.300220e+01
   endloop
 endfacet
 facet normal  0.000000e+00  0.000000e+00  1.000000e+00
   outer loop
     vertex  3.255205e+01  1.000643e+02  9.300220e+01
     vertex  3.238206e+01  1.000678e+02  9.300220e+01
     vertex  3.246701e+01  1.000637e+02  9.300220e+01
   endloop
 endfacet
 facet normal  0.000000e+00  0.000000e+00  1.000000e+00
   outer loop
     vertex  3.255205e+01  1.000643e+02  9.300220e+01
     vertex  3.229746e+01  1.000765e+02  9.300220e+01
     vertex  3.233970e+01  1.000716e+02  9.300220e+01
   endloop
 endfacet
 facet normal  0.000000e+00  0.000000e+00  1.000000e+00
   outer loop
     vertex  3.255205e+01  1.000643e+02  9.300220e+01
     vertex  3.233970e+01  1.000716e+02  9.300220e+01
     vertex  3.238206e+01  1.000678e+02  9.300220e+01
   endloop
 endfacet
 facet normal  0.000000e+00  0.000000e+00  1.000000e+00
   outer loop
     vertex  3.255205e+01  1.000643e+02  9.300220e+01
     vertex  3.246701e+01  1.000637e+02  9.300220e+01
     vertex  3.250953e+01  1.000634e+02  9.300220e+01
   endloop
 endfacet
 facet normal  0.000000e+00  0.000000e+00  1.000000e+00
   outer loop
     vertex  3.267924e+01  1.000739e+02  9.300220e+01
     vertex  3.255205e+01  1.000643e+02  9.300220e+01
     vertex  3.259453e+01  1.000664e+02  9.300220e+01
   endloop
 endfacet
 facet normal  0.000000e+00  0.000000e+00  1.000000e+00
   outer loop
     vertex  3.267924e+01  1.000739e+02  9.300220e+01
     vertex  3.259453e+01  1.000664e+02  9.300220e+01
     vertex  3.263693e+01  1.000696e+02  9.300220e+01
   endloop
 endfacet
 facet normal  0.000000e+00  0.000000e+00  1.000000e+00
   outer loop
     vertex  3.096070e+01  1.018043e+02  9.300220e+01
     vertex  3.095604e+01  1.017620e+02  9.300220e+01
     vertex  3.095255e+01  1.017196e+02  9.300220e+01
   endloop
 endfacet
 facet normal  0.000000e+00  0.000000e+00  1.000000e+00
   outer loop
     vertex  3.276340e+01  1.000861e+02  9.300220e+01
     vertex  3.267924e+01  1.000739e+02  9.300220e+01
     vertex  3.272140e+01  1.000795e+02  9.300220e+01
   endloop
 endfacet
 facet normal  0.000000e+00  0.000000e+00  1.000000e+00
   outer loop
     vertex  3.097348e+01  1.018884e+02  9.300220e+01
     vertex  3.096652e+01  1.018464e+02  9.300220e+01
     vertex  3.096070e+01  1.018043e+02  9.300220e+01
   endloop
 endfacet
 facet normal  0.000000e+00  0.000000e+00  1.000000e+00
   outer loop
     vertex  3.097348e+01  1.018884e+02  9.300220e+01
     vertex  3.096070e+01  1.018043e+02  9.300220e+01
     vertex  3.095255e+01  1.017196e+02  9.300220e+01
   endloop
 endfacet
 facet normal  0.000000e+00  0.000000e+00  1.000000e+00
   outer loop
     vertex  3.098160e+01  1.019301e+02  9.300220e+01
     vertex  3.101278e+01  1.011730e+02  9.300220e+01
     vertex  3.105402e+01  1.010523e+02  9.300220e+01
   endloop
 endfacet
 facet normal  0.000000e+00  0.000000e+00  1.000000e+00
   outer loop
     vertex  3.098160e+01  1.019301e+02  9.300220e+01
     vertex  3.099086e+01  1.012552e+02  9.300220e+01
     vertex  3.101278e+01  1.011730e+02  9.300220e+01
   endloop
 endfacet
 facet normal  0.000000e+00  0.000000e+00  1.000000e+00
   outer loop
     vertex  3.098160e+01  1.019301e+02  9.300220e+01
     vertex  3.095255e+01  1.017196e+02  9.300220e+01
     vertex  3.095021e+01  1.016772e+02  9.300220e+01
   endloop
 endfacet
 facet normal  0.000000e+00  0.000000e+00  1.000000e+00
   outer loop
     vertex  3.098160e+01  1.019301e+02  9.300220e+01
     vertex  3.095021e+01  1.016772e+02  9.300220e+01
     vertex  3.094905e+01  1.016347e+02  9.300220e+01
   endloop
 endfacet
 facet normal  0.000000e+00  0.000000e+00  1.000000e+00
   outer loop
     vertex  3.098160e+01  1.019301e+02  9.300220e+01
     vertex  3.094905e+01  1.016347e+02  9.300220e+01
     vertex  3.094905e+01  1.015921e+02  9.300220e+01
   endloop
 endfacet
 facet normal  0.000000e+00  0.000000e+00  1.000000e+00
   outer loop
     vertex  3.098160e+01  1.019301e+02  9.300220e+01
     vertex  3.094905e+01  1.015921e+02  9.300220e+01
     vertex  3.095021e+01  1.015496e+02  9.300220e+01
   endloop
 endfacet
 facet normal  0.000000e+00  0.000000e+00  1.000000e+00
   outer loop
     vertex  3.098160e+01  1.019301e+02  9.300220e+01
     vertex  3.097348e+01  1.013384e+02  9.300220e+01
     vertex  3.099086e+01  1.012552e+02  9.300220e+01
   endloop
 endfacet
 facet normal  0.000000e+00  0.000000e+00  1.000000e+00
   outer loop
     vertex  3.098160e+01  1.019301e+02  9.300220e+01
     vertex  3.095021e+01  1.015496e+02  9.300220e+01
     vertex  3.095255e+01  1.015072e+02  9.300220e+01
   endloop
 endfacet
 facet normal  0.000000e+00  0.000000e+00  1.000000e+00
   outer loop
     vertex  3.098160e+01  1.019301e+02  9.300220e+01
     vertex  3.095255e+01  1.015072e+02  9.300220e+01
     vertex  3.096070e+01  1.014225e+02  9.300220e+01
   endloop
 endfacet
 facet normal  0.000000e+00  0.000000e+00  1.000000e+00
   outer loop
     vertex  3.098160e+01  1.019301e+02  9.300220e+01
     vertex  3.096070e+01  1.014225e+02  9.300220e+01
     vertex  3.097348e+01  1.013384e+02  9.300220e+01
   endloop
 endfacet
 facet normal  0.000000e+00  0.000000e+00  1.000000e+00
   outer loop
     vertex  3.098160e+01  1.019301e+02  9.300220e+01
     vertex  3.097348e+01  1.018884e+02  9.300220e+01
     vertex  3.095255e+01  1.017196e+02  9.300220e+01
   endloop
 endfacet
 facet normal  0.000000e+00  0.000000e+00  1.000000e+00
   outer loop
     vertex  3.098160e+01  1.019301e+02  9.300220e+01
     vertex  3.105402e+01  1.010523e+02  9.300220e+01
     vertex  3.106996e+01  1.010129e+02  9.300220e+01
   endloop
 endfacet
 facet normal  0.000000e+00  0.000000e+00  1.000000e+00
   outer loop
     vertex  3.098160e+01  1.019301e+02  9.300220e+01
     vertex  3.106996e+01  1.010129e+02  9.300220e+01
     vertex  3.108697e+01  1.009739e+02  9.300220e+01
   endloop
 endfacet
 facet normal  0.000000e+00  0.000000e+00  1.000000e+00
   outer loop
     vertex  3.098160e+01  1.019301e+02  9.300220e+01
     vertex  3.108697e+01  1.009739e+02  9.300220e+01
     vertex  3.110505e+01  1.009354e+02  9.300220e+01
   endloop
 endfacet
 facet normal  0.000000e+00  0.000000e+00  1.000000e+00
   outer loop
     vertex  3.098160e+01  1.019301e+02  9.300220e+01
     vertex  3.110505e+01  1.009354e+02  9.300220e+01
     vertex  3.112417e+01  1.008974e+02  9.300220e+01
   endloop
 endfacet
 facet normal  0.000000e+00  0.000000e+00  1.000000e+00
   outer loop
     vertex  3.098160e+01  1.019301e+02  9.300220e+01
     vertex  3.112417e+01  1.008974e+02  9.300220e+01
     vertex  3.114433e+01  1.008600e+02  9.300220e+01
   endloop
 endfacet
 facet normal  0.000000e+00  0.000000e+00  1.000000e+00
   outer loop
     vertex  3.098160e+01  1.019301e+02  9.300220e+01
     vertex  3.114433e+01  1.008600e+02  9.300220e+01
     vertex  3.116551e+01  1.008231e+02  9.300220e+01
   endloop
 endfacet
 facet normal  0.000000e+00  0.000000e+00  1.000000e+00
   outer loop
     vertex  3.098160e+01  1.019301e+02  9.300220e+01
     vertex  3.116551e+01  1.008231e+02  9.300220e+01
     vertex  3.118769e+01  1.007868e+02  9.300220e+01
   endloop
 endfacet
 facet normal  0.000000e+00  0.000000e+00  1.000000e+00
   outer loop
     vertex  3.098160e+01  1.019301e+02  9.300220e+01
     vertex  3.118769e+01  1.007868e+02  9.300220e+01
     vertex  3.121086e+01  1.007512e+02  9.300220e+01
   endloop
 endfacet
 facet normal  0.000000e+00  0.000000e+00  1.000000e+00
   outer loop
     vertex  3.288808e+01  1.001131e+02  9.300220e+01
     vertex  3.276340e+01  1.000861e+02  9.300220e+01
     vertex  3.280520e+01  1.000940e+02  9.300220e+01
   endloop
 endfacet
 facet normal  0.000000e+00  0.000000e+00  1.000000e+00
   outer loop
     vertex  3.288808e+01  1.001131e+02  9.300220e+01
     vertex  3.280520e+01  1.000940e+02  9.300220e+01
     vertex  3.284677e+01  1.001029e+02  9.300220e+01
   endloop
 endfacet
 facet normal  0.000000e+00  0.000000e+00  1.000000e+00
   outer loop
     vertex  3.292909e+01  1.001243e+02  9.300220e+01
     vertex  3.267924e+01  1.000739e+02  9.300220e+01
     vertex  3.276340e+01  1.000861e+02  9.300220e+01
   endloop
 endfacet
 facet normal  0.000000e+00  0.000000e+00  1.000000e+00
   outer loop
     vertex  3.292909e+01  1.001243e+02  9.300220e+01
     vertex  3.276340e+01  1.000861e+02  9.300220e+01
     vertex  3.288808e+01  1.001131e+02  9.300220e+01
   endloop
 endfacet
 facet normal  0.000000e+00  0.000000e+00  1.000000e+00
   outer loop
     vertex  3.101278e+01  1.020538e+02  9.300220e+01
     vertex  3.100126e+01  1.020129e+02  9.300220e+01
     vertex  3.099086e+01  1.019716e+02  9.300220e+01
   endloop
 endfacet
 facet normal  0.000000e+00  0.000000e+00  1.000000e+00
   outer loop
     vertex  3.101278e+01  1.020538e+02  9.300220e+01
     vertex  3.099086e+01  1.019716e+02  9.300220e+01
     vertex  3.098160e+01  1.019301e+02  9.300220e+01
   endloop
 endfacet
 facet normal  0.000000e+00  0.000000e+00  1.000000e+00
   outer loop
     vertex  3.101278e+01  1.020538e+02  9.300220e+01
     vertex  3.121086e+01  1.007512e+02  9.300220e+01
     vertex  3.123500e+01  1.007161e+02  9.300220e+01
   endloop
 endfacet
 facet normal  0.000000e+00  0.000000e+00  1.000000e+00
   outer loop
     vertex  3.101278e+01  1.020538e+02  9.300220e+01
     vertex  3.123500e+01  1.007161e+02  9.300220e+01
     vertex  3.126009e+01  1.006818e+02  9.300220e+01
   endloop
 endfacet
 facet normal  0.000000e+00  0.000000e+00  1.000000e+00
   outer loop
     vertex  3.101278e+01  1.020538e+02  9.300220e+01
     vertex  3.134088e+01  1.005831e+02  9.300220e+01
     vertex  3.136958e+01  1.005517e+02  9.300220e+01
   endloop
 endfacet
 facet normal  0.000000e+00  0.000000e+00  1.000000e+00
   outer loop
     vertex  3.101278e+01  1.020538e+02  9.300220e+01
     vertex  3.136958e+01  1.005517e+02  9.300220e+01
     vertex  3.139913e+01  1.005211e+02  9.300220e+01
   endloop
 endfacet
 facet normal  0.000000e+00  0.000000e+00  1.000000e+00
   outer loop
     vertex  3.101278e+01  1.020538e+02  9.300220e+01
     vertex  3.098160e+01  1.019301e+02  9.300220e+01
     vertex  3.121086e+01  1.007512e+02  9.300220e+01
   endloop
 endfacet
 facet normal  0.000000e+00  0.000000e+00  1.000000e+00
   outer loop
     vertex  3.101278e+01  1.020538e+02  9.300220e+01
     vertex  3.139913e+01  1.005211e+02  9.300220e+01
     vertex  3.142951e+01  1.004914e+02  9.300220e+01
   endloop
 endfacet
 facet normal  0.000000e+00  0.000000e+00  1.000000e+00
   outer loop
     vertex  3.101278e+01  1.020538e+02  9.300220e+01
     vertex  3.142951e+01  1.004914e+02  9.300220e+01
     vertex  3.149266e+01  1.004344e+02  9.300220e+01
   endloop
 endfacet
 facet normal  0.000000e+00  0.000000e+00  1.000000e+00
   outer loop
     vertex  3.101278e+01  1.020538e+02  9.300220e+01
     vertex  3.149266e+01  1.004344e+02  9.300220e+01
     vertex  3.152538e+01  1.004073e+02  9.300220e+01
   endloop
 endfacet
 facet normal  0.000000e+00  0.000000e+00  1.000000e+00
   outer loop
     vertex  3.101278e+01  1.020538e+02  9.300220e+01
     vertex  3.159300e+01  1.003557e+02  9.300220e+01
     vertex  3.162785e+01  1.003313e+02  9.300220e+01
   endloop
 endfacet
 facet normal  0.000000e+00  0.000000e+00  1.000000e+00
   outer loop
     vertex  3.101278e+01  1.020538e+02  9.300220e+01
     vertex  3.162785e+01  1.003313e+02  9.300220e+01
     vertex  3.166335e+01  1.003079e+02  9.300220e+01
   endloop
 endfacet
 facet normal  0.000000e+00  0.000000e+00  1.000000e+00
   outer loop
     vertex  3.101278e+01  1.020538e+02  9.300220e+01
     vertex  3.126009e+01  1.006818e+02  9.300220e+01
     vertex  3.134088e+01  1.005831e+02  9.300220e+01
   endloop
 endfacet
 facet normal  0.000000e+00  0.000000e+00  1.000000e+00
   outer loop
     vertex  3.101278e+01  1.020538e+02  9.300220e+01
     vertex  3.152538e+01  1.004073e+02  9.300220e+01
     vertex  3.159300e+01  1.003557e+02  9.300220e+01
   endloop
 endfacet
 facet normal  0.000000e+00  0.000000e+00  1.000000e+00
   outer loop
     vertex  3.296978e+01  1.001367e+02  9.300220e+01
     vertex  3.267924e+01  1.000739e+02  9.300220e+01
     vertex  3.292909e+01  1.001243e+02  9.300220e+01
   endloop
 endfacet
 facet normal  0.000000e+00  0.000000e+00  1.000000e+00
   outer loop
     vertex  3.103917e+01  1.021346e+02  9.300220e+01
     vertex  3.102542e+01  1.020944e+02  9.300220e+01
     vertex  3.101278e+01  1.020538e+02  9.300220e+01
   endloop
 endfacet
 facet normal  0.000000e+00  0.000000e+00  1.000000e+00
   outer loop
     vertex  3.308960e+01  1.001804e+02  9.300220e+01
     vertex  3.296978e+01  1.001367e+02  9.300220e+01
     vertex  3.301012e+01  1.001501e+02  9.300220e+01
   endloop
 endfacet
 facet normal  0.000000e+00  0.000000e+00  1.000000e+00
   outer loop
     vertex  3.308960e+01  1.001804e+02  9.300220e+01
     vertex  3.301012e+01  1.001501e+02  9.300220e+01
     vertex  3.305007e+01  1.001647e+02  9.300220e+01
   endloop
 endfacet
 facet normal  0.000000e+00  0.000000e+00  1.000000e+00
   outer loop
     vertex  3.106996e+01  1.022139e+02  9.300220e+01
     vertex  3.105402e+01  1.021745e+02  9.300220e+01
     vertex  3.103917e+01  1.021346e+02  9.300220e+01
   endloop
 endfacet
 facet normal  0.000000e+00  0.000000e+00  1.000000e+00
   outer loop
     vertex  3.110505e+01  1.022914e+02  9.300220e+01
     vertex  3.106996e+01  1.022139e+02  9.300220e+01
     vertex  3.103917e+01  1.021346e+02  9.300220e+01
   endloop
 endfacet
 facet normal  0.000000e+00  0.000000e+00  1.000000e+00
   outer loop
     vertex  3.110505e+01  1.022914e+02  9.300220e+01
     vertex  3.108697e+01  1.022529e+02  9.300220e+01
     vertex  3.106996e+01  1.022139e+02  9.300220e+01
   endloop
 endfacet
 facet normal  0.000000e+00  0.000000e+00  1.000000e+00
   outer loop
     vertex  3.114433e+01  1.023668e+02  9.300220e+01
     vertex  3.112417e+01  1.023294e+02  9.300220e+01
     vertex  3.110505e+01  1.022914e+02  9.300220e+01
   endloop
 endfacet
 facet normal  0.000000e+00  0.000000e+00  1.000000e+00
   outer loop
     vertex  3.328003e+01  1.002746e+02  9.300220e+01
     vertex  3.308960e+01  1.001804e+02  9.300220e+01
     vertex  3.312869e+01  1.001971e+02  9.300220e+01
   endloop
 endfacet
 facet normal  0.000000e+00  0.000000e+00  1.000000e+00
   outer loop
     vertex  3.328003e+01  1.002746e+02  9.300220e+01
     vertex  3.312869e+01  1.001971e+02  9.300220e+01
     vertex  3.316731e+01  1.002149e+02  9.300220e+01
   endloop
 endfacet
 facet normal  0.000000e+00  0.000000e+00  1.000000e+00
   outer loop
     vertex  3.328003e+01  1.002746e+02  9.300220e+01
     vertex  3.316731e+01  1.002149e+02  9.300220e+01
     vertex  3.320543e+01  1.002338e+02  9.300220e+01
   endloop
 endfacet
 facet normal  0.000000e+00  0.000000e+00  1.000000e+00
   outer loop
     vertex  3.328003e+01  1.002746e+02  9.300220e+01
     vertex  3.320543e+01  1.002338e+02  9.300220e+01
     vertex  3.324301e+01  1.002537e+02  9.300220e+01
   endloop
 endfacet
 facet normal  0.000000e+00  0.000000e+00  1.000000e+00
   outer loop
     vertex  3.116551e+01  1.024037e+02  9.300220e+01
     vertex  3.114433e+01  1.023668e+02  9.300220e+01
     vertex  3.110505e+01  1.022914e+02  9.300220e+01
   endloop
 endfacet
 facet normal  0.000000e+00  0.000000e+00  1.000000e+00
   outer loop
     vertex  3.121086e+01  1.024756e+02  9.300220e+01
     vertex  3.118769e+01  1.024400e+02  9.300220e+01
     vertex  3.116551e+01  1.024037e+02  9.300220e+01
   endloop
 endfacet
 facet normal  0.000000e+00  0.000000e+00  1.000000e+00
   outer loop
     vertex  3.338746e+01  1.003434e+02  9.300220e+01
     vertex  3.331646e+01  1.002966e+02  9.300220e+01
     vertex  3.335228e+01  1.003195e+02  9.300220e+01
   endloop
 endfacet
 facet normal  0.000000e+00  0.000000e+00  1.000000e+00
   outer loop
     vertex  3.342197e+01  1.003682e+02  9.300220e+01
     vertex  3.331646e+01  1.002966e+02  9.300220e+01
     vertex  3.338746e+01  1.003434e+02  9.300220e+01
   endloop
 endfacet
 facet normal  0.000000e+00  0.000000e+00  1.000000e+00
   outer loop
     vertex  3.342197e+01  1.003682e+02  9.300220e+01
     vertex  3.328003e+01  1.002746e+02  9.300220e+01
     vertex  3.331646e+01  1.002966e+02  9.300220e+01
   endloop
 endfacet
 facet normal  0.000000e+00  0.000000e+00  1.000000e+00
   outer loop
     vertex  3.342197e+01  1.003682e+02  9.300220e+01
     vertex  3.308960e+01  1.001804e+02  9.300220e+01
     vertex  3.328003e+01  1.002746e+02  9.300220e+01
   endloop
 endfacet
 facet normal  0.000000e+00  0.000000e+00  1.000000e+00
   outer loop
     vertex  3.128611e+01  1.025786e+02  9.300220e+01
     vertex  3.126009e+01  1.025450e+02  9.300220e+01
     vertex  3.123500e+01  1.025107e+02  9.300220e+01
   endloop
 endfacet
 facet normal  0.000000e+00  0.000000e+00  1.000000e+00
   outer loop
     vertex  3.128611e+01  1.025786e+02  9.300220e+01
     vertex  3.123500e+01  1.025107e+02  9.300220e+01
     vertex  3.121086e+01  1.024756e+02  9.300220e+01
   endloop
 endfacet
 facet normal  0.000000e+00  0.000000e+00  1.000000e+00
   outer loop
     vertex  3.131305e+01  1.026115e+02  9.300220e+01
     vertex  3.110505e+01  1.022914e+02  9.300220e+01
     vertex  3.103917e+01  1.021346e+02  9.300220e+01
   endloop
 endfacet
 facet normal  0.000000e+00  0.000000e+00  1.000000e+00
   outer loop
     vertex  3.131305e+01  1.026115e+02  9.300220e+01
     vertex  3.128611e+01  1.025786e+02  9.300220e+01
     vertex  3.121086e+01  1.024756e+02  9.300220e+01
   endloop
 endfacet
 facet normal  0.000000e+00  0.000000e+00  1.000000e+00
   outer loop
     vertex  3.131305e+01  1.026115e+02  9.300220e+01
     vertex  3.121086e+01  1.024756e+02  9.300220e+01
     vertex  3.116551e+01  1.024037e+02  9.300220e+01
   endloop
 endfacet
 facet normal  0.000000e+00  0.000000e+00  1.000000e+00
   outer loop
     vertex  3.131305e+01  1.026115e+02  9.300220e+01
     vertex  3.116551e+01  1.024037e+02  9.300220e+01
     vertex  3.110505e+01  1.022914e+02  9.300220e+01
   endloop
 endfacet
 facet normal  0.000000e+00  0.000000e+00  1.000000e+00
   outer loop
     vertex  3.355280e+01  1.004768e+02  9.300220e+01
     vertex  3.342197e+01  1.003682e+02  9.300220e+01
     vertex  3.345578e+01  1.003940e+02  9.300220e+01
   endloop
 endfacet
 facet normal  0.000000e+00  0.000000e+00  1.000000e+00
   outer loop
     vertex  3.355280e+01  1.004768e+02  9.300220e+01
     vertex  3.345578e+01  1.003940e+02  9.300220e+01
     vertex  3.348887e+01  1.004207e+02  9.300220e+01
   endloop
 endfacet
 facet normal  0.000000e+00  0.000000e+00  1.000000e+00
   outer loop
     vertex  3.355280e+01  1.004768e+02  9.300220e+01
     vertex  3.348887e+01  1.004207e+02  9.300220e+01
     vertex  3.352122e+01  1.004483e+02  9.300220e+01
   endloop
 endfacet
 facet normal  0.000000e+00  0.000000e+00  1.000000e+00
   outer loop
     vertex  3.136958e+01  1.026751e+02  9.300220e+01
     vertex  3.134088e+01  1.026437e+02  9.300220e+01
     vertex  3.131305e+01  1.026115e+02  9.300220e+01
   endloop
 endfacet
 facet normal  0.000000e+00  0.000000e+00  1.000000e+00
   outer loop
     vertex  3.358358e+01  1.005062e+02  9.300220e+01
     vertex  3.342197e+01  1.003682e+02  9.300220e+01
     vertex  3.355280e+01  1.004768e+02  9.300220e+01
   endloop
 endfacet
 facet normal  0.000000e+00  0.000000e+00  1.000000e+00
   outer loop
     vertex  3.361355e+01  1.005363e+02  9.300220e+01
     vertex  3.342197e+01  1.003682e+02  9.300220e+01
     vertex  3.358358e+01  1.005062e+02  9.300220e+01
   endloop
 endfacet
 facet normal  0.000000e+00  0.000000e+00  1.000000e+00
   outer loop
     vertex  3.142951e+01  1.027354e+02  9.300220e+01
     vertex  3.136958e+01  1.026751e+02  9.300220e+01
     vertex  3.131305e+01  1.026115e+02  9.300220e+01
   endloop
 endfacet
 facet normal  0.000000e+00  0.000000e+00  1.000000e+00
   outer loop
     vertex  3.142951e+01  1.027354e+02  9.300220e+01
     vertex  3.139913e+01  1.027057e+02  9.300220e+01
     vertex  3.136958e+01  1.026751e+02  9.300220e+01
   endloop
 endfacet
 facet normal  0.000000e+00  0.000000e+00  1.000000e+00
   outer loop
     vertex  3.146069e+01  1.027643e+02  9.300220e+01
     vertex  3.142951e+01  1.027354e+02  9.300220e+01
     vertex  3.131305e+01  1.026115e+02  9.300220e+01
   endloop
 endfacet
 facet normal  0.000000e+00  0.000000e+00  1.000000e+00
   outer loop
     vertex  3.367094e+01  1.005991e+02  9.300220e+01
     vertex  3.361355e+01  1.005363e+02  9.300220e+01
     vertex  3.364268e+01  1.005673e+02  9.300220e+01
   endloop
 endfacet
 facet normal  0.000000e+00  0.000000e+00  1.000000e+00
   outer loop
     vertex  3.149266e+01  1.027924e+02  9.300220e+01
     vertex  3.146069e+01  1.027643e+02  9.300220e+01
     vertex  3.131305e+01  1.026115e+02  9.300220e+01
   endloop
 endfacet
 facet normal  0.000000e+00  0.000000e+00  1.000000e+00
   outer loop
     vertex  3.369833e+01  1.006316e+02  9.300220e+01
     vertex  3.361355e+01  1.005363e+02  9.300220e+01
     vertex  3.367094e+01  1.005991e+02  9.300220e+01
   endloop
 endfacet
 facet normal  0.000000e+00  0.000000e+00  1.000000e+00
   outer loop
     vertex  3.152538e+01  1.028195e+02  9.300220e+01
     vertex  3.149266e+01  1.027924e+02  9.300220e+01
     vertex  3.131305e+01  1.026115e+02  9.300220e+01
   endloop
 endfacet
 facet normal  0.000000e+00  0.000000e+00  1.000000e+00
   outer loop
     vertex  3.372481e+01  1.006649e+02  9.300220e+01
     vertex  3.342197e+01  1.003682e+02  9.300220e+01
     vertex  3.361355e+01  1.005363e+02  9.300220e+01
   endloop
 endfacet
 facet normal  0.000000e+00  0.000000e+00  1.000000e+00
   outer loop
     vertex  3.372481e+01  1.006649e+02  9.300220e+01
     vertex  3.361355e+01  1.005363e+02  9.300220e+01
     vertex  3.369833e+01  1.006316e+02  9.300220e+01
   endloop
 endfacet
 facet normal  0.000000e+00  0.000000e+00  1.000000e+00
   outer loop
     vertex  3.377499e+01  1.007336e+02  9.300220e+01
     vertex  3.372481e+01  1.006649e+02  9.300220e+01
     vertex  3.375037e+01  1.006989e+02  9.300220e+01
   endloop
 endfacet
 facet normal  0.000000e+00  0.000000e+00  1.000000e+00
   outer loop
     vertex  3.377499e+01  1.007336e+02  9.300220e+01
     vertex  3.342197e+01  1.003682e+02  9.300220e+01
     vertex  3.372481e+01  1.006649e+02  9.300220e+01
   endloop
 endfacet
 facet normal  0.000000e+00  0.000000e+00  1.000000e+00
   outer loop
     vertex  3.379865e+01  1.007689e+02  9.300220e+01
     vertex  3.342197e+01  1.003682e+02  9.300220e+01
     vertex  3.377499e+01  1.007336e+02  9.300220e+01
   endloop
 endfacet
 facet normal  0.000000e+00  0.000000e+00  1.000000e+00
   outer loop
     vertex  3.166335e+01  1.029189e+02  9.300220e+01
     vertex  3.162785e+01  1.028955e+02  9.300220e+01
     vertex  3.159300e+01  1.028711e+02  9.300220e+01
   endloop
 endfacet
 facet normal  0.000000e+00  0.000000e+00  1.000000e+00
   outer loop
     vertex  3.166335e+01  1.029189e+02  9.300220e+01
     vertex  3.159300e+01  1.028711e+02  9.300220e+01
     vertex  3.155884e+01  1.028458e+02  9.300220e+01
   endloop
 endfacet
 facet normal  0.000000e+00  0.000000e+00  1.000000e+00
   outer loop
     vertex  3.169948e+01  1.029413e+02  9.300220e+01
     vertex  3.155884e+01  1.028458e+02  9.300220e+01
     vertex  3.152538e+01  1.028195e+02  9.300220e+01
   endloop
 endfacet
 facet normal  0.000000e+00  0.000000e+00  1.000000e+00
   outer loop
     vertex  3.169948e+01  1.029413e+02  9.300220e+01
     vertex  3.166335e+01  1.029189e+02  9.300220e+01
     vertex  3.155884e+01  1.028458e+02  9.300220e+01
   endloop
 endfacet
 facet normal  0.000000e+00  0.000000e+00  1.000000e+00
   outer loop
     vertex  3.386368e+01  1.008786e+02  9.300220e+01
     vertex  3.382132e+01  1.008049e+02  9.300220e+01
     vertex  3.384301e+01  1.008415e+02  9.300220e+01
   endloop
 endfacet
 facet normal  0.000000e+00  0.000000e+00  1.000000e+00
   outer loop
     vertex  3.177351e+01  1.029832e+02  9.300220e+01
     vertex  3.173621e+01  1.029628e+02  9.300220e+01
     vertex  3.169948e+01  1.029413e+02  9.300220e+01
   endloop
 endfacet
 facet normal  0.000000e+00  0.000000e+00  1.000000e+00
   outer loop
     vertex  3.390192e+01  1.009546e+02  9.300220e+01
     vertex  3.386368e+01  1.008786e+02  9.300220e+01
     vertex  3.388332e+01  1.009164e+02  9.300220e+01
   endloop
 endfacet
 facet normal  0.000000e+00  0.000000e+00  1.000000e+00
   outer loop
     vertex  3.390192e+01  1.009546e+02  9.300220e+01
     vertex  3.382132e+01  1.008049e+02  9.300220e+01
     vertex  3.386368e+01  1.008786e+02  9.300220e+01
   endloop
 endfacet
 facet normal  0.000000e+00  0.000000e+00  1.000000e+00
   outer loop
     vertex  3.184974e+01  1.030209e+02  9.300220e+01
     vertex  3.181137e+01  1.030026e+02  9.300220e+01
     vertex  3.177351e+01  1.029832e+02  9.300220e+01
   endloop
 endfacet
 facet normal  0.000000e+00  0.000000e+00  1.000000e+00
   outer loop
     vertex  3.391947e+01  1.009933e+02  9.300220e+01
     vertex  3.379865e+01  1.007689e+02  9.300220e+01
     vertex  3.382132e+01  1.008049e+02  9.300220e+01
   endloop
 endfacet
 facet normal  0.000000e+00  0.000000e+00  1.000000e+00
   outer loop
     vertex  3.391947e+01  1.009933e+02  9.300220e+01
     vertex  3.382132e+01  1.008049e+02  9.300220e+01
     vertex  3.390192e+01  1.009546e+02  9.300220e+01
   endloop
 endfacet
 facet normal  0.000000e+00  0.000000e+00  1.000000e+00
   outer loop
     vertex  3.393595e+01  1.010325e+02  9.300220e+01
     vertex  3.379865e+01  1.007689e+02  9.300220e+01
     vertex  3.391947e+01  1.009933e+02  9.300220e+01
   endloop
 endfacet
 facet normal  0.000000e+00  0.000000e+00  1.000000e+00
   outer loop
     vertex  3.192791e+01  1.030544e+02  9.300220e+01
     vertex  3.177351e+01  1.029832e+02  9.300220e+01
     vertex  3.169948e+01  1.029413e+02  9.300220e+01
   endloop
 endfacet
 facet normal  0.000000e+00  0.000000e+00  1.000000e+00
   outer loop
     vertex  3.192791e+01  1.030544e+02  9.300220e+01
     vertex  3.188859e+01  1.030382e+02  9.300220e+01
     vertex  3.184974e+01  1.030209e+02  9.300220e+01
   endloop
 endfacet
 facet normal  0.000000e+00  0.000000e+00  1.000000e+00
   outer loop
     vertex  3.192791e+01  1.030544e+02  9.300220e+01
     vertex  3.184974e+01  1.030209e+02  9.300220e+01
     vertex  3.177351e+01  1.029832e+02  9.300220e+01
   endloop
 endfacet
 facet normal  0.000000e+00  0.000000e+00  1.000000e+00
   outer loop
     vertex  3.395134e+01  1.010722e+02  9.300220e+01
     vertex  3.379865e+01  1.007689e+02  9.300220e+01
     vertex  3.393595e+01  1.010325e+02  9.300220e+01
   endloop
 endfacet
 facet normal  0.000000e+00  0.000000e+00  1.000000e+00
   outer loop
     vertex  3.395134e+01  1.010722e+02  9.300220e+01
     vertex  3.342197e+01  1.003682e+02  9.300220e+01
     vertex  3.379865e+01  1.007689e+02  9.300220e+01
   endloop
 endfacet
 facet normal  0.000000e+00  0.000000e+00  1.000000e+00
   outer loop
     vertex  3.196766e+01  1.030695e+02  9.300220e+01
     vertex  3.169948e+01  1.029413e+02  9.300220e+01
     vertex  3.152538e+01  1.028195e+02  9.300220e+01
   endloop
 endfacet
 facet normal  0.000000e+00  0.000000e+00  1.000000e+00
   outer loop
     vertex  3.196766e+01  1.030695e+02  9.300220e+01
     vertex  3.131305e+01  1.026115e+02  9.300220e+01
     vertex  3.103917e+01  1.021346e+02  9.300220e+01
   endloop
 endfacet
 facet normal  0.000000e+00  0.000000e+00  1.000000e+00
   outer loop
     vertex  3.196766e+01  1.030695e+02  9.300220e+01
     vertex  3.152538e+01  1.028195e+02  9.300220e+01
     vertex  3.131305e+01  1.026115e+02  9.300220e+01
   endloop
 endfacet
 facet normal  0.000000e+00  0.000000e+00  1.000000e+00
   outer loop
     vertex  3.196766e+01  1.030695e+02  9.300220e+01
     vertex  3.192791e+01  1.030544e+02  9.300220e+01
     vertex  3.169948e+01  1.029413e+02  9.300220e+01
   endloop
 endfacet
 facet normal  0.000000e+00  0.000000e+00  1.000000e+00
   outer loop
     vertex  3.196766e+01  1.030695e+02  9.300220e+01
     vertex  3.103917e+01  1.021346e+02  9.300220e+01
     vertex  3.101278e+01  1.020538e+02  9.300220e+01
   endloop
 endfacet
 facet normal  0.000000e+00  0.000000e+00  1.000000e+00
   outer loop
     vertex  3.399092e+01  1.011934e+02  9.300220e+01
     vertex  3.396564e+01  1.011122e+02  9.300220e+01
     vertex  3.397884e+01  1.011527e+02  9.300220e+01
   endloop
 endfacet
 facet normal  0.000000e+00  0.000000e+00  1.000000e+00
   outer loop
     vertex  3.208918e+01  1.031083e+02  9.300220e+01
     vertex  3.204832e+01  1.030965e+02  9.300220e+01
     vertex  3.200781e+01  1.030835e+02  9.300220e+01
   endloop
 endfacet
 facet normal  0.000000e+00  0.000000e+00  1.000000e+00
   outer loop
     vertex  3.400188e+01  1.012345e+02  9.300220e+01
     vertex  3.395134e+01  1.010722e+02  9.300220e+01
     vertex  3.396564e+01  1.011122e+02  9.300220e+01
   endloop
 endfacet
 facet normal  0.000000e+00  0.000000e+00  1.000000e+00
   outer loop
     vertex  3.400188e+01  1.012345e+02  9.300220e+01
     vertex  3.396564e+01  1.011122e+02  9.300220e+01
     vertex  3.399092e+01  1.011934e+02  9.300220e+01
   endloop
 endfacet
 facet normal  0.000000e+00  0.000000e+00  1.000000e+00
   outer loop
     vertex  3.213034e+01  1.031189e+02  9.300220e+01
     vertex  3.208918e+01  1.031083e+02  9.300220e+01
     vertex  3.200781e+01  1.030835e+02  9.300220e+01
   endloop
 endfacet
 facet normal  0.000000e+00  0.000000e+00  1.000000e+00
   outer loop
     vertex  3.401171e+01  1.012759e+02  9.300220e+01
     vertex  3.395134e+01  1.010722e+02  9.300220e+01
     vertex  3.400188e+01  1.012345e+02  9.300220e+01
   endloop
 endfacet
 facet normal  0.000000e+00  0.000000e+00  1.000000e+00
   outer loop
     vertex  3.217179e+01  1.031285e+02  9.300220e+01
     vertex  3.196766e+01  1.030695e+02  9.300220e+01
     vertex  3.101278e+01  1.020538e+02  9.300220e+01
   endloop
 endfacet
 facet normal  0.000000e+00  0.000000e+00  1.000000e+00
   outer loop
     vertex  3.217179e+01  1.031285e+02  9.300220e+01
     vertex  3.213034e+01  1.031189e+02  9.300220e+01
     vertex  3.200781e+01  1.030835e+02  9.300220e+01
   endloop
 endfacet
 facet normal  0.000000e+00  0.000000e+00  1.000000e+00
   outer loop
     vertex  3.217179e+01  1.031285e+02  9.300220e+01
     vertex  3.200781e+01  1.030835e+02  9.300220e+01
     vertex  3.196766e+01  1.030695e+02  9.300220e+01
   endloop
 endfacet
 facet normal  0.000000e+00  0.000000e+00  1.000000e+00
   outer loop
     vertex  3.402794e+01  1.013594e+02  9.300220e+01
     vertex  3.395134e+01  1.010722e+02  9.300220e+01
     vertex  3.401171e+01  1.012759e+02  9.300220e+01
   endloop
 endfacet
 facet normal  0.000000e+00  0.000000e+00  1.000000e+00
   outer loop
     vertex  3.402794e+01  1.013594e+02  9.300220e+01
     vertex  3.401171e+01  1.012759e+02  9.300220e+01
     vertex  3.402040e+01  1.013175e+02  9.300220e+01
   endloop
 endfacet
 facet normal  0.000000e+00  0.000000e+00  1.000000e+00
   outer loop
     vertex  3.225538e+01  1.031442e+02  9.300220e+01
     vertex  3.221347e+01  1.031369e+02  9.300220e+01
     vertex  3.217179e+01  1.031285e+02  9.300220e+01
   endloop
 endfacet
 facet normal  0.000000e+00  0.000000e+00  1.000000e+00
   outer loop
     vertex  3.403434e+01  1.014014e+02  9.300220e+01
     vertex  3.395134e+01  1.010722e+02  9.300220e+01
     vertex  3.402794e+01  1.013594e+02  9.300220e+01
   endloop
 endfacet
 facet normal  0.000000e+00  0.000000e+00  1.000000e+00
   outer loop
     vertex  3.229746e+01  1.031503e+02  9.300220e+01
     vertex  3.225538e+01  1.031442e+02  9.300220e+01
     vertex  3.217179e+01  1.031285e+02  9.300220e+01
   endloop
 endfacet
 facet normal  0.000000e+00  0.000000e+00  1.000000e+00
   outer loop
     vertex  3.233970e+01  1.031552e+02  9.300220e+01
     vertex  3.229746e+01  1.031503e+02  9.300220e+01
     vertex  3.217179e+01  1.031285e+02  9.300220e+01
   endloop
 endfacet
 facet normal  0.000000e+00  0.000000e+00  1.000000e+00
   outer loop
     vertex  3.404365e+01  1.014860e+02  9.300220e+01
     vertex  3.395134e+01  1.010722e+02  9.300220e+01
     vertex  3.403434e+01  1.014014e+02  9.300220e+01
   endloop
 endfacet
 facet normal  0.000000e+00  0.000000e+00  1.000000e+00
   outer loop
     vertex  3.404365e+01  1.014860e+02  9.300220e+01
     vertex  3.403434e+01  1.014014e+02  9.300220e+01
     vertex  3.403957e+01  1.014436e+02  9.300220e+01
   endloop
 endfacet
 facet normal  0.000000e+00  0.000000e+00  1.000000e+00
   outer loop
     vertex  3.242450e+01  1.031616e+02  9.300220e+01
     vertex  3.233970e+01  1.031552e+02  9.300220e+01
     vertex  3.217179e+01  1.031285e+02  9.300220e+01
   endloop
 endfacet
 facet normal  0.000000e+00  0.000000e+00  1.000000e+00
   outer loop
     vertex  3.242450e+01  1.031616e+02  9.300220e+01
     vertex  3.238206e+01  1.031590e+02  9.300220e+01
     vertex  3.233970e+01  1.031552e+02  9.300220e+01
   endloop
 endfacet
 facet normal  0.000000e+00  0.000000e+00  1.000000e+00
   outer loop
     vertex  3.404832e+01  1.015709e+02  9.300220e+01
     vertex  3.404365e+01  1.014860e+02  9.300220e+01
     vertex  3.404657e+01  1.015284e+02  9.300220e+01
   endloop
 endfacet
 facet normal  0.000000e+00  0.000000e+00  1.000000e+00
   outer loop
     vertex  3.250953e+01  1.031634e+02  9.300220e+01
     vertex  3.246701e+01  1.031631e+02  9.300220e+01
     vertex  3.242450e+01  1.031616e+02  9.300220e+01
   endloop
 endfacet
 facet normal  0.000000e+00  0.000000e+00  1.000000e+00
   outer loop
     vertex  3.404832e+01  1.016559e+02  9.300220e+01
     vertex  3.404832e+01  1.015709e+02  9.300220e+01
     vertex  3.404890e+01  1.016134e+02  9.300220e+01
   endloop
 endfacet
 facet normal  0.000000e+00  0.000000e+00  1.000000e+00
   outer loop
     vertex  3.404657e+01  1.016984e+02  9.300220e+01
     vertex  3.404832e+01  1.015709e+02  9.300220e+01
     vertex  3.404832e+01  1.016559e+02  9.300220e+01
   endloop
 endfacet
 facet normal  0.000000e+00  0.000000e+00  1.000000e+00
   outer loop
     vertex  3.259453e+01  1.031604e+02  9.300220e+01
     vertex  3.255205e+01  1.031625e+02  9.300220e+01
     vertex  3.250953e+01  1.031634e+02  9.300220e+01
   endloop
 endfacet
 facet normal  0.000000e+00  0.000000e+00  1.000000e+00
   outer loop
     vertex  3.263693e+01  1.031572e+02  9.300220e+01
     vertex  3.250953e+01  1.031634e+02  9.300220e+01
     vertex  3.242450e+01  1.031616e+02  9.300220e+01
   endloop
 endfacet
 facet normal  0.000000e+00  0.000000e+00  1.000000e+00
   outer loop
     vertex  3.263693e+01  1.031572e+02  9.300220e+01
     vertex  3.259453e+01  1.031604e+02  9.300220e+01
     vertex  3.250953e+01  1.031634e+02  9.300220e+01
   endloop
 endfacet
 facet normal  0.000000e+00  0.000000e+00  1.000000e+00
   outer loop
     vertex  3.403957e+01  1.017832e+02  9.300220e+01
     vertex  3.404657e+01  1.016984e+02  9.300220e+01
     vertex  3.404365e+01  1.017408e+02  9.300220e+01
   endloop
 endfacet
 facet normal  0.000000e+00  0.000000e+00  1.000000e+00
   outer loop
     vertex  3.403957e+01  1.017832e+02  9.300220e+01
     vertex  3.404832e+01  1.015709e+02  9.300220e+01
     vertex  3.404657e+01  1.016984e+02  9.300220e+01
   endloop
 endfacet
 facet normal  0.000000e+00  0.000000e+00  1.000000e+00
   outer loop
     vertex  3.403434e+01  1.018254e+02  9.300220e+01
     vertex  3.404832e+01  1.015709e+02  9.300220e+01
     vertex  3.403957e+01  1.017832e+02  9.300220e+01
   endloop
 endfacet
 facet normal  0.000000e+00  0.000000e+00  1.000000e+00
   outer loop
     vertex  3.272140e+01  1.031473e+02  9.300220e+01
     vertex  3.267924e+01  1.031529e+02  9.300220e+01
     vertex  3.263693e+01  1.031572e+02  9.300220e+01
   endloop
 endfacet
 facet normal  0.000000e+00  0.000000e+00  1.000000e+00
   outer loop
     vertex  3.276340e+01  1.031407e+02  9.300220e+01
     vertex  3.272140e+01  1.031473e+02  9.300220e+01
     vertex  3.263693e+01  1.031572e+02  9.300220e+01
   endloop
 endfacet
 facet normal  0.000000e+00  0.000000e+00  1.000000e+00
   outer loop
     vertex  3.402040e+01  1.019093e+02  9.300220e+01
     vertex  3.403434e+01  1.018254e+02  9.300220e+01
     vertex  3.402794e+01  1.018674e+02  9.300220e+01
   endloop
 endfacet
 facet normal  0.000000e+00  0.000000e+00  1.000000e+00
   outer loop
     vertex  3.402040e+01  1.019093e+02  9.300220e+01
     vertex  3.404365e+01  1.014860e+02  9.300220e+01
     vertex  3.404832e+01  1.015709e+02  9.300220e+01
   endloop
 endfacet
 facet normal  0.000000e+00  0.000000e+00  1.000000e+00
   outer loop
     vertex  3.402040e+01  1.019093e+02  9.300220e+01
     vertex  3.404832e+01  1.015709e+02  9.300220e+01
     vertex  3.403434e+01  1.018254e+02  9.300220e+01
   endloop
 endfacet
 facet normal  0.000000e+00  0.000000e+00  1.000000e+00
   outer loop
     vertex  3.284677e+01  1.031239e+02  9.300220e+01
     vertex  3.217179e+01  1.031285e+02  9.300220e+01
     vertex  3.101278e+01  1.020538e+02  9.300220e+01
   endloop
 endfacet
 facet normal  0.000000e+00  0.000000e+00  1.000000e+00
   outer loop
     vertex  3.284677e+01  1.031239e+02  9.300220e+01
     vertex  3.280520e+01  1.031328e+02  9.300220e+01
     vertex  3.276340e+01  1.031407e+02  9.300220e+01
   endloop
 endfacet
 facet normal  0.000000e+00  0.000000e+00  1.000000e+00
   outer loop
     vertex  3.284677e+01  1.031239e+02  9.300220e+01
     vertex  3.242450e+01  1.031616e+02  9.300220e+01
     vertex  3.217179e+01  1.031285e+02  9.300220e+01
   endloop
 endfacet
 facet normal  0.000000e+00  0.000000e+00  1.000000e+00
   outer loop
     vertex  3.284677e+01  1.031239e+02  9.300220e+01
     vertex  3.263693e+01  1.031572e+02  9.300220e+01
     vertex  3.242450e+01  1.031616e+02  9.300220e+01
   endloop
 endfacet
 facet normal  0.000000e+00  0.000000e+00  1.000000e+00
   outer loop
     vertex  3.284677e+01  1.031239e+02  9.300220e+01
     vertex  3.276340e+01  1.031407e+02  9.300220e+01
     vertex  3.263693e+01  1.031572e+02  9.300220e+01
   endloop
 endfacet
 facet normal  0.000000e+00  0.000000e+00  1.000000e+00
   outer loop
     vertex  3.284677e+01  1.031239e+02  9.300220e+01
     vertex  3.101278e+01  1.020538e+02  9.300220e+01
     vertex  3.166335e+01  1.003079e+02  9.300220e+01
   endloop
 endfacet
 facet normal  0.000000e+00  0.000000e+00  1.000000e+00
   outer loop
     vertex  3.284677e+01  1.031239e+02  9.300220e+01
     vertex  3.166335e+01  1.003079e+02  9.300220e+01
     vertex  3.196766e+01  1.001573e+02  9.300220e+01
   endloop
 endfacet
 facet normal  0.000000e+00  0.000000e+00  1.000000e+00
   outer loop
     vertex  3.400188e+01  1.019923e+02  9.300220e+01
     vertex  3.402040e+01  1.019093e+02  9.300220e+01
     vertex  3.401171e+01  1.019509e+02  9.300220e+01
   endloop
 endfacet
 facet normal  0.000000e+00  0.000000e+00  1.000000e+00
   outer loop
     vertex  3.400188e+01  1.019923e+02  9.300220e+01
     vertex  3.404365e+01  1.014860e+02  9.300220e+01
     vertex  3.402040e+01  1.019093e+02  9.300220e+01
   endloop
 endfacet
 facet normal  0.000000e+00  0.000000e+00  1.000000e+00
   outer loop
     vertex  3.399092e+01  1.020334e+02  9.300220e+01
     vertex  3.404365e+01  1.014860e+02  9.300220e+01
     vertex  3.400188e+01  1.019923e+02  9.300220e+01
   endloop
 endfacet
 facet normal  0.000000e+00  0.000000e+00  1.000000e+00
   outer loop
     vertex  3.292909e+01  1.031025e+02  9.300220e+01
     vertex  3.288808e+01  1.031137e+02  9.300220e+01
     vertex  3.284677e+01  1.031239e+02  9.300220e+01
   endloop
 endfacet
 facet normal  0.000000e+00  0.000000e+00  1.000000e+00
   outer loop
     vertex  3.396564e+01  1.021146e+02  9.300220e+01
     vertex  3.399092e+01  1.020334e+02  9.300220e+01
     vertex  3.397884e+01  1.020741e+02  9.300220e+01
   endloop
 endfacet
 facet normal  0.000000e+00  0.000000e+00  1.000000e+00
   outer loop
     vertex  3.396564e+01  1.021146e+02  9.300220e+01
     vertex  3.404365e+01  1.014860e+02  9.300220e+01
     vertex  3.399092e+01  1.020334e+02  9.300220e+01
   endloop
 endfacet
 facet normal  0.000000e+00  0.000000e+00  1.000000e+00
   outer loop
     vertex  3.301012e+01  1.030767e+02  9.300220e+01
     vertex  3.296978e+01  1.030901e+02  9.300220e+01
     vertex  3.292909e+01  1.031025e+02  9.300220e+01
   endloop
 endfacet
 facet normal  0.000000e+00  0.000000e+00  1.000000e+00
   outer loop
     vertex  3.305007e+01  1.030621e+02  9.300220e+01
     vertex  3.301012e+01  1.030767e+02  9.300220e+01
     vertex  3.292909e+01  1.031025e+02  9.300220e+01
   endloop
 endfacet
 facet normal  0.000000e+00  0.000000e+00  1.000000e+00
   outer loop
     vertex  3.393595e+01  1.021943e+02  9.300220e+01
     vertex  3.396564e+01  1.021146e+02  9.300220e+01
     vertex  3.395134e+01  1.021546e+02  9.300220e+01
   endloop
 endfacet
 facet normal  0.000000e+00  0.000000e+00  1.000000e+00
   outer loop
     vertex  3.308960e+01  1.030464e+02  9.300220e+01
     vertex  3.305007e+01  1.030621e+02  9.300220e+01
     vertex  3.292909e+01  1.031025e+02  9.300220e+01
   endloop
 endfacet
 facet normal  0.000000e+00  0.000000e+00  1.000000e+00
   outer loop
     vertex  3.308960e+01  1.030464e+02  9.300220e+01
     vertex  3.292909e+01  1.031025e+02  9.300220e+01
     vertex  3.284677e+01  1.031239e+02  9.300220e+01
   endloop
 endfacet
 facet normal  0.000000e+00  0.000000e+00  1.000000e+00
   outer loop
     vertex  3.312869e+01  1.030297e+02  9.300220e+01
     vertex  3.308960e+01  1.030464e+02  9.300220e+01
     vertex  3.284677e+01  1.031239e+02  9.300220e+01
   endloop
 endfacet
 facet normal  0.000000e+00  0.000000e+00  1.000000e+00
   outer loop
     vertex  3.390192e+01  1.022722e+02  9.300220e+01
     vertex  3.393595e+01  1.021943e+02  9.300220e+01
     vertex  3.391947e+01  1.022335e+02  9.300220e+01
   endloop
 endfacet
 facet normal  0.000000e+00  0.000000e+00  1.000000e+00
   outer loop
     vertex  3.390192e+01  1.022722e+02  9.300220e+01
     vertex  3.404365e+01  1.014860e+02  9.300220e+01
     vertex  3.396564e+01  1.021146e+02  9.300220e+01
   endloop
 endfacet
 facet normal  0.000000e+00  0.000000e+00  1.000000e+00
   outer loop
     vertex  3.390192e+01  1.022722e+02  9.300220e+01
     vertex  3.396564e+01  1.021146e+02  9.300220e+01
     vertex  3.393595e+01  1.021943e+02  9.300220e+01
   endloop
 endfacet
 facet normal  0.000000e+00  0.000000e+00  1.000000e+00
   outer loop
     vertex  3.390192e+01  1.022722e+02  9.300220e+01
     vertex  3.395134e+01  1.010722e+02  9.300220e+01
     vertex  3.404365e+01  1.014860e+02  9.300220e+01
   endloop
 endfacet
 facet normal  0.000000e+00  0.000000e+00  1.000000e+00
   outer loop
     vertex  3.316731e+01  1.030119e+02  9.300220e+01
     vertex  3.312869e+01  1.030297e+02  9.300220e+01
     vertex  3.284677e+01  1.031239e+02  9.300220e+01
   endloop
 endfacet
 facet normal  0.000000e+00  0.000000e+00  1.000000e+00
   outer loop
     vertex  3.320543e+01  1.029930e+02  9.300220e+01
     vertex  3.316731e+01  1.030119e+02  9.300220e+01
     vertex  3.284677e+01  1.031239e+02  9.300220e+01
   endloop
 endfacet
 facet normal  0.000000e+00  0.000000e+00  1.000000e+00
   outer loop
     vertex  3.328003e+01  1.029522e+02  9.300220e+01
     vertex  3.324301e+01  1.029731e+02  9.300220e+01
     vertex  3.320543e+01  1.029930e+02  9.300220e+01
   endloop
 endfacet
 facet normal  0.000000e+00  0.000000e+00  1.000000e+00
   outer loop
     vertex  3.382132e+01  1.024219e+02  9.300220e+01
     vertex  3.388332e+01  1.023104e+02  9.300220e+01
     vertex  3.386368e+01  1.023482e+02  9.300220e+01
   endloop
 endfacet
 facet normal  0.000000e+00  0.000000e+00  1.000000e+00
   outer loop
     vertex  3.382132e+01  1.024219e+02  9.300220e+01
     vertex  3.386368e+01  1.023482e+02  9.300220e+01
     vertex  3.384301e+01  1.023853e+02  9.300220e+01
   endloop
 endfacet
 facet normal  0.000000e+00  0.000000e+00  1.000000e+00
   outer loop
     vertex  3.379865e+01  1.024579e+02  9.300220e+01
     vertex  3.390192e+01  1.022722e+02  9.300220e+01
     vertex  3.388332e+01  1.023104e+02  9.300220e+01
   endloop
 endfacet
 facet normal  0.000000e+00  0.000000e+00  1.000000e+00
   outer loop
     vertex  3.379865e+01  1.024579e+02  9.300220e+01
     vertex  3.388332e+01  1.023104e+02  9.300220e+01
     vertex  3.382132e+01  1.024219e+02  9.300220e+01
   endloop
 endfacet
 facet normal  0.000000e+00  0.000000e+00  1.000000e+00
   outer loop
     vertex  3.335228e+01  1.029073e+02  9.300220e+01
     vertex  3.196766e+01  1.001573e+02  9.300220e+01
     vertex  3.208918e+01  1.001185e+02  9.300220e+01
   endloop
 endfacet
 facet normal  0.000000e+00  0.000000e+00  1.000000e+00
   outer loop
     vertex  3.335228e+01  1.029073e+02  9.300220e+01
     vertex  3.208918e+01  1.001185e+02  9.300220e+01
     vertex  3.217179e+01  1.000983e+02  9.300220e+01
   endloop
 endfacet
 facet normal  0.000000e+00  0.000000e+00  1.000000e+00
   outer loop
     vertex  3.335228e+01  1.029073e+02  9.300220e+01
     vertex  3.320543e+01  1.029930e+02  9.300220e+01
     vertex  3.284677e+01  1.031239e+02  9.300220e+01
   endloop
 endfacet
 facet normal  0.000000e+00  0.000000e+00  1.000000e+00
   outer loop
     vertex  3.335228e+01  1.029073e+02  9.300220e+01
     vertex  3.331646e+01  1.029302e+02  9.300220e+01
     vertex  3.328003e+01  1.029522e+02  9.300220e+01
   endloop
 endfacet
 facet normal  0.000000e+00  0.000000e+00  1.000000e+00
   outer loop
     vertex  3.335228e+01  1.029073e+02  9.300220e+01
     vertex  3.328003e+01  1.029522e+02  9.300220e+01
     vertex  3.320543e+01  1.029930e+02  9.300220e+01
   endloop
 endfacet
 facet normal  0.000000e+00  0.000000e+00  1.000000e+00
   outer loop
     vertex  3.335228e+01  1.029073e+02  9.300220e+01
     vertex  3.229746e+01  1.000765e+02  9.300220e+01
     vertex  3.255205e+01  1.000643e+02  9.300220e+01
   endloop
 endfacet
 facet normal  0.000000e+00  0.000000e+00  1.000000e+00
   outer loop
     vertex  3.335228e+01  1.029073e+02  9.300220e+01
     vertex  3.255205e+01  1.000643e+02  9.300220e+01
     vertex  3.267924e+01  1.000739e+02  9.300220e+01
   endloop
 endfacet
 facet normal  0.000000e+00  0.000000e+00  1.000000e+00
   outer loop
     vertex  3.335228e+01  1.029073e+02  9.300220e+01
     vertex  3.267924e+01  1.000739e+02  9.300220e+01
     vertex  3.296978e+01  1.001367e+02  9.300220e+01
   endloop
 endfacet
 facet normal  0.000000e+00  0.000000e+00  1.000000e+00
   outer loop
     vertex  3.335228e+01  1.029073e+02  9.300220e+01
     vertex  3.217179e+01  1.000983e+02  9.300220e+01
     vertex  3.229746e+01  1.000765e+02  9.300220e+01
   endloop
 endfacet
 facet normal  0.000000e+00  0.000000e+00  1.000000e+00
   outer loop
     vertex  3.335228e+01  1.029073e+02  9.300220e+01
     vertex  3.284677e+01  1.031239e+02  9.300220e+01
     vertex  3.196766e+01  1.001573e+02  9.300220e+01
   endloop
 endfacet
 facet normal  0.000000e+00  0.000000e+00  1.000000e+00
   outer loop
     vertex  3.377499e+01  1.024932e+02  9.300220e+01
     vertex  3.390192e+01  1.022722e+02  9.300220e+01
     vertex  3.379865e+01  1.024579e+02  9.300220e+01
   endloop
 endfacet
 facet normal  0.000000e+00  0.000000e+00  1.000000e+00
   outer loop
     vertex  3.375037e+01  1.025279e+02  9.300220e+01
     vertex  3.390192e+01  1.022722e+02  9.300220e+01
     vertex  3.377499e+01  1.024932e+02  9.300220e+01
   endloop
 endfacet
 facet normal  0.000000e+00  0.000000e+00  1.000000e+00
   outer loop
     vertex  3.372481e+01  1.025619e+02  9.300220e+01
     vertex  3.390192e+01  1.022722e+02  9.300220e+01
     vertex  3.375037e+01  1.025279e+02  9.300220e+01
   endloop
 endfacet
 facet normal  0.000000e+00  0.000000e+00  1.000000e+00
   outer loop
     vertex  3.345578e+01  1.028328e+02  9.300220e+01
     vertex  3.342197e+01  1.028586e+02  9.300220e+01
     vertex  3.338746e+01  1.028834e+02  9.300220e+01
   endloop
 endfacet
 facet normal  0.000000e+00  0.000000e+00  1.000000e+00
   outer loop
     vertex  3.369833e+01  1.025952e+02  9.300220e+01
     vertex  3.390192e+01  1.022722e+02  9.300220e+01
     vertex  3.372481e+01  1.025619e+02  9.300220e+01
   endloop
 endfacet
 facet normal  0.000000e+00  0.000000e+00  1.000000e+00
   outer loop
     vertex  3.348887e+01  1.028061e+02  9.300220e+01
     vertex  3.338746e+01  1.028834e+02  9.300220e+01
     vertex  3.335228e+01  1.029073e+02  9.300220e+01
   endloop
 endfacet
 facet normal  0.000000e+00  0.000000e+00  1.000000e+00
   outer loop
     vertex  3.348887e+01  1.028061e+02  9.300220e+01
     vertex  3.345578e+01  1.028328e+02  9.300220e+01
     vertex  3.338746e+01  1.028834e+02  9.300220e+01
   endloop
 endfacet
 facet normal  0.000000e+00  0.000000e+00  1.000000e+00
   outer loop
     vertex  3.352122e+01  1.027785e+02  9.300220e+01
     vertex  3.348887e+01  1.028061e+02  9.300220e+01
     vertex  3.335228e+01  1.029073e+02  9.300220e+01
   endloop
 endfacet
 facet normal  0.000000e+00  0.000000e+00  1.000000e+00
   outer loop
     vertex  3.364268e+01  1.026595e+02  9.300220e+01
     vertex  3.369833e+01  1.025952e+02  9.300220e+01
     vertex  3.367094e+01  1.026277e+02  9.300220e+01
   endloop
 endfacet
 facet normal  0.000000e+00  0.000000e+00  1.000000e+00
   outer loop
     vertex  3.364268e+01  1.026595e+02  9.300220e+01
     vertex  3.390192e+01  1.022722e+02  9.300220e+01
     vertex  3.369833e+01  1.025952e+02  9.300220e+01
   endloop
 endfacet
 facet normal  0.000000e+00  0.000000e+00  1.000000e+00
   outer loop
     vertex  3.355280e+01  1.027500e+02  9.300220e+01
     vertex  3.352122e+01  1.027785e+02  9.300220e+01
     vertex  3.335228e+01  1.029073e+02  9.300220e+01
   endloop
 endfacet
 facet normal  0.000000e+00  0.000000e+00  1.000000e+00
   outer loop
     vertex  3.358358e+01  1.027206e+02  9.300220e+01
     vertex  3.296978e+01  1.001367e+02  9.300220e+01
     vertex  3.308960e+01  1.001804e+02  9.300220e+01
   endloop
 endfacet
 facet normal  0.000000e+00  0.000000e+00  1.000000e+00
   outer loop
     vertex  3.358358e+01  1.027206e+02  9.300220e+01
     vertex  3.342197e+01  1.003682e+02  9.300220e+01
     vertex  3.395134e+01  1.010722e+02  9.300220e+01
   endloop
 endfacet
 facet normal  0.000000e+00  0.000000e+00  1.000000e+00
   outer loop
     vertex  3.358358e+01  1.027206e+02  9.300220e+01
     vertex  3.308960e+01  1.001804e+02  9.300220e+01
     vertex  3.342197e+01  1.003682e+02  9.300220e+01
   endloop
 endfacet
 facet normal  0.000000e+00  0.000000e+00  1.000000e+00
   outer loop
     vertex  3.358358e+01  1.027206e+02  9.300220e+01
     vertex  3.364268e+01  1.026595e+02  9.300220e+01
     vertex  3.361355e+01  1.026905e+02  9.300220e+01
   endloop
 endfacet
 facet normal  0.000000e+00  0.000000e+00  1.000000e+00
   outer loop
     vertex  3.358358e+01  1.027206e+02  9.300220e+01
     vertex  3.395134e+01  1.010722e+02  9.300220e+01
     vertex  3.390192e+01  1.022722e+02  9.300220e+01
   endloop
 endfacet
 facet normal  0.000000e+00  0.000000e+00  1.000000e+00
   outer loop
     vertex  3.358358e+01  1.027206e+02  9.300220e+01
     vertex  3.335228e+01  1.029073e+02  9.300220e+01
     vertex  3.296978e+01  1.001367e+02  9.300220e+01
   endloop
 endfacet
 facet normal  0.000000e+00  0.000000e+00  1.000000e+00
   outer loop
     vertex  3.358358e+01  1.027206e+02  9.300220e+01
     vertex  3.355280e+01  1.027500e+02  9.300220e+01
     vertex  3.335228e+01  1.029073e+02  9.300220e+01
   endloop
 endfacet
 facet normal  0.000000e+00  0.000000e+00  1.000000e+00
   outer loop
     vertex  3.358358e+01  1.027206e+02  9.300220e+01
     vertex  3.390192e+01  1.022722e+02  9.300220e+01
     vertex  3.364268e+01  1.026595e+02  9.300220e+01
   endloop
 endfacet
 facet normal -9.999059e-01 -1.371831e-02  9.868628e-21
   outer loop
     vertex  7.905052e+01  1.016559e+02  9.700220e+01
     vertex  7.905110e+01  1.016134e+02  9.300220e+01
     vertex  7.905110e+01  1.016134e+02  9.700220e+01
   endloop
 endfacet
 facet normal -9.999059e-01 -1.371831e-02 -0.000000e+00
   outer loop
     vertex  7.905052e+01  1.016559e+02  9.700220e+01
     vertex  7.905052e+01  1.016559e+02  9.300220e+01
     vertex  7.905110e+01  1.016134e+02  9.300220e+01
   endloop
 endfacet
 facet normal -9.991532e-01 -4.114462e-02 -0.000000e+00
   outer loop
     vertex  7.904877e+01  1.016984e+02  9.700220e+01
     vertex  7.904877e+01  1.016984e+02  9.300220e+01
     vertex  7.905052e+01  1.016559e+02  9.300220e+01
   endloop
 endfacet
 facet normal -9.991532e-01 -4.114462e-02 -7.992391e-21
   outer loop
     vertex  7.904877e+01  1.016984e+02  9.700220e+01
     vertex  7.905052e+01  1.016559e+02  9.300220e+01
     vertex  7.905052e+01  1.016559e+02  9.700220e+01
   endloop
 endfacet
 facet normal -9.976484e-01 -6.853995e-02 -0.000000e+00
   outer loop
     vertex  7.904585e+01  1.017408e+02  9.700220e+01
     vertex  7.904585e+01  1.017408e+02  9.300220e+01
     vertex  7.904877e+01  1.016984e+02  9.300220e+01
   endloop
 endfacet
 facet normal -9.976484e-01 -6.853995e-02 -3.406517e-20
   outer loop
     vertex  7.904585e+01  1.017408e+02  9.700220e+01
     vertex  7.904877e+01  1.016984e+02  9.300220e+01
     vertex  7.904877e+01  1.016984e+02  9.700220e+01
   endloop
 endfacet
 facet normal -9.953925e-01 -9.588368e-02 -0.000000e+00
   outer loop
     vertex  7.904177e+01  1.017832e+02  9.700220e+01
     vertex  7.904177e+01  1.017832e+02  9.300220e+01
     vertex  7.904585e+01  1.017408e+02  9.300220e+01
   endloop
 endfacet
 facet normal -9.953925e-01 -9.588368e-02 -3.005399e-20
   outer loop
     vertex  7.904177e+01  1.017832e+02  9.700220e+01
     vertex  7.904585e+01  1.017408e+02  9.300220e+01
     vertex  7.904585e+01  1.017408e+02  9.700220e+01
   endloop
 endfacet
 facet normal -9.923874e-01 -1.231552e-01 -0.000000e+00
   outer loop
     vertex  7.903654e+01  1.018254e+02  9.700220e+01
     vertex  7.903654e+01  1.018254e+02  9.300220e+01
     vertex  7.904177e+01  1.017832e+02  9.300220e+01
   endloop
 endfacet
 facet normal -9.923874e-01 -1.231552e-01 -1.245152e-20
   outer loop
     vertex  7.903654e+01  1.018254e+02  9.700220e+01
     vertex  7.904177e+01  1.017832e+02  9.300220e+01
     vertex  7.904177e+01  1.017832e+02  9.700220e+01
   endloop
 endfacet
 facet normal -9.886353e-01 -1.503341e-01 -0.000000e+00
   outer loop
     vertex  7.903014e+01  1.018674e+02  9.700220e+01
     vertex  7.903014e+01  1.018674e+02  9.300220e+01
     vertex  7.903654e+01  1.018254e+02  9.300220e+01
   endloop
 endfacet
 facet normal -9.886353e-01 -1.503341e-01 -4.143991e-20
   outer loop
     vertex  7.903014e+01  1.018674e+02  9.700220e+01
     vertex  7.903654e+01  1.018254e+02  9.300220e+01
     vertex  7.903654e+01  1.018254e+02  9.700220e+01
   endloop
 endfacet
 facet normal -9.841389e-01 -1.773998e-01 -0.000000e+00
   outer loop
     vertex  7.902260e+01  1.019093e+02  9.700220e+01
     vertex  7.902260e+01  1.019093e+02  9.300220e+01
     vertex  7.903014e+01  1.018674e+02  9.300220e+01
   endloop
 endfacet
 facet normal -9.841389e-01 -1.773998e-01  1.372972e-19
   outer loop
     vertex  7.902260e+01  1.019093e+02  9.700220e+01
     vertex  7.903014e+01  1.018674e+02  9.300220e+01
     vertex  7.903014e+01  1.018674e+02  9.700220e+01
   endloop
 endfacet
 facet normal -9.789017e-01 -2.043319e-01 -0.000000e+00
   outer loop
     vertex  7.901391e+01  1.019509e+02  9.700220e+01
     vertex  7.901391e+01  1.019509e+02  9.300220e+01
     vertex  7.902260e+01  1.019093e+02  9.300220e+01
   endloop
 endfacet
 facet normal -9.789017e-01 -2.043319e-01 -2.222823e-20
   outer loop
     vertex  7.901391e+01  1.019509e+02  9.700220e+01
     vertex  7.902260e+01  1.019093e+02  9.300220e+01
     vertex  7.902260e+01  1.019093e+02  9.700220e+01
   endloop
 endfacet
 facet normal -9.729276e-01 -2.311102e-01 -0.000000e+00
   outer loop
     vertex  7.900408e+01  1.019923e+02  9.700220e+01
     vertex  7.900408e+01  1.019923e+02  9.300220e+01
     vertex  7.901391e+01  1.019509e+02  9.300220e+01
   endloop
 endfacet
 facet normal -9.729276e-01 -2.311102e-01  1.903098e-20
   outer loop
     vertex  7.900408e+01  1.019923e+02  9.700220e+01
     vertex  7.901391e+01  1.019509e+02  9.300220e+01
     vertex  7.901391e+01  1.019509e+02  9.700220e+01
   endloop
 endfacet
 facet normal -9.662211e-01 -2.577146e-01 -1.386123e-19
   outer loop
     vertex  7.899312e+01  1.020334e+02  9.700220e+01
     vertex  7.900408e+01  1.019923e+02  9.300220e+01
     vertex  7.900408e+01  1.019923e+02  9.700220e+01
   endloop
 endfacet
 facet normal -9.662211e-01 -2.577146e-01 -0.000000e+00
   outer loop
     vertex  7.899312e+01  1.020334e+02  9.700220e+01
     vertex  7.899312e+01  1.020334e+02  9.300220e+01
     vertex  7.900408e+01  1.019923e+02  9.300220e+01
   endloop
 endfacet
 facet normal -9.587873e-01 -2.841250e-01  9.045468e-20
   outer loop
     vertex  7.898104e+01  1.020741e+02  9.700220e+01
     vertex  7.899312e+01  1.020334e+02  9.300220e+01
     vertex  7.899312e+01  1.020334e+02  9.700220e+01
   endloop
 endfacet
 facet normal -9.587873e-01 -2.841250e-01 -0.000000e+00
   outer loop
     vertex  7.898104e+01  1.020741e+02  9.700220e+01
     vertex  7.898104e+01  1.020741e+02  9.300220e+01
     vertex  7.899312e+01  1.020334e+02  9.300220e+01
   endloop
 endfacet
 facet normal -9.506317e-01 -3.103214e-01 -1.356758e-19
   outer loop
     vertex  7.896784e+01  1.021146e+02  9.700220e+01
     vertex  7.898104e+01  1.020741e+02  9.300220e+01
     vertex  7.898104e+01  1.020741e+02  9.700220e+01
   endloop
 endfacet
 facet normal -9.506317e-01 -3.103214e-01 -0.000000e+00
   outer loop
     vertex  7.896784e+01  1.021146e+02  9.700220e+01
     vertex  7.896784e+01  1.021146e+02  9.300220e+01
     vertex  7.898104e+01  1.020741e+02  9.300220e+01
   endloop
 endfacet
 facet normal -9.417605e-01 -3.362843e-01  2.870635e-19
   outer loop
     vertex  7.895354e+01  1.021546e+02  9.700220e+01
     vertex  7.896784e+01  1.021146e+02  9.300220e+01
     vertex  7.896784e+01  1.021146e+02  9.700220e+01
   endloop
 endfacet
 facet normal -9.417605e-01 -3.362843e-01 -0.000000e+00
   outer loop
     vertex  7.895354e+01  1.021546e+02  9.700220e+01
     vertex  7.895354e+01  1.021546e+02  9.300220e+01
     vertex  7.896784e+01  1.021146e+02  9.300220e+01
   endloop
 endfacet
 facet normal -9.321804e-01 -3.619940e-01 -7.665266e-20
   outer loop
     vertex  7.893815e+01  1.021943e+02  9.700220e+01
     vertex  7.895354e+01  1.021546e+02  9.300220e+01
     vertex  7.895354e+01  1.021546e+02  9.700220e+01
   endloop
 endfacet
 facet normal -9.321804e-01 -3.619940e-01 -0.000000e+00
   outer loop
     vertex  7.893815e+01  1.021943e+02  9.700220e+01
     vertex  7.893815e+01  1.021943e+02  9.300220e+01
     vertex  7.895354e+01  1.021546e+02  9.300220e+01
   endloop
 endfacet
 facet normal -9.218986e-01 -3.874313e-01 -0.000000e+00
   outer loop
     vertex  7.893815e+01  1.021943e+02  9.700220e+01
     vertex  7.892167e+01  1.022335e+02  9.300220e+01
     vertex  7.893815e+01  1.021943e+02  9.300220e+01
   endloop
 endfacet
 facet normal -9.218986e-01 -3.874313e-01 -0.000000e+00
   outer loop
     vertex  7.892167e+01  1.022335e+02  9.700220e+01
     vertex  7.892167e+01  1.022335e+02  9.300220e+01
     vertex  7.893815e+01  1.021943e+02  9.700220e+01
   endloop
 endfacet
 facet normal -9.109228e-01 -4.125769e-01 -0.000000e+00
   outer loop
     vertex  7.892167e+01  1.022335e+02  9.700220e+01
     vertex  7.890412e+01  1.022722e+02  9.300220e+01
     vertex  7.892167e+01  1.022335e+02  9.300220e+01
   endloop
 endfacet
 facet normal -9.109228e-01 -4.125769e-01 -0.000000e+00
   outer loop
     vertex  7.890412e+01  1.022722e+02  9.700220e+01
     vertex  7.890412e+01  1.022722e+02  9.300220e+01
     vertex  7.892167e+01  1.022335e+02  9.700220e+01
   endloop
 endfacet
 facet normal -8.992613e-01 -4.374119e-01 -2.895653e-19
   outer loop
     vertex  7.888552e+01  1.023104e+02  9.700220e+01
     vertex  7.890412e+01  1.022722e+02  9.300220e+01
     vertex  7.890412e+01  1.022722e+02  9.700220e+01
   endloop
 endfacet
 facet normal -8.992613e-01 -4.374119e-01 -0.000000e+00
   outer loop
     vertex  7.888552e+01  1.023104e+02  9.700220e+01
     vertex  7.888552e+01  1.023104e+02  9.300220e+01
     vertex  7.890412e+01  1.022722e+02  9.300220e+01
   endloop
 endfacet
 facet normal -8.869228e-01 -4.619176e-01 -7.472970e-20
   outer loop
     vertex  7.886588e+01  1.023482e+02  9.700220e+01
     vertex  7.888552e+01  1.023104e+02  9.300220e+01
     vertex  7.888552e+01  1.023104e+02  9.700220e+01
   endloop
 endfacet
 facet normal -8.869228e-01 -4.619176e-01 -0.000000e+00
   outer loop
     vertex  7.886588e+01  1.023482e+02  9.700220e+01
     vertex  7.886588e+01  1.023482e+02  9.300220e+01
     vertex  7.888552e+01  1.023104e+02  9.300220e+01
   endloop
 endfacet
 facet normal -8.739167e-01 -4.860756e-01 -0.000000e+00
   outer loop
     vertex  7.886588e+01  1.023482e+02  9.700220e+01
     vertex  7.884521e+01  1.023853e+02  9.300220e+01
     vertex  7.886588e+01  1.023482e+02  9.300220e+01
   endloop
 endfacet
 facet normal -8.739167e-01 -4.860756e-01 -0.000000e+00
   outer loop
     vertex  7.884521e+01  1.023853e+02  9.700220e+01
     vertex  7.884521e+01  1.023853e+02  9.300220e+01
     vertex  7.886588e+01  1.023482e+02  9.700220e+01
   endloop
 endfacet
 facet normal -8.602528e-01 -5.098678e-01  3.264105e-20
   outer loop
     vertex  7.882352e+01  1.024219e+02  9.700220e+01
     vertex  7.884521e+01  1.023853e+02  9.300220e+01
     vertex  7.884521e+01  1.023853e+02  9.700220e+01
   endloop
 endfacet
 facet normal -8.602528e-01 -5.098678e-01 -0.000000e+00
   outer loop
     vertex  7.882352e+01  1.024219e+02  9.700220e+01
     vertex  7.882352e+01  1.024219e+02  9.300220e+01
     vertex  7.884521e+01  1.023853e+02  9.300220e+01
   endloop
 endfacet
 facet normal -8.459413e-01 -5.332761e-01 -1.953042e-19
   outer loop
     vertex  7.880085e+01  1.024579e+02  9.700220e+01
     vertex  7.882352e+01  1.024219e+02  9.300220e+01
     vertex  7.882352e+01  1.024219e+02  9.700220e+01
   endloop
 endfacet
 facet normal -8.459413e-01 -5.332761e-01 -0.000000e+00
   outer loop
     vertex  7.880085e+01  1.024579e+02  9.700220e+01
     vertex  7.880085e+01  1.024579e+02  9.300220e+01
     vertex  7.882352e+01  1.024219e+02  9.300220e+01
   endloop
 endfacet
 facet normal -8.309929e-01 -5.562829e-01 -0.000000e+00
   outer loop
     vertex  7.877719e+01  1.024932e+02  9.700220e+01
     vertex  7.877719e+01  1.024932e+02  9.300220e+01
     vertex  7.880085e+01  1.024579e+02  9.300220e+01
   endloop
 endfacet
 facet normal -8.309929e-01 -5.562829e-01 -9.812408e-20
   outer loop
     vertex  7.877719e+01  1.024932e+02  9.700220e+01
     vertex  7.880085e+01  1.024579e+02  9.300220e+01
     vertex  7.880085e+01  1.024579e+02  9.700220e+01
   endloop
 endfacet
 facet normal -8.154191e-01 -5.788711e-01 -0.000000e+00
   outer loop
     vertex  7.877719e+01  1.024932e+02  9.700220e+01
     vertex  7.875257e+01  1.025279e+02  9.300220e+01
     vertex  7.877719e+01  1.024932e+02  9.300220e+01
   endloop
 endfacet
 facet normal -8.154191e-01 -5.788711e-01 -0.000000e+00
   outer loop
     vertex  7.875257e+01  1.025279e+02  9.700220e+01
     vertex  7.875257e+01  1.025279e+02  9.300220e+01
     vertex  7.877719e+01  1.024932e+02  9.700220e+01
   endloop
 endfacet
 facet normal -7.992314e-01 -6.010234e-01 -1.380219e-19
   outer loop
     vertex  7.872701e+01  1.025619e+02  9.700220e+01
     vertex  7.875257e+01  1.025279e+02  9.300220e+01
     vertex  7.875257e+01  1.025279e+02  9.700220e+01
   endloop
 endfacet
 facet normal -7.992314e-01 -6.010234e-01 -0.000000e+00
   outer loop
     vertex  7.872701e+01  1.025619e+02  9.700220e+01
     vertex  7.872701e+01  1.025619e+02  9.300220e+01
     vertex  7.875257e+01  1.025279e+02  9.300220e+01
   endloop
 endfacet
 facet normal -7.824421e-01 -6.227234e-01 -0.000000e+00
   outer loop
     vertex  7.872701e+01  1.025619e+02  9.700220e+01
     vertex  7.870053e+01  1.025952e+02  9.300220e+01
     vertex  7.872701e+01  1.025619e+02  9.300220e+01
   endloop
 endfacet
 facet normal -7.824421e-01 -6.227234e-01 -0.000000e+00
   outer loop
     vertex  7.870053e+01  1.025952e+02  9.700220e+01
     vertex  7.870053e+01  1.025952e+02  9.300220e+01
     vertex  7.872701e+01  1.025619e+02  9.700220e+01
   endloop
 endfacet
 facet normal -7.650637e-01 -6.439545e-01 -0.000000e+00
   outer loop
     vertex  7.867314e+01  1.026277e+02  9.700220e+01
     vertex  7.867314e+01  1.026277e+02  9.300220e+01
     vertex  7.870053e+01  1.025952e+02  9.300220e+01
   endloop
 endfacet
 facet normal -7.650637e-01 -6.439545e-01 -2.991394e-19
   outer loop
     vertex  7.867314e+01  1.026277e+02  9.700220e+01
     vertex  7.870053e+01  1.025952e+02  9.300220e+01
     vertex  7.870053e+01  1.025952e+02  9.700220e+01
   endloop
 endfacet
 facet normal -7.471095e-01 -6.647010e-01 -0.000000e+00
   outer loop
     vertex  7.864488e+01  1.026595e+02  9.700220e+01
     vertex  7.864488e+01  1.026595e+02  9.300220e+01
     vertex  7.867314e+01  1.026277e+02  9.300220e+01
   endloop
 endfacet
 facet normal -7.471095e-01 -6.647010e-01 -1.487795e-19
   outer loop
     vertex  7.864488e+01  1.026595e+02  9.700220e+01
     vertex  7.867314e+01  1.026277e+02  9.300220e+01
     vertex  7.867314e+01  1.026277e+02  9.700220e+01
   endloop
 endfacet
 facet normal -7.285929e-01 -6.849470e-01 -0.000000e+00
   outer loop
     vertex  7.861575e+01  1.026905e+02  9.700220e+01
     vertex  7.861575e+01  1.026905e+02  9.300220e+01
     vertex  7.864488e+01  1.026595e+02  9.300220e+01
   endloop
 endfacet
 facet normal -7.285929e-01 -6.849470e-01 -3.972602e-20
   outer loop
     vertex  7.861575e+01  1.026905e+02  9.700220e+01
     vertex  7.864488e+01  1.026595e+02  9.300220e+01
     vertex  7.864488e+01  1.026595e+02  9.700220e+01
   endloop
 endfacet
 facet normal -7.095278e-01 -7.046775e-01 -0.000000e+00
   outer loop
     vertex  7.858578e+01  1.027206e+02  9.700220e+01
     vertex  7.858578e+01  1.027206e+02  9.300220e+01
     vertex  7.861575e+01  1.026905e+02  9.300220e+01
   endloop
 endfacet
 facet normal -7.095278e-01 -7.046775e-01  2.968068e-19
   outer loop
     vertex  7.858578e+01  1.027206e+02  9.700220e+01
     vertex  7.861575e+01  1.026905e+02  9.300220e+01
     vertex  7.861575e+01  1.026905e+02  9.700220e+01
   endloop
 endfacet
 facet normal -6.899286e-01 -7.238775e-01 -0.000000e+00
   outer loop
     vertex  7.855500e+01  1.027500e+02  9.700220e+01
     vertex  7.855500e+01  1.027500e+02  9.300220e+01
     vertex  7.858578e+01  1.027206e+02  9.300220e+01
   endloop
 endfacet
 facet normal -6.899286e-01 -7.238775e-01 -6.883268e-20
   outer loop
     vertex  7.855500e+01  1.027500e+02  9.700220e+01
     vertex  7.858578e+01  1.027206e+02  9.300220e+01
     vertex  7.858578e+01  1.027206e+02  9.700220e+01
   endloop
 endfacet
 facet normal -6.698100e-01 -7.425325e-01 -0.000000e+00
   outer loop
     vertex  7.852342e+01  1.027785e+02  9.700220e+01
     vertex  7.852342e+01  1.027785e+02  9.300220e+01
     vertex  7.855500e+01  1.027500e+02  9.300220e+01
   endloop
 endfacet
 facet normal -6.698100e-01 -7.425325e-01  2.222736e-19
   outer loop
     vertex  7.852342e+01  1.027785e+02  9.700220e+01
     vertex  7.855500e+01  1.027500e+02  9.300220e+01
     vertex  7.855500e+01  1.027500e+02  9.700220e+01
   endloop
 endfacet
 facet normal -6.491872e-01 -7.606287e-01 -0.000000e+00
   outer loop
     vertex  7.849107e+01  1.028061e+02  9.700220e+01
     vertex  7.849107e+01  1.028061e+02  9.300220e+01
     vertex  7.852342e+01  1.027785e+02  9.300220e+01
   endloop
 endfacet
 facet normal -6.491872e-01 -7.606287e-01  2.096480e-19
   outer loop
     vertex  7.849107e+01  1.028061e+02  9.700220e+01
     vertex  7.852342e+01  1.027785e+02  9.300220e+01
     vertex  7.852342e+01  1.027785e+02  9.700220e+01
   endloop
 endfacet
 facet normal -6.280757e-01 -7.781522e-01 -0.000000e+00
   outer loop
     vertex  7.845798e+01  1.028328e+02  9.700220e+01
     vertex  7.845798e+01  1.028328e+02  9.300220e+01
     vertex  7.849107e+01  1.028061e+02  9.300220e+01
   endloop
 endfacet
 facet normal -6.280757e-01 -7.781522e-01  1.578071e-20
   outer loop
     vertex  7.845798e+01  1.028328e+02  9.700220e+01
     vertex  7.849107e+01  1.028061e+02  9.300220e+01
     vertex  7.849107e+01  1.028061e+02  9.700220e+01
   endloop
 endfacet
 facet normal -6.064915e-01 -7.950900e-01 -0.000000e+00
   outer loop
     vertex  7.842417e+01  1.028586e+02  9.700220e+01
     vertex  7.842417e+01  1.028586e+02  9.300220e+01
     vertex  7.845798e+01  1.028328e+02  9.300220e+01
   endloop
 endfacet
 facet normal -5.844507e-01 -8.114292e-01 -0.000000e+00
   outer loop
     vertex  7.842417e+01  1.028586e+02  9.700220e+01
     vertex  7.838966e+01  1.028834e+02  9.300220e+01
     vertex  7.842417e+01  1.028586e+02  9.300220e+01
   endloop
 endfacet
 facet normal -6.064915e-01 -7.950900e-01 -1.503653e-19
   outer loop
     vertex  7.842417e+01  1.028586e+02  9.700220e+01
     vertex  7.845798e+01  1.028328e+02  9.300220e+01
     vertex  7.845798e+01  1.028328e+02  9.700220e+01
   endloop
 endfacet
 facet normal -5.844507e-01 -8.114292e-01 -0.000000e+00
   outer loop
     vertex  7.838966e+01  1.028834e+02  9.700220e+01
     vertex  7.838966e+01  1.028834e+02  9.300220e+01
     vertex  7.842417e+01  1.028586e+02  9.700220e+01
   endloop
 endfacet
 facet normal -5.619699e-01 -8.271577e-01 -1.678093e-19
   outer loop
     vertex  7.835448e+01  1.029073e+02  9.700220e+01
     vertex  7.838966e+01  1.028834e+02  9.300220e+01
     vertex  7.838966e+01  1.028834e+02  9.700220e+01
   endloop
 endfacet
 facet normal -5.619699e-01 -8.271577e-01 -0.000000e+00
   outer loop
     vertex  7.835448e+01  1.029073e+02  9.700220e+01
     vertex  7.835448e+01  1.029073e+02  9.300220e+01
     vertex  7.838966e+01  1.028834e+02  9.300220e+01
   endloop
 endfacet
 facet normal -5.390661e-01 -8.422635e-01  9.305232e-20
   outer loop
     vertex  7.831866e+01  1.029302e+02  9.700220e+01
     vertex  7.835448e+01  1.029073e+02  9.300220e+01
     vertex  7.835448e+01  1.029073e+02  9.700220e+01
   endloop
 endfacet
 facet normal -5.390661e-01 -8.422635e-01 -0.000000e+00
   outer loop
     vertex  7.831866e+01  1.029302e+02  9.700220e+01
     vertex  7.831866e+01  1.029302e+02  9.300220e+01
     vertex  7.835448e+01  1.029073e+02  9.300220e+01
   endloop
 endfacet
 facet normal -5.157565e-01 -8.567352e-01  1.026873e-19
   outer loop
     vertex  7.828223e+01  1.029522e+02  9.700220e+01
     vertex  7.831866e+01  1.029302e+02  9.300220e+01
     vertex  7.831866e+01  1.029302e+02  9.700220e+01
   endloop
 endfacet
 facet normal -5.157565e-01 -8.567352e-01 -0.000000e+00
   outer loop
     vertex  7.828223e+01  1.029522e+02  9.700220e+01
     vertex  7.828223e+01  1.029522e+02  9.300220e+01
     vertex  7.831866e+01  1.029302e+02  9.300220e+01
   endloop
 endfacet
 facet normal -4.920587e-01 -8.705620e-01  1.632176e-19
   outer loop
     vertex  7.824521e+01  1.029731e+02  9.700220e+01
     vertex  7.828223e+01  1.029522e+02  9.300220e+01
     vertex  7.828223e+01  1.029522e+02  9.700220e+01
   endloop
 endfacet
 facet normal -4.920587e-01 -8.705620e-01 -0.000000e+00
   outer loop
     vertex  7.824521e+01  1.029731e+02  9.700220e+01
     vertex  7.824521e+01  1.029731e+02  9.300220e+01
     vertex  7.828223e+01  1.029522e+02  9.300220e+01
   endloop
 endfacet
 facet normal -4.679904e-01 -8.837335e-01  1.875605e-19
   outer loop
     vertex  7.820763e+01  1.029930e+02  9.700220e+01
     vertex  7.824521e+01  1.029731e+02  9.300220e+01
     vertex  7.824521e+01  1.029731e+02  9.700220e+01
   endloop
 endfacet
 facet normal -4.679904e-01 -8.837335e-01 -0.000000e+00
   outer loop
     vertex  7.820763e+01  1.029930e+02  9.700220e+01
     vertex  7.820763e+01  1.029930e+02  9.300220e+01
     vertex  7.824521e+01  1.029731e+02  9.300220e+01
   endloop
 endfacet
 facet normal -4.435699e-01 -8.962398e-01 -3.276483e-20
   outer loop
     vertex  7.816951e+01  1.030119e+02  9.700220e+01
     vertex  7.820763e+01  1.029930e+02  9.300220e+01
     vertex  7.820763e+01  1.029930e+02  9.700220e+01
   endloop
 endfacet
 facet normal -4.435699e-01 -8.962398e-01 -0.000000e+00
   outer loop
     vertex  7.816951e+01  1.030119e+02  9.700220e+01
     vertex  7.816951e+01  1.030119e+02  9.300220e+01
     vertex  7.820763e+01  1.029930e+02  9.300220e+01
   endloop
 endfacet
 facet normal -4.188155e-01 -9.080714e-01  1.188525e-19
   outer loop
     vertex  7.813089e+01  1.030297e+02  9.700220e+01
     vertex  7.816951e+01  1.030119e+02  9.300220e+01
     vertex  7.816951e+01  1.030119e+02  9.700220e+01
   endloop
 endfacet
 facet normal -4.188155e-01 -9.080714e-01 -0.000000e+00
   outer loop
     vertex  7.813089e+01  1.030297e+02  9.700220e+01
     vertex  7.813089e+01  1.030297e+02  9.300220e+01
     vertex  7.816951e+01  1.030119e+02  9.300220e+01
   endloop
 endfacet
 facet normal -3.937458e-01 -9.192194e-01 -7.739913e-20
   outer loop
     vertex  7.809180e+01  1.030464e+02  9.700220e+01
     vertex  7.813089e+01  1.030297e+02  9.300220e+01
     vertex  7.813089e+01  1.030297e+02  9.700220e+01
   endloop
 endfacet
 facet normal -3.937458e-01 -9.192194e-01 -0.000000e+00
   outer loop
     vertex  7.809180e+01  1.030464e+02  9.700220e+01
     vertex  7.809180e+01  1.030464e+02  9.300220e+01
     vertex  7.813089e+01  1.030297e+02  9.300220e+01
   endloop
 endfacet
 facet normal -3.683796e-01 -9.296754e-01  1.238929e-19
   outer loop
     vertex  7.805227e+01  1.030621e+02  9.700220e+01
     vertex  7.809180e+01  1.030464e+02  9.300220e+01
     vertex  7.809180e+01  1.030464e+02  9.700220e+01
   endloop
 endfacet
 facet normal -3.683796e-01 -9.296754e-01 -0.000000e+00
   outer loop
     vertex  7.805227e+01  1.030621e+02  9.700220e+01
     vertex  7.805227e+01  1.030621e+02  9.300220e+01
     vertex  7.809180e+01  1.030464e+02  9.300220e+01
   endloop
 endfacet
 facet normal -3.427362e-01 -9.394317e-01 -9.733122e-20
   outer loop
     vertex  7.801232e+01  1.030767e+02  9.700220e+01
     vertex  7.805227e+01  1.030621e+02  9.300220e+01
     vertex  7.805227e+01  1.030621e+02  9.700220e+01
   endloop
 endfacet
 facet normal -3.427362e-01 -9.394317e-01 -0.000000e+00
   outer loop
     vertex  7.801232e+01  1.030767e+02  9.700220e+01
     vertex  7.801232e+01  1.030767e+02  9.300220e+01
     vertex  7.805227e+01  1.030621e+02  9.300220e+01
   endloop
 endfacet
 facet normal -3.168348e-01 -9.484807e-01 -0.000000e+00
   outer loop
     vertex  7.801232e+01  1.030767e+02  9.700220e+01
     vertex  7.797198e+01  1.030901e+02  9.300220e+01
     vertex  7.801232e+01  1.030767e+02  9.300220e+01
   endloop
 endfacet
 facet normal -3.168348e-01 -9.484807e-01 -0.000000e+00
   outer loop
     vertex  7.797198e+01  1.030901e+02  9.700220e+01
     vertex  7.797198e+01  1.030901e+02  9.300220e+01
     vertex  7.801232e+01  1.030767e+02  9.700220e+01
   endloop
 endfacet
 facet normal -2.906949e-01 -9.568158e-01  2.610932e-19
   outer loop
     vertex  7.793129e+01  1.031025e+02  9.700220e+01
     vertex  7.797198e+01  1.030901e+02  9.300220e+01
     vertex  7.797198e+01  1.030901e+02  9.700220e+01
   endloop
 endfacet
 facet normal -2.906949e-01 -9.568158e-01 -0.000000e+00
   outer loop
     vertex  7.793129e+01  1.031025e+02  9.700220e+01
     vertex  7.793129e+01  1.031025e+02  9.300220e+01
     vertex  7.797198e+01  1.030901e+02  9.300220e+01
   endloop
 endfacet
 facet normal -2.643362e-01 -9.644306e-01 -4.427584e-20
   outer loop
     vertex  7.789028e+01  1.031137e+02  9.700220e+01
     vertex  7.793129e+01  1.031025e+02  9.300220e+01
     vertex  7.793129e+01  1.031025e+02  9.700220e+01
   endloop
 endfacet
 facet normal -2.643362e-01 -9.644306e-01 -0.000000e+00
   outer loop
     vertex  7.789028e+01  1.031137e+02  9.700220e+01
     vertex  7.789028e+01  1.031137e+02  9.300220e+01
     vertex  7.793129e+01  1.031025e+02  9.300220e+01
   endloop
 endfacet
 facet normal -2.377784e-01 -9.713194e-01  1.098318e-19
   outer loop
     vertex  7.784897e+01  1.031239e+02  9.700220e+01
     vertex  7.789028e+01  1.031137e+02  9.300220e+01
     vertex  7.789028e+01  1.031137e+02  9.700220e+01
   endloop
 endfacet
 facet normal -2.377784e-01 -9.713194e-01 -0.000000e+00
   outer loop
     vertex  7.784897e+01  1.031239e+02  9.700220e+01
     vertex  7.784897e+01  1.031239e+02  9.300220e+01
     vertex  7.789028e+01  1.031137e+02  9.300220e+01
   endloop
 endfacet
 facet normal -2.110417e-01 -9.774771e-01 -1.440788e-19
   outer loop
     vertex  7.780740e+01  1.031328e+02  9.700220e+01
     vertex  7.784897e+01  1.031239e+02  9.300220e+01
     vertex  7.784897e+01  1.031239e+02  9.700220e+01
   endloop
 endfacet
 facet normal -2.110417e-01 -9.774771e-01 -0.000000e+00
   outer loop
     vertex  7.780740e+01  1.031328e+02  9.700220e+01
     vertex  7.780740e+01  1.031328e+02  9.300220e+01
     vertex  7.784897e+01  1.031239e+02  9.300220e+01
   endloop
 endfacet
 facet normal -1.841461e-01 -9.828989e-01 -7.654806e-20
   outer loop
     vertex  7.776560e+01  1.031407e+02  9.700220e+01
     vertex  7.780740e+01  1.031328e+02  9.300220e+01
     vertex  7.780740e+01  1.031328e+02  9.700220e+01
   endloop
 endfacet
 facet normal -1.841461e-01 -9.828989e-01 -0.000000e+00
   outer loop
     vertex  7.776560e+01  1.031407e+02  9.700220e+01
     vertex  7.776560e+01  1.031407e+02  9.300220e+01
     vertex  7.780740e+01  1.031328e+02  9.300220e+01
   endloop
 endfacet
 facet normal -1.571119e-01 -9.875808e-01  1.351335e-19
   outer loop
     vertex  7.772360e+01  1.031473e+02  9.700220e+01
     vertex  7.776560e+01  1.031407e+02  9.300220e+01
     vertex  7.776560e+01  1.031407e+02  9.700220e+01
   endloop
 endfacet
 facet normal -1.571119e-01 -9.875808e-01 -0.000000e+00
   outer loop
     vertex  7.772360e+01  1.031473e+02  9.700220e+01
     vertex  7.772360e+01  1.031473e+02  9.300220e+01
     vertex  7.776560e+01  1.031407e+02  9.300220e+01
   endloop
 endfacet
 facet normal -1.299594e-01 -9.915193e-01 -1.039652e-21
   outer loop
     vertex  7.768144e+01  1.031529e+02  9.700220e+01
     vertex  7.772360e+01  1.031473e+02  9.300220e+01
     vertex  7.772360e+01  1.031473e+02  9.700220e+01
   endloop
 endfacet
 facet normal -1.299594e-01 -9.915193e-01 -0.000000e+00
   outer loop
     vertex  7.768144e+01  1.031529e+02  9.700220e+01
     vertex  7.768144e+01  1.031529e+02  9.300220e+01
     vertex  7.772360e+01  1.031473e+02  9.300220e+01
   endloop
 endfacet
 facet normal -1.027091e-01 -9.947114e-01 -5.282443e-20
   outer loop
     vertex  7.763913e+01  1.031572e+02  9.700220e+01
     vertex  7.768144e+01  1.031529e+02  9.300220e+01
     vertex  7.768144e+01  1.031529e+02  9.700220e+01
   endloop
 endfacet
 facet normal -1.027091e-01 -9.947114e-01 -0.000000e+00
   outer loop
     vertex  7.763913e+01  1.031572e+02  9.700220e+01
     vertex  7.763913e+01  1.031572e+02  9.300220e+01
     vertex  7.768144e+01  1.031529e+02  9.300220e+01
   endloop
 endfacet
 facet normal -7.538152e-02 -9.971548e-01 -0.000000e+00
   outer loop
     vertex  7.763913e+01  1.031572e+02  9.700220e+01
     vertex  7.759673e+01  1.031604e+02  9.300220e+01
     vertex  7.763913e+01  1.031572e+02  9.300220e+01
   endloop
 endfacet
 facet normal -7.538152e-02 -9.971548e-01 -0.000000e+00
   outer loop
     vertex  7.759673e+01  1.031604e+02  9.700220e+01
     vertex  7.759673e+01  1.031604e+02  9.300220e+01
     vertex  7.763913e+01  1.031572e+02  9.700220e+01
   endloop
 endfacet
 facet normal -4.799716e-02 -9.988475e-01  3.174113e-20
   outer loop
     vertex  7.755425e+01  1.031625e+02  9.700220e+01
     vertex  7.759673e+01  1.031604e+02  9.300220e+01
     vertex  7.759673e+01  1.031604e+02  9.700220e+01
   endloop
 endfacet
 facet normal -4.799716e-02 -9.988475e-01 -0.000000e+00
   outer loop
     vertex  7.755425e+01  1.031625e+02  9.700220e+01
     vertex  7.755425e+01  1.031625e+02  9.300220e+01
     vertex  7.759673e+01  1.031604e+02  9.300220e+01
   endloop
 endfacet
 facet normal -2.057667e-02 -9.997883e-01 -0.000000e+00
   outer loop
     vertex  7.751173e+01  1.031634e+02  9.700220e+01
     vertex  7.751173e+01  1.031634e+02  9.300220e+01
     vertex  7.755425e+01  1.031625e+02  9.300220e+01
   endloop
 endfacet
 facet normal -2.057667e-02 -9.997883e-01  5.013684e-21
   outer loop
     vertex  7.751173e+01  1.031634e+02  9.700220e+01
     vertex  7.755425e+01  1.031625e+02  9.300220e+01
     vertex  7.755425e+01  1.031625e+02  9.700220e+01
   endloop
 endfacet
 facet normal  6.859319e-03 -9.999765e-01  0.000000e+00
   outer loop
     vertex  7.746921e+01  1.031631e+02  9.700220e+01
     vertex  7.746921e+01  1.031631e+02  9.300220e+01
     vertex  7.751173e+01  1.031634e+02  9.300220e+01
   endloop
 endfacet
 facet normal  6.859319e-03 -9.999765e-01 -2.298340e-21
   outer loop
     vertex  7.746921e+01  1.031631e+02  9.700220e+01
     vertex  7.751173e+01  1.031634e+02  9.300220e+01
     vertex  7.751173e+01  1.031634e+02  9.700220e+01
   endloop
 endfacet
 facet normal  3.429014e-02 -9.994119e-01  0.000000e+00
   outer loop
     vertex  7.742670e+01  1.031616e+02  9.700220e+01
     vertex  7.742670e+01  1.031616e+02  9.300220e+01
     vertex  7.746921e+01  1.031631e+02  9.300220e+01
   endloop
 endfacet
 facet normal  6.169515e-02 -9.980950e-01  0.000000e+00
   outer loop
     vertex  7.742670e+01  1.031616e+02  9.700220e+01
     vertex  7.738426e+01  1.031590e+02  9.300220e+01
     vertex  7.742670e+01  1.031616e+02  9.300220e+01
   endloop
 endfacet
 facet normal  3.429014e-02 -9.994119e-01 -3.538555e-20
   outer loop
     vertex  7.742670e+01  1.031616e+02  9.700220e+01
     vertex  7.746921e+01  1.031631e+02  9.300220e+01
     vertex  7.746921e+01  1.031631e+02  9.700220e+01
   endloop
 endfacet
 facet normal  8.905371e-02 -9.960268e-01  0.000000e+00
   outer loop
     vertex  7.738426e+01  1.031590e+02  9.700220e+01
     vertex  7.734190e+01  1.031552e+02  9.300220e+01
     vertex  7.738426e+01  1.031590e+02  9.300220e+01
   endloop
 endfacet
 facet normal  6.169515e-02 -9.980950e-01  0.000000e+00
   outer loop
     vertex  7.738426e+01  1.031590e+02  9.700220e+01
     vertex  7.738426e+01  1.031590e+02  9.300220e+01
     vertex  7.742670e+01  1.031616e+02  9.700220e+01
   endloop
 endfacet
 facet normal  8.905371e-02 -9.960268e-01  0.000000e+00
   outer loop
     vertex  7.734190e+01  1.031552e+02  9.700220e+01
     vertex  7.734190e+01  1.031552e+02  9.300220e+01
     vertex  7.738426e+01  1.031590e+02  9.700220e+01
   endloop
 endfacet
 facet normal  1.163452e-01 -9.932088e-01 -2.784187e-20
   outer loop
     vertex  7.729966e+01  1.031503e+02  9.700220e+01
     vertex  7.734190e+01  1.031552e+02  9.300220e+01
     vertex  7.734190e+01  1.031552e+02  9.700220e+01
   endloop
 endfacet
 facet normal  1.163452e-01 -9.932088e-01  0.000000e+00
   outer loop
     vertex  7.729966e+01  1.031503e+02  9.700220e+01
     vertex  7.729966e+01  1.031503e+02  9.300220e+01
     vertex  7.734190e+01  1.031552e+02  9.300220e+01
   endloop
 endfacet
 facet normal  1.435492e-01 -9.896432e-01  0.000000e+00
   outer loop
     vertex  7.729966e+01  1.031503e+02  9.700220e+01
     vertex  7.725758e+01  1.031442e+02  9.300220e+01
     vertex  7.729966e+01  1.031503e+02  9.300220e+01
   endloop
 endfacet
 facet normal  1.435492e-01 -9.896432e-01  0.000000e+00
   outer loop
     vertex  7.725758e+01  1.031442e+02  9.700220e+01
     vertex  7.725758e+01  1.031442e+02  9.300220e+01
     vertex  7.729966e+01  1.031503e+02  9.700220e+01
   endloop
 endfacet
 facet normal  1.706451e-01 -9.853326e-01  1.005031e-19
   outer loop
     vertex  7.721567e+01  1.031369e+02  9.700220e+01
     vertex  7.725758e+01  1.031442e+02  9.300220e+01
     vertex  7.725758e+01  1.031442e+02  9.700220e+01
   endloop
 endfacet
 facet normal  1.706451e-01 -9.853326e-01  0.000000e+00
   outer loop
     vertex  7.721567e+01  1.031369e+02  9.700220e+01
     vertex  7.721567e+01  1.031369e+02  9.300220e+01
     vertex  7.725758e+01  1.031442e+02  9.300220e+01
   endloop
 endfacet
 facet normal  1.976125e-01 -9.802802e-01  0.000000e+00
   outer loop
     vertex  7.721567e+01  1.031369e+02  9.700220e+01
     vertex  7.717399e+01  1.031285e+02  9.300220e+01
     vertex  7.721567e+01  1.031369e+02  9.300220e+01
   endloop
 endfacet
 facet normal  1.976125e-01 -9.802802e-01  0.000000e+00
   outer loop
     vertex  7.717399e+01  1.031285e+02  9.700220e+01
     vertex  7.717399e+01  1.031285e+02  9.300220e+01
     vertex  7.721567e+01  1.031369e+02  9.700220e+01
   endloop
 endfacet
 facet normal  2.244312e-01 -9.744899e-01 -6.260945e-20
   outer loop
     vertex  7.713254e+01  1.031189e+02  9.700220e+01
     vertex  7.717399e+01  1.031285e+02  9.300220e+01
     vertex  7.717399e+01  1.031285e+02  9.700220e+01
   endloop
 endfacet
 facet normal  2.244312e-01 -9.744899e-01  0.000000e+00
   outer loop
     vertex  7.713254e+01  1.031189e+02  9.700220e+01
     vertex  7.713254e+01  1.031189e+02  9.300220e+01
     vertex  7.717399e+01  1.031285e+02  9.300220e+01
   endloop
 endfacet
 facet normal  2.510809e-01 -9.679661e-01  0.000000e+00
   outer loop
     vertex  7.713254e+01  1.031189e+02  9.700220e+01
     vertex  7.709138e+01  1.031083e+02  9.300220e+01
     vertex  7.713254e+01  1.031189e+02  9.300220e+01
   endloop
 endfacet
 facet normal  2.510809e-01 -9.679661e-01  0.000000e+00
   outer loop
     vertex  7.709138e+01  1.031083e+02  9.700220e+01
     vertex  7.709138e+01  1.031083e+02  9.300220e+01
     vertex  7.713254e+01  1.031189e+02  9.700220e+01
   endloop
 endfacet
 facet normal  2.775416e-01 -9.607136e-01  1.412486e-19
   outer loop
     vertex  7.705052e+01  1.030965e+02  9.700220e+01
     vertex  7.709138e+01  1.031083e+02  9.300220e+01
     vertex  7.709138e+01  1.031083e+02  9.700220e+01
   endloop
 endfacet
 facet normal  2.775416e-01 -9.607136e-01  0.000000e+00
   outer loop
     vertex  7.705052e+01  1.030965e+02  9.700220e+01
     vertex  7.705052e+01  1.030965e+02  9.300220e+01
     vertex  7.709138e+01  1.031083e+02  9.300220e+01
   endloop
 endfacet
 facet normal  3.037934e-01 -9.527379e-01 -7.003338e-20
   outer loop
     vertex  7.701001e+01  1.030835e+02  9.700220e+01
     vertex  7.705052e+01  1.030965e+02  9.300220e+01
     vertex  7.705052e+01  1.030965e+02  9.700220e+01
   endloop
 endfacet
 facet normal  3.037934e-01 -9.527379e-01  0.000000e+00
   outer loop
     vertex  7.701001e+01  1.030835e+02  9.700220e+01
     vertex  7.701001e+01  1.030835e+02  9.300220e+01
     vertex  7.705052e+01  1.030965e+02  9.300220e+01
   endloop
 endfacet
 facet normal  3.298166e-01 -9.440450e-01 -2.893339e-19
   outer loop
     vertex  7.696986e+01  1.030695e+02  9.700220e+01
     vertex  7.701001e+01  1.030835e+02  9.300220e+01
     vertex  7.701001e+01  1.030835e+02  9.700220e+01
   endloop
 endfacet
 facet normal  3.298166e-01 -9.440450e-01  0.000000e+00
   outer loop
     vertex  7.696986e+01  1.030695e+02  9.700220e+01
     vertex  7.696986e+01  1.030695e+02  9.300220e+01
     vertex  7.701001e+01  1.030835e+02  9.300220e+01
   endloop
 endfacet
 facet normal  3.555914e-01 -9.346415e-01 -9.282587e-20
   outer loop
     vertex  7.693011e+01  1.030544e+02  9.700220e+01
     vertex  7.696986e+01  1.030695e+02  9.300220e+01
     vertex  7.696986e+01  1.030695e+02  9.700220e+01
   endloop
 endfacet
 facet normal  3.555914e-01 -9.346415e-01  0.000000e+00
   outer loop
     vertex  7.693011e+01  1.030544e+02  9.700220e+01
     vertex  7.693011e+01  1.030544e+02  9.300220e+01
     vertex  7.696986e+01  1.030695e+02  9.300220e+01
   endloop
 endfacet
 facet normal  3.810986e-01 -9.245344e-01 -1.733820e-19
   outer loop
     vertex  7.689079e+01  1.030382e+02  9.700220e+01
     vertex  7.693011e+01  1.030544e+02  9.300220e+01
     vertex  7.693011e+01  1.030544e+02  9.700220e+01
   endloop
 endfacet
 facet normal  3.810986e-01 -9.245344e-01  0.000000e+00
   outer loop
     vertex  7.689079e+01  1.030382e+02  9.700220e+01
     vertex  7.689079e+01  1.030382e+02  9.300220e+01
     vertex  7.693011e+01  1.030544e+02  9.300220e+01
   endloop
 endfacet
 facet normal  4.063188e-01 -9.137314e-01  0.000000e+00
   outer loop
     vertex  7.685194e+01  1.030209e+02  9.700220e+01
     vertex  7.685194e+01  1.030209e+02  9.300220e+01
     vertex  7.689079e+01  1.030382e+02  9.300220e+01
   endloop
 endfacet
 facet normal  4.063188e-01 -9.137314e-01 -4.944197e-20
   outer loop
     vertex  7.685194e+01  1.030209e+02  9.700220e+01
     vertex  7.689079e+01  1.030382e+02  9.300220e+01
     vertex  7.689079e+01  1.030382e+02  9.700220e+01
   endloop
 endfacet
 facet normal  4.312333e-01 -9.022405e-01  0.000000e+00
   outer loop
     vertex  7.681357e+01  1.030026e+02  9.700220e+01
     vertex  7.681357e+01  1.030026e+02  9.300220e+01
     vertex  7.685194e+01  1.030209e+02  9.300220e+01
   endloop
 endfacet
 facet normal  4.312333e-01 -9.022405e-01  2.356540e-19
   outer loop
     vertex  7.681357e+01  1.030026e+02  9.700220e+01
     vertex  7.685194e+01  1.030209e+02  9.300220e+01
     vertex  7.685194e+01  1.030209e+02  9.700220e+01
   endloop
 endfacet
 facet normal  4.558231e-01 -8.900704e-01  0.000000e+00
   outer loop
     vertex  7.677571e+01  1.029832e+02  9.700220e+01
     vertex  7.677571e+01  1.029832e+02  9.300220e+01
     vertex  7.681357e+01  1.030026e+02  9.300220e+01
   endloop
 endfacet
 facet normal  4.800697e-01 -8.772303e-01  0.000000e+00
   outer loop
     vertex  7.677571e+01  1.029832e+02  9.700220e+01
     vertex  7.673841e+01  1.029628e+02  9.300220e+01
     vertex  7.677571e+01  1.029832e+02  9.300220e+01
   endloop
 endfacet
 facet normal  4.558231e-01 -8.900704e-01 -2.816772e-19
   outer loop
     vertex  7.677571e+01  1.029832e+02  9.700220e+01
     vertex  7.681357e+01  1.030026e+02  9.300220e+01
     vertex  7.681357e+01  1.030026e+02  9.700220e+01
   endloop
 endfacet
 facet normal  5.039550e-01 -8.637299e-01  0.000000e+00
   outer loop
     vertex  7.673841e+01  1.029628e+02  9.700220e+01
     vertex  7.670168e+01  1.029413e+02  9.300220e+01
     vertex  7.673841e+01  1.029628e+02  9.300220e+01
   endloop
 endfacet
 facet normal  4.800697e-01 -8.772303e-01  0.000000e+00
   outer loop
     vertex  7.673841e+01  1.029628e+02  9.700220e+01
     vertex  7.673841e+01  1.029628e+02  9.300220e+01
     vertex  7.677571e+01  1.029832e+02  9.700220e+01
   endloop
 endfacet
 facet normal  5.274609e-01 -8.495793e-01  0.000000e+00
   outer loop
     vertex  7.670168e+01  1.029413e+02  9.700220e+01
     vertex  7.666555e+01  1.029189e+02  9.300220e+01
     vertex  7.670168e+01  1.029413e+02  9.300220e+01
   endloop
 endfacet
 facet normal  5.039550e-01 -8.637299e-01  0.000000e+00
   outer loop
     vertex  7.670168e+01  1.029413e+02  9.700220e+01
     vertex  7.670168e+01  1.029413e+02  9.300220e+01
     vertex  7.673841e+01  1.029628e+02  9.700220e+01
   endloop
 endfacet
 facet normal  5.274609e-01 -8.495793e-01  0.000000e+00
   outer loop
     vertex  7.666555e+01  1.029189e+02  9.700220e+01
     vertex  7.666555e+01  1.029189e+02  9.300220e+01
     vertex  7.670168e+01  1.029413e+02  9.700220e+01
   endloop
 endfacet
 facet normal  5.505698e-01 -8.347891e-01  0.000000e+00
   outer loop
     vertex  7.663005e+01  1.028955e+02  9.700220e+01
     vertex  7.663005e+01  1.028955e+02  9.300220e+01
     vertex  7.666555e+01  1.029189e+02  9.300220e+01
   endloop
 endfacet
 facet normal  5.505698e-01 -8.347891e-01  1.613563e-19
   outer loop
     vertex  7.663005e+01  1.028955e+02  9.700220e+01
     vertex  7.666555e+01  1.029189e+02  9.300220e+01
     vertex  7.666555e+01  1.029189e+02  9.700220e+01
   endloop
 endfacet
 facet normal  5.732642e-01 -8.193706e-01  0.000000e+00
   outer loop
     vertex  7.659520e+01  1.028711e+02  9.700220e+01
     vertex  7.659520e+01  1.028711e+02  9.300220e+01
     vertex  7.663005e+01  1.028955e+02  9.300220e+01
   endloop
 endfacet
 facet normal  5.955271e-01 -8.033352e-01  0.000000e+00
   outer loop
     vertex  7.659520e+01  1.028711e+02  9.700220e+01
     vertex  7.656104e+01  1.028458e+02  9.300220e+01
     vertex  7.659520e+01  1.028711e+02  9.300220e+01
   endloop
 endfacet
 facet normal  5.732642e-01 -8.193706e-01  1.759255e-19
   outer loop
     vertex  7.659520e+01  1.028711e+02  9.700220e+01
     vertex  7.663005e+01  1.028955e+02  9.300220e+01
     vertex  7.663005e+01  1.028955e+02  9.700220e+01
   endloop
 endfacet
 facet normal  5.955271e-01 -8.033352e-01  0.000000e+00
   outer loop
     vertex  7.656104e+01  1.028458e+02  9.700220e+01
     vertex  7.656104e+01  1.028458e+02  9.300220e+01
     vertex  7.659520e+01  1.028711e+02  9.700220e+01
   endloop
 endfacet
 facet normal  6.173417e-01 -7.866951e-01  0.000000e+00
   outer loop
     vertex  7.652758e+01  1.028195e+02  9.700220e+01
     vertex  7.652758e+01  1.028195e+02  9.300220e+01
     vertex  7.656104e+01  1.028458e+02  9.300220e+01
   endloop
 endfacet
 facet normal  6.386916e-01 -7.694628e-01  0.000000e+00
   outer loop
     vertex  7.652758e+01  1.028195e+02  9.700220e+01
     vertex  7.649486e+01  1.027924e+02  9.300220e+01
     vertex  7.652758e+01  1.028195e+02  9.300220e+01
   endloop
 endfacet
 facet normal  6.173417e-01 -7.866951e-01 -2.246792e-19
   outer loop
     vertex  7.652758e+01  1.028195e+02  9.700220e+01
     vertex  7.656104e+01  1.028458e+02  9.300220e+01
     vertex  7.656104e+01  1.028458e+02  9.700220e+01
   endloop
 endfacet
 facet normal  6.386916e-01 -7.694628e-01  0.000000e+00
   outer loop
     vertex  7.649486e+01  1.027924e+02  9.700220e+01
     vertex  7.649486e+01  1.027924e+02  9.300220e+01
     vertex  7.652758e+01  1.028195e+02  9.700220e+01
   endloop
 endfacet
 facet normal  6.595607e-01 -7.516513e-01  0.000000e+00
   outer loop
     vertex  7.646289e+01  1.027643e+02  9.700220e+01
     vertex  7.646289e+01  1.027643e+02  9.300220e+01
     vertex  7.649486e+01  1.027924e+02  9.300220e+01
   endloop
 endfacet
 facet normal  6.595607e-01 -7.516513e-01 -7.347948e-20
   outer loop
     vertex  7.646289e+01  1.027643e+02  9.700220e+01
     vertex  7.649486e+01  1.027924e+02  9.300220e+01
     vertex  7.649486e+01  1.027924e+02  9.700220e+01
   endloop
 endfacet
 facet normal  6.799333e-01 -7.332740e-01  0.000000e+00
   outer loop
     vertex  7.643171e+01  1.027354e+02  9.700220e+01
     vertex  7.643171e+01  1.027354e+02  9.300220e+01
     vertex  7.646289e+01  1.027643e+02  9.300220e+01
   endloop
 endfacet
 facet normal  6.799333e-01 -7.332740e-01  3.091861e-19
   outer loop
     vertex  7.643171e+01  1.027354e+02  9.700220e+01
     vertex  7.646289e+01  1.027643e+02  9.300220e+01
     vertex  7.646289e+01  1.027643e+02  9.700220e+01
   endloop
 endfacet
 facet normal  6.997940e-01 -7.143447e-01  0.000000e+00
   outer loop
     vertex  7.640133e+01  1.027057e+02  9.700220e+01
     vertex  7.640133e+01  1.027057e+02  9.300220e+01
     vertex  7.643171e+01  1.027354e+02  9.300220e+01
   endloop
 endfacet
 facet normal  7.191280e-01 -6.948776e-01  0.000000e+00
   outer loop
     vertex  7.640133e+01  1.027057e+02  9.700220e+01
     vertex  7.637178e+01  1.026751e+02  9.300220e+01
     vertex  7.640133e+01  1.027057e+02  9.300220e+01
   endloop
 endfacet
 facet normal  6.997940e-01 -7.143447e-01 -3.147583e-19
   outer loop
     vertex  7.640133e+01  1.027057e+02  9.700220e+01
     vertex  7.643171e+01  1.027354e+02  9.300220e+01
     vertex  7.643171e+01  1.027354e+02  9.700220e+01
   endloop
 endfacet
 facet normal  7.191280e-01 -6.948776e-01  0.000000e+00
   outer loop
     vertex  7.637178e+01  1.026751e+02  9.700220e+01
     vertex  7.637178e+01  1.026751e+02  9.300220e+01
     vertex  7.640133e+01  1.027057e+02  9.700220e+01
   endloop
 endfacet
 facet normal  7.379206e-01 -6.748875e-01  0.000000e+00
   outer loop
     vertex  7.637178e+01  1.026751e+02  9.700220e+01
     vertex  7.634308e+01  1.026437e+02  9.300220e+01
     vertex  7.637178e+01  1.026751e+02  9.300220e+01
   endloop
 endfacet
 facet normal  7.379206e-01 -6.748875e-01  0.000000e+00
   outer loop
     vertex  7.634308e+01  1.026437e+02  9.700220e+01
     vertex  7.634308e+01  1.026437e+02  9.300220e+01
     vertex  7.637178e+01  1.026751e+02  9.700220e+01
   endloop
 endfacet
 facet normal  7.561578e-01 -6.543893e-01 -1.573177e-19
   outer loop
     vertex  7.631525e+01  1.026115e+02  9.700220e+01
     vertex  7.634308e+01  1.026437e+02  9.300220e+01
     vertex  7.634308e+01  1.026437e+02  9.700220e+01
   endloop
 endfacet
 facet normal  7.561578e-01 -6.543893e-01  0.000000e+00
   outer loop
     vertex  7.631525e+01  1.026115e+02  9.700220e+01
     vertex  7.631525e+01  1.026115e+02  9.300220e+01
     vertex  7.634308e+01  1.026437e+02  9.300220e+01
   endloop
 endfacet
 facet normal  7.738257e-01 -6.333986e-01  0.000000e+00
   outer loop
     vertex  7.628831e+01  1.025786e+02  9.700220e+01
     vertex  7.628831e+01  1.025786e+02  9.300220e+01
     vertex  7.631525e+01  1.026115e+02  9.300220e+01
   endloop
 endfacet
 facet normal  7.738257e-01 -6.333986e-01 -3.886997e-20
   outer loop
     vertex  7.628831e+01  1.025786e+02  9.700220e+01
     vertex  7.631525e+01  1.026115e+02  9.300220e+01
     vertex  7.631525e+01  1.026115e+02  9.700220e+01
   endloop
 endfacet
 facet normal  7.909112e-01 -6.119310e-01  0.000000e+00
   outer loop
     vertex  7.626229e+01  1.025450e+02  9.700220e+01
     vertex  7.626229e+01  1.025450e+02  9.300220e+01
     vertex  7.628831e+01  1.025786e+02  9.300220e+01
   endloop
 endfacet
 facet normal  8.074012e-01 -5.900028e-01  0.000000e+00
   outer loop
     vertex  7.626229e+01  1.025450e+02  9.700220e+01
     vertex  7.623720e+01  1.025107e+02  9.300220e+01
     vertex  7.626229e+01  1.025450e+02  9.300220e+01
   endloop
 endfacet
 facet normal  7.909112e-01 -6.119310e-01 -1.247475e-19
   outer loop
     vertex  7.626229e+01  1.025450e+02  9.700220e+01
     vertex  7.628831e+01  1.025786e+02  9.300220e+01
     vertex  7.628831e+01  1.025786e+02  9.700220e+01
   endloop
 endfacet
 facet normal  8.074012e-01 -5.900028e-01  0.000000e+00
   outer loop
     vertex  7.623720e+01  1.025107e+02  9.700220e+01
     vertex  7.623720e+01  1.025107e+02  9.300220e+01
     vertex  7.626229e+01  1.025450e+02  9.700220e+01
   endloop
 endfacet
 facet normal  8.232835e-01 -5.676304e-01  0.000000e+00
   outer loop
     vertex  7.621306e+01  1.024756e+02  9.700220e+01
     vertex  7.621306e+01  1.024756e+02  9.300220e+01
     vertex  7.623720e+01  1.025107e+02  9.300220e+01
   endloop
 endfacet
 facet normal  8.232835e-01 -5.676304e-01  5.434030e-20
   outer loop
     vertex  7.621306e+01  1.024756e+02  9.700220e+01
     vertex  7.623720e+01  1.025107e+02  9.300220e+01
     vertex  7.623720e+01  1.025107e+02  9.700220e+01
   endloop
 endfacet
 facet normal  8.385460e-01 -5.448308e-01  0.000000e+00
   outer loop
     vertex  7.618989e+01  1.024400e+02  9.700220e+01
     vertex  7.618989e+01  1.024400e+02  9.300220e+01
     vertex  7.621306e+01  1.024756e+02  9.300220e+01
   endloop
 endfacet
 facet normal  8.385460e-01 -5.448308e-01 -2.565235e-19
   outer loop
     vertex  7.618989e+01  1.024400e+02  9.700220e+01
     vertex  7.621306e+01  1.024756e+02  9.300220e+01
     vertex  7.621306e+01  1.024756e+02  9.700220e+01
   endloop
 endfacet
 facet normal  8.531773e-01 -5.216210e-01  0.000000e+00
   outer loop
     vertex  7.616771e+01  1.024037e+02  9.700220e+01
     vertex  7.616771e+01  1.024037e+02  9.300220e+01
     vertex  7.618989e+01  1.024400e+02  9.300220e+01
   endloop
 endfacet
 facet normal  8.531773e-01 -5.216210e-01 -3.062979e-19
   outer loop
     vertex  7.616771e+01  1.024037e+02  9.700220e+01
     vertex  7.618989e+01  1.024400e+02  9.300220e+01
     vertex  7.618989e+01  1.024400e+02  9.700220e+01
   endloop
 endfacet
 facet normal  8.671664e-01 -4.980186e-01  0.000000e+00
   outer loop
     vertex  7.614653e+01  1.023668e+02  9.700220e+01
     vertex  7.614653e+01  1.023668e+02  9.300220e+01
     vertex  7.616771e+01  1.024037e+02  9.300220e+01
   endloop
 endfacet
 facet normal  8.671664e-01 -4.980186e-01  2.794354e-20
   outer loop
     vertex  7.614653e+01  1.023668e+02  9.700220e+01
     vertex  7.616771e+01  1.024037e+02  9.300220e+01
     vertex  7.616771e+01  1.024037e+02  9.700220e+01
   endloop
 endfacet
 facet normal  8.805026e-01 -4.740412e-01  0.000000e+00
   outer loop
     vertex  7.612637e+01  1.023294e+02  9.700220e+01
     vertex  7.612637e+01  1.023294e+02  9.300220e+01
     vertex  7.614653e+01  1.023668e+02  9.300220e+01
   endloop
 endfacet
 facet normal  8.805026e-01 -4.740412e-01  1.752940e-19
   outer loop
     vertex  7.612637e+01  1.023294e+02  9.700220e+01
     vertex  7.614653e+01  1.023668e+02  9.300220e+01
     vertex  7.614653e+01  1.023668e+02  9.700220e+01
   endloop
 endfacet
 facet normal  8.931761e-01 -4.497071e-01  0.000000e+00
   outer loop
     vertex  7.610725e+01  1.022914e+02  9.700220e+01
     vertex  7.610725e+01  1.022914e+02  9.300220e+01
     vertex  7.612637e+01  1.023294e+02  9.300220e+01
   endloop
 endfacet
 facet normal  8.931761e-01 -4.497071e-01 -3.950244e-20
   outer loop
     vertex  7.610725e+01  1.022914e+02  9.700220e+01
     vertex  7.612637e+01  1.023294e+02  9.300220e+01
     vertex  7.612637e+01  1.023294e+02  9.700220e+01
   endloop
 endfacet
 facet normal  9.051772e-01 -4.250344e-01  0.000000e+00
   outer loop
     vertex  7.608917e+01  1.022529e+02  9.700220e+01
     vertex  7.608917e+01  1.022529e+02  9.300220e+01
     vertex  7.610725e+01  1.022914e+02  9.300220e+01
   endloop
 endfacet
 facet normal  9.051772e-01 -4.250344e-01 -1.095709e-19
   outer loop
     vertex  7.608917e+01  1.022529e+02  9.700220e+01
     vertex  7.610725e+01  1.022914e+02  9.300220e+01
     vertex  7.610725e+01  1.022914e+02  9.700220e+01
   endloop
 endfacet
 facet normal  9.164969e-01 -4.000417e-01  0.000000e+00
   outer loop
     vertex  7.607216e+01  1.022139e+02  9.700220e+01
     vertex  7.607216e+01  1.022139e+02  9.300220e+01
     vertex  7.608917e+01  1.022529e+02  9.300220e+01
   endloop
 endfacet
 facet normal  9.271267e-01 -3.747479e-01  0.000000e+00
   outer loop
     vertex  7.607216e+01  1.022139e+02  9.700220e+01
     vertex  7.605622e+01  1.021745e+02  9.300220e+01
     vertex  7.607216e+01  1.022139e+02  9.300220e+01
   endloop
 endfacet
 facet normal  9.164969e-01 -4.000417e-01 -2.299420e-19
   outer loop
     vertex  7.607216e+01  1.022139e+02  9.700220e+01
     vertex  7.608917e+01  1.022529e+02  9.300220e+01
     vertex  7.608917e+01  1.022529e+02  9.700220e+01
   endloop
 endfacet
 facet normal  9.271267e-01 -3.747479e-01  0.000000e+00
   outer loop
     vertex  7.605622e+01  1.021745e+02  9.700220e+01
     vertex  7.605622e+01  1.021745e+02  9.300220e+01
     vertex  7.607216e+01  1.022139e+02  9.700220e+01
   endloop
 endfacet
 facet normal  9.370586e-01 -3.491720e-01  0.000000e+00
   outer loop
     vertex  7.604137e+01  1.021346e+02  9.700220e+01
     vertex  7.604137e+01  1.021346e+02  9.300220e+01
     vertex  7.605622e+01  1.021745e+02  9.300220e+01
   endloop
 endfacet
 facet normal  9.370586e-01 -3.491720e-01 -2.780750e-19
   outer loop
     vertex  7.604137e+01  1.021346e+02  9.700220e+01
     vertex  7.605622e+01  1.021745e+02  9.300220e+01
     vertex  7.605622e+01  1.021745e+02  9.700220e+01
   endloop
 endfacet
 facet normal  9.462851e-01 -3.233333e-01  0.000000e+00
   outer loop
     vertex  7.602762e+01  1.020944e+02  9.700220e+01
     vertex  7.602762e+01  1.020944e+02  9.300220e+01
     vertex  7.604137e+01  1.021346e+02  9.300220e+01
   endloop
 endfacet
 facet normal  9.462851e-01 -3.233333e-01 -8.554231e-20
   outer loop
     vertex  7.602762e+01  1.020944e+02  9.700220e+01
     vertex  7.604137e+01  1.021346e+02  9.300220e+01
     vertex  7.604137e+01  1.021346e+02  9.700220e+01
   endloop
 endfacet
 facet normal  9.547993e-01 -2.972512e-01  0.000000e+00
   outer loop
     vertex  7.601498e+01  1.020538e+02  9.700220e+01
     vertex  7.601498e+01  1.020538e+02  9.300220e+01
     vertex  7.602762e+01  1.020944e+02  9.300220e+01
   endloop
 endfacet
 facet normal  9.625948e-01 -2.709453e-01  0.000000e+00
   outer loop
     vertex  7.601498e+01  1.020538e+02  9.700220e+01
     vertex  7.600346e+01  1.020129e+02  9.300220e+01
     vertex  7.601498e+01  1.020538e+02  9.300220e+01
   endloop
 endfacet
 facet normal  9.547993e-01 -2.972512e-01  2.078384e-19
   outer loop
     vertex  7.601498e+01  1.020538e+02  9.700220e+01
     vertex  7.602762e+01  1.020944e+02  9.300220e+01
     vertex  7.602762e+01  1.020944e+02  9.700220e+01
   endloop
 endfacet
 facet normal  9.625948e-01 -2.709453e-01  0.000000e+00
   outer loop
     vertex  7.600346e+01  1.020129e+02  9.700220e+01
     vertex  7.600346e+01  1.020129e+02  9.300220e+01
     vertex  7.601498e+01  1.020538e+02  9.700220e+01
   endloop
 endfacet
 facet normal  9.696656e-01 -2.444354e-01  0.000000e+00
   outer loop
     vertex  7.599306e+01  1.019716e+02  9.700220e+01
     vertex  7.599306e+01  1.019716e+02  9.300220e+01
     vertex  7.600346e+01  1.020129e+02  9.300220e+01
   endloop
 endfacet
 facet normal  9.696656e-01 -2.444354e-01 -1.256204e-19
   outer loop
     vertex  7.599306e+01  1.019716e+02  9.700220e+01
     vertex  7.600346e+01  1.020129e+02  9.300220e+01
     vertex  7.600346e+01  1.020129e+02  9.700220e+01
   endloop
 endfacet
 facet normal  9.760065e-01 -2.177416e-01  0.000000e+00
   outer loop
     vertex  7.598380e+01  1.019301e+02  9.700220e+01
     vertex  7.598380e+01  1.019301e+02  9.300220e+01
     vertex  7.599306e+01  1.019716e+02  9.300220e+01
   endloop
 endfacet
 facet normal  9.760065e-01 -2.177416e-01  9.312386e-20
   outer loop
     vertex  7.598380e+01  1.019301e+02  9.700220e+01
     vertex  7.599306e+01  1.019716e+02  9.300220e+01
     vertex  7.599306e+01  1.019716e+02  9.700220e+01
   endloop
 endfacet
 facet normal  9.816126e-01 -1.908838e-01  0.000000e+00
   outer loop
     vertex  7.597568e+01  1.018884e+02  9.700220e+01
     vertex  7.597568e+01  1.018884e+02  9.300220e+01
     vertex  7.598380e+01  1.019301e+02  9.300220e+01
   endloop
 endfacet
 facet normal  9.864799e-01 -1.638824e-01  0.000000e+00
   outer loop
     vertex  7.597568e+01  1.018884e+02  9.700220e+01
     vertex  7.596872e+01  1.018464e+02  9.300220e+01
     vertex  7.597568e+01  1.018884e+02  9.300220e+01
   endloop
 endfacet
 facet normal  9.816126e-01 -1.908838e-01 -1.472224e-19
   outer loop
     vertex  7.597568e+01  1.018884e+02  9.700220e+01
     vertex  7.598380e+01  1.019301e+02  9.300220e+01
     vertex  7.598380e+01  1.019301e+02  9.700220e+01
   endloop
 endfacet
 facet normal  9.906046e-01 -1.367575e-01  0.000000e+00
   outer loop
     vertex  7.596872e+01  1.018464e+02  9.700220e+01
     vertex  7.596290e+01  1.018043e+02  9.300220e+01
     vertex  7.596872e+01  1.018464e+02  9.300220e+01
   endloop
 endfacet
 facet normal  9.864799e-01 -1.638824e-01  0.000000e+00
   outer loop
     vertex  7.596872e+01  1.018464e+02  9.700220e+01
     vertex  7.596872e+01  1.018464e+02  9.300220e+01
     vertex  7.597568e+01  1.018884e+02  9.700220e+01
   endloop
 endfacet
 facet normal  9.906046e-01 -1.367575e-01  0.000000e+00
   outer loop
     vertex  7.596290e+01  1.018043e+02  9.700220e+01
     vertex  7.596290e+01  1.018043e+02  9.300220e+01
     vertex  7.596872e+01  1.018464e+02  9.700220e+01
   endloop
 endfacet
 facet normal  9.939835e-01 -1.095298e-01 -3.751891e-20
   outer loop
     vertex  7.595824e+01  1.017620e+02  9.700220e+01
     vertex  7.596290e+01  1.018043e+02  9.300220e+01
     vertex  7.596290e+01  1.018043e+02  9.700220e+01
   endloop
 endfacet
 facet normal  9.939835e-01 -1.095298e-01  0.000000e+00
   outer loop
     vertex  7.595824e+01  1.017620e+02  9.700220e+01
     vertex  7.595824e+01  1.017620e+02  9.300220e+01
     vertex  7.596290e+01  1.018043e+02  9.300220e+01
   endloop
 endfacet
 facet normal  9.966142e-01 -8.221955e-02 -6.220609e-20
   outer loop
     vertex  7.595475e+01  1.017196e+02  9.700220e+01
     vertex  7.595824e+01  1.017620e+02  9.300220e+01
     vertex  7.595824e+01  1.017620e+02  9.700220e+01
   endloop
 endfacet
 facet normal  9.966142e-01 -8.221955e-02  0.000000e+00
   outer loop
     vertex  7.595475e+01  1.017196e+02  9.700220e+01
     vertex  7.595475e+01  1.017196e+02  9.300220e+01
     vertex  7.595824e+01  1.017620e+02  9.300220e+01
   endloop
 endfacet
 facet normal  9.984947e-01 -5.484744e-02  2.935621e-20
   outer loop
     vertex  7.595241e+01  1.016772e+02  9.700220e+01
     vertex  7.595475e+01  1.017196e+02  9.300220e+01
     vertex  7.595475e+01  1.017196e+02  9.700220e+01
   endloop
 endfacet
 facet normal  9.984947e-01 -5.484744e-02  0.000000e+00
   outer loop
     vertex  7.595241e+01  1.016772e+02  9.700220e+01
     vertex  7.595241e+01  1.016772e+02  9.300220e+01
     vertex  7.595475e+01  1.017196e+02  9.300220e+01
   endloop
 endfacet
 facet normal  9.996236e-01 -2.743405e-02  7.254282e-21
   outer loop
     vertex  7.595125e+01  1.016347e+02  9.700220e+01
     vertex  7.595241e+01  1.016772e+02  9.300220e+01
     vertex  7.595241e+01  1.016772e+02  9.700220e+01
   endloop
 endfacet
 facet normal  9.996236e-01 -2.743405e-02  0.000000e+00
   outer loop
     vertex  7.595125e+01  1.016347e+02  9.700220e+01
     vertex  7.595125e+01  1.016347e+02  9.300220e+01
     vertex  7.595241e+01  1.016772e+02  9.300220e+01
   endloop
 endfacet
 facet normal  1.000000e+00 -0.000000e+00  0.000000e+00
   outer loop
     vertex  7.595125e+01  1.015921e+02  9.700220e+01
     vertex  7.595125e+01  1.016347e+02  9.300220e+01
     vertex  7.595125e+01  1.016347e+02  9.700220e+01
   endloop
 endfacet
 facet normal  1.000000e+00  0.000000e+00  0.000000e+00
   outer loop
     vertex  7.595125e+01  1.015921e+02  9.700220e+01
     vertex  7.595125e+01  1.015921e+02  9.300220e+01
     vertex  7.595125e+01  1.016347e+02  9.300220e+01
   endloop
 endfacet
 facet normal  9.996236e-01  2.743405e-02 -7.254282e-21
   outer loop
     vertex  7.595241e+01  1.015496e+02  9.700220e+01
     vertex  7.595125e+01  1.015921e+02  9.300220e+01
     vertex  7.595125e+01  1.015921e+02  9.700220e+01
   endloop
 endfacet
 facet normal  9.996236e-01  2.743405e-02  0.000000e+00
   outer loop
     vertex  7.595241e+01  1.015496e+02  9.700220e+01
     vertex  7.595241e+01  1.015496e+02  9.300220e+01
     vertex  7.595125e+01  1.015921e+02  9.300220e+01
   endloop
 endfacet
 facet normal  9.984947e-01  5.484744e-02 -2.935621e-20
   outer loop
     vertex  7.595475e+01  1.015072e+02  9.700220e+01
     vertex  7.595241e+01  1.015496e+02  9.300220e+01
     vertex  7.595241e+01  1.015496e+02  9.700220e+01
   endloop
 endfacet
 facet normal  9.984947e-01  5.484744e-02  0.000000e+00
   outer loop
     vertex  7.595475e+01  1.015072e+02  9.700220e+01
     vertex  7.595475e+01  1.015072e+02  9.300220e+01
     vertex  7.595241e+01  1.015496e+02  9.300220e+01
   endloop
 endfacet
 facet normal  9.966142e-01  8.221955e-02  6.220609e-20
   outer loop
     vertex  7.595824e+01  1.014648e+02  9.700220e+01
     vertex  7.595475e+01  1.015072e+02  9.300220e+01
     vertex  7.595475e+01  1.015072e+02  9.700220e+01
   endloop
 endfacet
 facet normal  9.966142e-01  8.221955e-02  0.000000e+00
   outer loop
     vertex  7.595824e+01  1.014648e+02  9.700220e+01
     vertex  7.595824e+01  1.014648e+02  9.300220e+01
     vertex  7.595475e+01  1.015072e+02  9.300220e+01
   endloop
 endfacet
 facet normal  9.939835e-01  1.095298e-01  0.000000e+00
   outer loop
     vertex  7.595824e+01  1.014648e+02  9.700220e+01
     vertex  7.596290e+01  1.014225e+02  9.300220e+01
     vertex  7.595824e+01  1.014648e+02  9.300220e+01
   endloop
 endfacet
 facet normal  9.939835e-01  1.095298e-01  0.000000e+00
   outer loop
     vertex  7.596290e+01  1.014225e+02  9.700220e+01
     vertex  7.596290e+01  1.014225e+02  9.300220e+01
     vertex  7.595824e+01  1.014648e+02  9.700220e+01
   endloop
 endfacet
 facet normal  9.906046e-01  1.367575e-01 -1.242579e-20
   outer loop
     vertex  7.596872e+01  1.013804e+02  9.700220e+01
     vertex  7.596290e+01  1.014225e+02  9.300220e+01
     vertex  7.596290e+01  1.014225e+02  9.700220e+01
   endloop
 endfacet
 facet normal  9.906046e-01  1.367575e-01  0.000000e+00
   outer loop
     vertex  7.596872e+01  1.013804e+02  9.700220e+01
     vertex  7.596872e+01  1.013804e+02  9.300220e+01
     vertex  7.596290e+01  1.014225e+02  9.300220e+01
   endloop
 endfacet
 facet normal  9.864799e-01  1.638824e-01 -1.283545e-19
   outer loop
     vertex  7.597568e+01  1.013384e+02  9.700220e+01
     vertex  7.596872e+01  1.013804e+02  9.300220e+01
     vertex  7.596872e+01  1.013804e+02  9.700220e+01
   endloop
 endfacet
 facet normal  9.864799e-01  1.638824e-01  0.000000e+00
   outer loop
     vertex  7.597568e+01  1.013384e+02  9.700220e+01
     vertex  7.597568e+01  1.013384e+02  9.300220e+01
     vertex  7.596872e+01  1.013804e+02  9.300220e+01
   endloop
 endfacet
 facet normal  9.816126e-01  1.908838e-01  1.469946e-19
   outer loop
     vertex  7.598380e+01  1.012967e+02  9.700220e+01
     vertex  7.597568e+01  1.013384e+02  9.300220e+01
     vertex  7.597568e+01  1.013384e+02  9.700220e+01
   endloop
 endfacet
 facet normal  9.816126e-01  1.908838e-01  0.000000e+00
   outer loop
     vertex  7.598380e+01  1.012967e+02  9.700220e+01
     vertex  7.598380e+01  1.012967e+02  9.300220e+01
     vertex  7.597568e+01  1.013384e+02  9.300220e+01
   endloop
 endfacet
 facet normal  9.760065e-01  2.177416e-01  0.000000e+00
   outer loop
     vertex  7.599306e+01  1.012552e+02  9.700220e+01
     vertex  7.599306e+01  1.012552e+02  9.300220e+01
     vertex  7.598380e+01  1.012967e+02  9.300220e+01
   endloop
 endfacet
 facet normal  9.760065e-01  2.177416e-01  9.382754e-20
   outer loop
     vertex  7.599306e+01  1.012552e+02  9.700220e+01
     vertex  7.598380e+01  1.012967e+02  9.300220e+01
     vertex  7.598380e+01  1.012967e+02  9.700220e+01
   endloop
 endfacet
 facet normal  9.696656e-01  2.444354e-01  0.000000e+00
   outer loop
     vertex  7.600346e+01  1.012139e+02  9.700220e+01
     vertex  7.600346e+01  1.012139e+02  9.300220e+01
     vertex  7.599306e+01  1.012552e+02  9.300220e+01
   endloop
 endfacet
 facet normal  9.696656e-01  2.444354e-01  1.256204e-19
   outer loop
     vertex  7.600346e+01  1.012139e+02  9.700220e+01
     vertex  7.599306e+01  1.012552e+02  9.300220e+01
     vertex  7.599306e+01  1.012552e+02  9.700220e+01
   endloop
 endfacet
 facet normal  9.625948e-01  2.709453e-01  1.015220e-19
   outer loop
     vertex  7.601498e+01  1.011730e+02  9.700220e+01
     vertex  7.600346e+01  1.012139e+02  9.300220e+01
     vertex  7.600346e+01  1.012139e+02  9.700220e+01
   endloop
 endfacet
 facet normal  9.625948e-01  2.709453e-01  0.000000e+00
   outer loop
     vertex  7.601498e+01  1.011730e+02  9.700220e+01
     vertex  7.601498e+01  1.011730e+02  9.300220e+01
     vertex  7.600346e+01  1.012139e+02  9.300220e+01
   endloop
 endfacet
 facet normal  9.547993e-01  2.972512e-01  0.000000e+00
   outer loop
     vertex  7.602762e+01  1.011324e+02  9.700220e+01
     vertex  7.602762e+01  1.011324e+02  9.300220e+01
     vertex  7.601498e+01  1.011730e+02  9.300220e+01
   endloop
 endfacet
 facet normal  9.547993e-01  2.972512e-01 -2.724058e-19
   outer loop
     vertex  7.602762e+01  1.011324e+02  9.700220e+01
     vertex  7.601498e+01  1.011730e+02  9.300220e+01
     vertex  7.601498e+01  1.011730e+02  9.700220e+01
   endloop
 endfacet
 facet normal  9.462851e-01  3.233333e-01  0.000000e+00
   outer loop
     vertex  7.604137e+01  1.010922e+02  9.700220e+01
     vertex  7.604137e+01  1.010922e+02  9.300220e+01
     vertex  7.602762e+01  1.011324e+02  9.300220e+01
   endloop
 endfacet
 facet normal  9.462851e-01  3.233333e-01 -9.438747e-20
   outer loop
     vertex  7.604137e+01  1.010922e+02  9.700220e+01
     vertex  7.602762e+01  1.011324e+02  9.300220e+01
     vertex  7.602762e+01  1.011324e+02  9.700220e+01
   endloop
 endfacet
 facet normal  9.370586e-01  3.491720e-01  0.000000e+00
   outer loop
     vertex  7.605622e+01  1.010523e+02  9.700220e+01
     vertex  7.605622e+01  1.010523e+02  9.300220e+01
     vertex  7.604137e+01  1.010922e+02  9.300220e+01
   endloop
 endfacet
 facet normal  9.271267e-01  3.747479e-01  0.000000e+00
   outer loop
     vertex  7.605622e+01  1.010523e+02  9.700220e+01
     vertex  7.607216e+01  1.010129e+02  9.300220e+01
     vertex  7.605622e+01  1.010523e+02  9.300220e+01
   endloop
 endfacet
 facet normal  9.370586e-01  3.491720e-01  2.780750e-19
   outer loop
     vertex  7.605622e+01  1.010523e+02  9.700220e+01
     vertex  7.604137e+01  1.010922e+02  9.300220e+01
     vertex  7.604137e+01  1.010922e+02  9.700220e+01
   endloop
 endfacet
 facet normal  9.271267e-01  3.747479e-01  0.000000e+00
   outer loop
     vertex  7.607216e+01  1.010129e+02  9.700220e+01
     vertex  7.607216e+01  1.010129e+02  9.300220e+01
     vertex  7.605622e+01  1.010523e+02  9.700220e+01
   endloop
 endfacet
 facet normal  9.164969e-01  4.000417e-01  0.000000e+00
   outer loop
     vertex  7.608917e+01  1.009739e+02  9.700220e+01
     vertex  7.608917e+01  1.009739e+02  9.300220e+01
     vertex  7.607216e+01  1.010129e+02  9.300220e+01
   endloop
 endfacet
 facet normal  9.164969e-01  4.000417e-01 -1.371968e-20
   outer loop
     vertex  7.608917e+01  1.009739e+02  9.700220e+01
     vertex  7.607216e+01  1.010129e+02  9.300220e+01
     vertex  7.607216e+01  1.010129e+02  9.700220e+01
   endloop
 endfacet
 facet normal  9.051772e-01  4.250344e-01  0.000000e+00
   outer loop
     vertex  7.610725e+01  1.009354e+02  9.700220e+01
     vertex  7.610725e+01  1.009354e+02  9.300220e+01
     vertex  7.608917e+01  1.009739e+02  9.300220e+01
   endloop
 endfacet
 facet normal  9.051772e-01  4.250344e-01  1.095709e-19
   outer loop
     vertex  7.610725e+01  1.009354e+02  9.700220e+01
     vertex  7.608917e+01  1.009739e+02  9.300220e+01
     vertex  7.608917e+01  1.009739e+02  9.700220e+01
   endloop
 endfacet
 facet normal  8.931761e-01  4.497071e-01  0.000000e+00
   outer loop
     vertex  7.612637e+01  1.008974e+02  9.700220e+01
     vertex  7.612637e+01  1.008974e+02  9.300220e+01
     vertex  7.610725e+01  1.009354e+02  9.300220e+01
   endloop
 endfacet
 facet normal  8.805026e-01  4.740412e-01  0.000000e+00
   outer loop
     vertex  7.612637e+01  1.008974e+02  9.700220e+01
     vertex  7.614653e+01  1.008600e+02  9.300220e+01
     vertex  7.612637e+01  1.008974e+02  9.300220e+01
   endloop
 endfacet
 facet normal  8.931761e-01  4.497071e-01  8.581566e-20
   outer loop
     vertex  7.612637e+01  1.008974e+02  9.700220e+01
     vertex  7.610725e+01  1.009354e+02  9.300220e+01
     vertex  7.610725e+01  1.009354e+02  9.700220e+01
   endloop
 endfacet
 facet normal  8.671664e-01  4.980186e-01  0.000000e+00
   outer loop
     vertex  7.614653e+01  1.008600e+02  9.700220e+01
     vertex  7.616771e+01  1.008231e+02  9.300220e+01
     vertex  7.614653e+01  1.008600e+02  9.300220e+01
   endloop
 endfacet
 facet normal  8.805026e-01  4.740412e-01  0.000000e+00
   outer loop
     vertex  7.614653e+01  1.008600e+02  9.700220e+01
     vertex  7.614653e+01  1.008600e+02  9.300220e+01
     vertex  7.612637e+01  1.008974e+02  9.700220e+01
   endloop
 endfacet
 facet normal  8.671664e-01  4.980186e-01  0.000000e+00
   outer loop
     vertex  7.616771e+01  1.008231e+02  9.700220e+01
     vertex  7.616771e+01  1.008231e+02  9.300220e+01
     vertex  7.614653e+01  1.008600e+02  9.700220e+01
   endloop
 endfacet
 facet normal  8.531773e-01  5.216210e-01  0.000000e+00
   outer loop
     vertex  7.618989e+01  1.007868e+02  9.700220e+01
     vertex  7.618989e+01  1.007868e+02  9.300220e+01
     vertex  7.616771e+01  1.008231e+02  9.300220e+01
   endloop
 endfacet
 facet normal  8.385460e-01  5.448308e-01  0.000000e+00
   outer loop
     vertex  7.618989e+01  1.007868e+02  9.700220e+01
     vertex  7.621306e+01  1.007512e+02  9.300220e+01
     vertex  7.618989e+01  1.007868e+02  9.300220e+01
   endloop
 endfacet
 facet normal  8.531773e-01  5.216210e-01  3.062979e-19
   outer loop
     vertex  7.618989e+01  1.007868e+02  9.700220e+01
     vertex  7.616771e+01  1.008231e+02  9.300220e+01
     vertex  7.616771e+01  1.008231e+02  9.700220e+01
   endloop
 endfacet
 facet normal  8.385460e-01  5.448308e-01  0.000000e+00
   outer loop
     vertex  7.621306e+01  1.007512e+02  9.700220e+01
     vertex  7.621306e+01  1.007512e+02  9.300220e+01
     vertex  7.618989e+01  1.007868e+02  9.700220e+01
   endloop
 endfacet
 facet normal  8.232835e-01  5.676304e-01 -5.434030e-20
   outer loop
     vertex  7.623720e+01  1.007161e+02  9.700220e+01
     vertex  7.621306e+01  1.007512e+02  9.300220e+01
     vertex  7.621306e+01  1.007512e+02  9.700220e+01
   endloop
 endfacet
 facet normal  8.232835e-01  5.676304e-01  0.000000e+00
   outer loop
     vertex  7.623720e+01  1.007161e+02  9.700220e+01
     vertex  7.623720e+01  1.007161e+02  9.300220e+01
     vertex  7.621306e+01  1.007512e+02  9.300220e+01
   endloop
 endfacet
 facet normal  8.074012e-01  5.900028e-01  0.000000e+00
   outer loop
     vertex  7.623720e+01  1.007161e+02  9.700220e+01
     vertex  7.626229e+01  1.006818e+02  9.300220e+01
     vertex  7.623720e+01  1.007161e+02  9.300220e+01
   endloop
 endfacet
 facet normal  8.074012e-01  5.900028e-01  0.000000e+00
   outer loop
     vertex  7.626229e+01  1.006818e+02  9.700220e+01
     vertex  7.626229e+01  1.006818e+02  9.300220e+01
     vertex  7.623720e+01  1.007161e+02  9.700220e+01
   endloop
 endfacet
 facet normal  7.909112e-01  6.119310e-01 -1.341184e-19
   outer loop
     vertex  7.628831e+01  1.006482e+02  9.700220e+01
     vertex  7.626229e+01  1.006818e+02  9.300220e+01
     vertex  7.626229e+01  1.006818e+02  9.700220e+01
   endloop
 endfacet
 facet normal  7.909112e-01  6.119310e-01  0.000000e+00
   outer loop
     vertex  7.628831e+01  1.006482e+02  9.700220e+01
     vertex  7.628831e+01  1.006482e+02  9.300220e+01
     vertex  7.626229e+01  1.006818e+02  9.300220e+01
   endloop
 endfacet
 facet normal  7.738257e-01  6.333986e-01  0.000000e+00
   outer loop
     vertex  7.628831e+01  1.006482e+02  9.700220e+01
     vertex  7.631525e+01  1.006153e+02  9.300220e+01
     vertex  7.628831e+01  1.006482e+02  9.300220e+01
   endloop
 endfacet
 facet normal  7.738257e-01  6.333986e-01  0.000000e+00
   outer loop
     vertex  7.631525e+01  1.006153e+02  9.700220e+01
     vertex  7.631525e+01  1.006153e+02  9.300220e+01
     vertex  7.628831e+01  1.006482e+02  9.700220e+01
   endloop
 endfacet
 facet normal  7.561578e-01  6.543893e-01  2.362695e-19
   outer loop
     vertex  7.634308e+01  1.005831e+02  9.700220e+01
     vertex  7.631525e+01  1.006153e+02  9.300220e+01
     vertex  7.631525e+01  1.006153e+02  9.700220e+01
   endloop
 endfacet
 facet normal  7.561578e-01  6.543893e-01  0.000000e+00
   outer loop
     vertex  7.634308e+01  1.005831e+02  9.700220e+01
     vertex  7.634308e+01  1.005831e+02  9.300220e+01
     vertex  7.631525e+01  1.006153e+02  9.300220e+01
   endloop
 endfacet
 facet normal  7.379206e-01  6.748875e-01  2.931099e-19
   outer loop
     vertex  7.637178e+01  1.005517e+02  9.700220e+01
     vertex  7.634308e+01  1.005831e+02  9.300220e+01
     vertex  7.634308e+01  1.005831e+02  9.700220e+01
   endloop
 endfacet
 facet normal  7.379206e-01  6.748875e-01  0.000000e+00
   outer loop
     vertex  7.637178e+01  1.005517e+02  9.700220e+01
     vertex  7.637178e+01  1.005517e+02  9.300220e+01
     vertex  7.634308e+01  1.005831e+02  9.300220e+01
   endloop
 endfacet
 facet normal  7.191280e-01  6.948776e-01  3.284215e-20
   outer loop
     vertex  7.640133e+01  1.005211e+02  9.700220e+01
     vertex  7.637178e+01  1.005517e+02  9.300220e+01
     vertex  7.637178e+01  1.005517e+02  9.700220e+01
   endloop
 endfacet
 facet normal  7.191280e-01  6.948776e-01  0.000000e+00
   outer loop
     vertex  7.640133e+01  1.005211e+02  9.700220e+01
     vertex  7.640133e+01  1.005211e+02  9.300220e+01
     vertex  7.637178e+01  1.005517e+02  9.300220e+01
   endloop
 endfacet
 facet normal  6.997940e-01  7.143447e-01  1.239093e-19
   outer loop
     vertex  7.643171e+01  1.004914e+02  9.700220e+01
     vertex  7.640133e+01  1.005211e+02  9.300220e+01
     vertex  7.640133e+01  1.005211e+02  9.700220e+01
   endloop
 endfacet
 facet normal  6.997940e-01  7.143447e-01  0.000000e+00
   outer loop
     vertex  7.643171e+01  1.004914e+02  9.700220e+01
     vertex  7.643171e+01  1.004914e+02  9.300220e+01
     vertex  7.640133e+01  1.005211e+02  9.300220e+01
   endloop
 endfacet
 facet normal  6.799333e-01  7.332740e-01  0.000000e+00
   outer loop
     vertex  7.643171e+01  1.004914e+02  9.700220e+01
     vertex  7.646289e+01  1.004625e+02  9.300220e+01
     vertex  7.643171e+01  1.004914e+02  9.300220e+01
   endloop
 endfacet
 facet normal  6.799333e-01  7.332740e-01  0.000000e+00
   outer loop
     vertex  7.646289e+01  1.004625e+02  9.700220e+01
     vertex  7.646289e+01  1.004625e+02  9.300220e+01
     vertex  7.643171e+01  1.004914e+02  9.700220e+01
   endloop
 endfacet
 facet normal  6.595607e-01  7.516513e-01  0.000000e+00
   outer loop
     vertex  7.646289e+01  1.004625e+02  9.700220e+01
     vertex  7.649486e+01  1.004344e+02  9.300220e+01
     vertex  7.646289e+01  1.004625e+02  9.300220e+01
   endloop
 endfacet
 facet normal  6.595607e-01  7.516513e-01  0.000000e+00
   outer loop
     vertex  7.649486e+01  1.004344e+02  9.700220e+01
     vertex  7.649486e+01  1.004344e+02  9.300220e+01
     vertex  7.646289e+01  1.004625e+02  9.700220e+01
   endloop
 endfacet
 facet normal  6.386916e-01  7.694628e-01  6.693889e-20
   outer loop
     vertex  7.652758e+01  1.004073e+02  9.700220e+01
     vertex  7.649486e+01  1.004344e+02  9.300220e+01
     vertex  7.649486e+01  1.004344e+02  9.700220e+01
   endloop
 endfacet
 facet normal  6.386916e-01  7.694628e-01  0.000000e+00
   outer loop
     vertex  7.652758e+01  1.004073e+02  9.700220e+01
     vertex  7.652758e+01  1.004073e+02  9.300220e+01
     vertex  7.649486e+01  1.004344e+02  9.300220e+01
   endloop
 endfacet
 facet normal  6.173417e-01  7.866951e-01  2.246792e-19
   outer loop
     vertex  7.656104e+01  1.003810e+02  9.700220e+01
     vertex  7.652758e+01  1.004073e+02  9.300220e+01
     vertex  7.652758e+01  1.004073e+02  9.700220e+01
   endloop
 endfacet
 facet normal  6.173417e-01  7.866951e-01  0.000000e+00
   outer loop
     vertex  7.656104e+01  1.003810e+02  9.700220e+01
     vertex  7.656104e+01  1.003810e+02  9.300220e+01
     vertex  7.652758e+01  1.004073e+02  9.300220e+01
   endloop
 endfacet
 facet normal  5.955271e-01  8.033352e-01  1.240388e-19
   outer loop
     vertex  7.659520e+01  1.003557e+02  9.700220e+01
     vertex  7.656104e+01  1.003810e+02  9.300220e+01
     vertex  7.656104e+01  1.003810e+02  9.700220e+01
   endloop
 endfacet
 facet normal  5.955271e-01  8.033352e-01  0.000000e+00
   outer loop
     vertex  7.659520e+01  1.003557e+02  9.700220e+01
     vertex  7.659520e+01  1.003557e+02  9.300220e+01
     vertex  7.656104e+01  1.003810e+02  9.300220e+01
   endloop
 endfacet
 facet normal  5.732642e-01  8.193706e-01 -2.946085e-19
   outer loop
     vertex  7.663005e+01  1.003313e+02  9.700220e+01
     vertex  7.659520e+01  1.003557e+02  9.300220e+01
     vertex  7.659520e+01  1.003557e+02  9.700220e+01
   endloop
 endfacet
 facet normal  5.732642e-01  8.193706e-01  0.000000e+00
   outer loop
     vertex  7.663005e+01  1.003313e+02  9.700220e+01
     vertex  7.663005e+01  1.003313e+02  9.300220e+01
     vertex  7.659520e+01  1.003557e+02  9.300220e+01
   endloop
 endfacet
 facet normal  5.505698e-01  8.347891e-01  3.114467e-19
   outer loop
     vertex  7.666555e+01  1.003079e+02  9.700220e+01
     vertex  7.663005e+01  1.003313e+02  9.300220e+01
     vertex  7.663005e+01  1.003313e+02  9.700220e+01
   endloop
 endfacet
 facet normal  5.505698e-01  8.347891e-01  0.000000e+00
   outer loop
     vertex  7.666555e+01  1.003079e+02  9.700220e+01
     vertex  7.666555e+01  1.003079e+02  9.300220e+01
     vertex  7.663005e+01  1.003313e+02  9.300220e+01
   endloop
 endfacet
 facet normal  5.274609e-01  8.495793e-01  0.000000e+00
   outer loop
     vertex  7.666555e+01  1.003079e+02  9.700220e+01
     vertex  7.670168e+01  1.002855e+02  9.300220e+01
     vertex  7.666555e+01  1.003079e+02  9.300220e+01
   endloop
 endfacet
 facet normal  5.274609e-01  8.495793e-01  0.000000e+00
   outer loop
     vertex  7.670168e+01  1.002855e+02  9.700220e+01
     vertex  7.670168e+01  1.002855e+02  9.300220e+01
     vertex  7.666555e+01  1.003079e+02  9.700220e+01
   endloop
 endfacet
 facet normal  5.039550e-01  8.637299e-01  1.458921e-19
   outer loop
     vertex  7.673841e+01  1.002640e+02  9.700220e+01
     vertex  7.670168e+01  1.002855e+02  9.300220e+01
     vertex  7.670168e+01  1.002855e+02  9.700220e+01
   endloop
 endfacet
 facet normal  5.039550e-01  8.637299e-01  0.000000e+00
   outer loop
     vertex  7.673841e+01  1.002640e+02  9.700220e+01
     vertex  7.673841e+01  1.002640e+02  9.300220e+01
     vertex  7.670168e+01  1.002855e+02  9.300220e+01
   endloop
 endfacet
 facet normal  4.800697e-01  8.772303e-01  9.932325e-20
   outer loop
     vertex  7.677571e+01  1.002436e+02  9.700220e+01
     vertex  7.673841e+01  1.002640e+02  9.300220e+01
     vertex  7.673841e+01  1.002640e+02  9.700220e+01
   endloop
 endfacet
 facet normal  4.800697e-01  8.772303e-01  0.000000e+00
   outer loop
     vertex  7.677571e+01  1.002436e+02  9.700220e+01
     vertex  7.677571e+01  1.002436e+02  9.300220e+01
     vertex  7.673841e+01  1.002640e+02  9.300220e+01
   endloop
 endfacet
 facet normal  4.558231e-01  8.900704e-01  1.474930e-19
   outer loop
     vertex  7.681357e+01  1.002242e+02  9.700220e+01
     vertex  7.677571e+01  1.002436e+02  9.300220e+01
     vertex  7.677571e+01  1.002436e+02  9.700220e+01
   endloop
 endfacet
 facet normal  4.558231e-01  8.900704e-01  0.000000e+00
   outer loop
     vertex  7.681357e+01  1.002242e+02  9.700220e+01
     vertex  7.681357e+01  1.002242e+02  9.300220e+01
     vertex  7.677571e+01  1.002436e+02  9.300220e+01
   endloop
 endfacet
 facet normal  4.312333e-01  9.022405e-01 -5.988079e-20
   outer loop
     vertex  7.685194e+01  1.002059e+02  9.700220e+01
     vertex  7.681357e+01  1.002242e+02  9.300220e+01
     vertex  7.681357e+01  1.002242e+02  9.700220e+01
   endloop
 endfacet
 facet normal  4.312333e-01  9.022405e-01  0.000000e+00
   outer loop
     vertex  7.685194e+01  1.002059e+02  9.700220e+01
     vertex  7.685194e+01  1.002059e+02  9.300220e+01
     vertex  7.681357e+01  1.002242e+02  9.300220e+01
   endloop
 endfacet
 facet normal  4.063188e-01  9.137314e-01 -4.646925e-20
   outer loop
     vertex  7.689079e+01  1.001886e+02  9.700220e+01
     vertex  7.685194e+01  1.002059e+02  9.300220e+01
     vertex  7.685194e+01  1.002059e+02  9.700220e+01
   endloop
 endfacet
 facet normal  4.063188e-01  9.137314e-01  0.000000e+00
   outer loop
     vertex  7.689079e+01  1.001886e+02  9.700220e+01
     vertex  7.689079e+01  1.001886e+02  9.300220e+01
     vertex  7.685194e+01  1.002059e+02  9.300220e+01
   endloop
 endfacet
 facet normal  3.810986e-01  9.245344e-01  0.000000e+00
   outer loop
     vertex  7.689079e+01  1.001886e+02  9.700220e+01
     vertex  7.693011e+01  1.001724e+02  9.300220e+01
     vertex  7.689079e+01  1.001886e+02  9.300220e+01
   endloop
 endfacet
 facet normal  3.810986e-01  9.245344e-01  0.000000e+00
   outer loop
     vertex  7.693011e+01  1.001724e+02  9.700220e+01
     vertex  7.693011e+01  1.001724e+02  9.300220e+01
     vertex  7.689079e+01  1.001886e+02  9.700220e+01
   endloop
 endfacet
 facet normal  3.555914e-01  9.346415e-01  0.000000e+00
   outer loop
     vertex  7.696986e+01  1.001573e+02  9.700220e+01
     vertex  7.696986e+01  1.001573e+02  9.300220e+01
     vertex  7.693011e+01  1.001724e+02  9.300220e+01
   endloop
 endfacet
 facet normal  3.555914e-01  9.346415e-01  9.282587e-20
   outer loop
     vertex  7.696986e+01  1.001573e+02  9.700220e+01
     vertex  7.693011e+01  1.001724e+02  9.300220e+01
     vertex  7.693011e+01  1.001724e+02  9.700220e+01
   endloop
 endfacet
 facet normal  3.298166e-01  9.440450e-01  0.000000e+00
   outer loop
     vertex  7.701001e+01  1.001433e+02  9.700220e+01
     vertex  7.701001e+01  1.001433e+02  9.300220e+01
     vertex  7.696986e+01  1.001573e+02  9.300220e+01
   endloop
 endfacet
 facet normal  3.298166e-01  9.440450e-01 -8.003596e-20
   outer loop
     vertex  7.701001e+01  1.001433e+02  9.700220e+01
     vertex  7.696986e+01  1.001573e+02  9.300220e+01
     vertex  7.696986e+01  1.001573e+02  9.700220e+01
   endloop
 endfacet
 facet normal  3.037934e-01  9.527379e-01  0.000000e+00
   outer loop
     vertex  7.705052e+01  1.001303e+02  9.700220e+01
     vertex  7.705052e+01  1.001303e+02  9.300220e+01
     vertex  7.701001e+01  1.001433e+02  9.300220e+01
   endloop
 endfacet
 facet normal  3.037934e-01  9.527379e-01  2.410760e-19
   outer loop
     vertex  7.705052e+01  1.001303e+02  9.700220e+01
     vertex  7.701001e+01  1.001433e+02  9.300220e+01
     vertex  7.701001e+01  1.001433e+02  9.700220e+01
   endloop
 endfacet
 facet normal  2.775416e-01  9.607136e-01  1.468001e-19
   outer loop
     vertex  7.709138e+01  1.001185e+02  9.700220e+01
     vertex  7.705052e+01  1.001303e+02  9.300220e+01
     vertex  7.705052e+01  1.001303e+02  9.700220e+01
   endloop
 endfacet
 facet normal  2.775416e-01  9.607136e-01  0.000000e+00
   outer loop
     vertex  7.709138e+01  1.001185e+02  9.700220e+01
     vertex  7.709138e+01  1.001185e+02  9.300220e+01
     vertex  7.705052e+01  1.001303e+02  9.300220e+01
   endloop
 endfacet
 facet normal  2.510809e-01  9.679661e-01  0.000000e+00
   outer loop
     vertex  7.709138e+01  1.001185e+02  9.700220e+01
     vertex  7.713254e+01  1.001079e+02  9.300220e+01
     vertex  7.709138e+01  1.001185e+02  9.300220e+01
   endloop
 endfacet
 facet normal  2.510809e-01  9.679661e-01  0.000000e+00
   outer loop
     vertex  7.713254e+01  1.001079e+02  9.700220e+01
     vertex  7.713254e+01  1.001079e+02  9.300220e+01
     vertex  7.709138e+01  1.001185e+02  9.700220e+01
   endloop
 endfacet
 facet normal  2.244312e-01  9.744899e-01  6.260945e-20
   outer loop
     vertex  7.717399e+01  1.000983e+02  9.700220e+01
     vertex  7.713254e+01  1.001079e+02  9.300220e+01
     vertex  7.713254e+01  1.001079e+02  9.700220e+01
   endloop
 endfacet
 facet normal  2.244312e-01  9.744899e-01  0.000000e+00
   outer loop
     vertex  7.717399e+01  1.000983e+02  9.700220e+01
     vertex  7.717399e+01  1.000983e+02  9.300220e+01
     vertex  7.713254e+01  1.001079e+02  9.300220e+01
   endloop
 endfacet
 facet normal  1.976125e-01  9.802802e-01  0.000000e+00
   outer loop
     vertex  7.717399e+01  1.000983e+02  9.700220e+01
     vertex  7.721567e+01  1.000899e+02  9.300220e+01
     vertex  7.717399e+01  1.000983e+02  9.300220e+01
   endloop
 endfacet
 facet normal  1.976125e-01  9.802802e-01  0.000000e+00
   outer loop
     vertex  7.721567e+01  1.000899e+02  9.700220e+01
     vertex  7.721567e+01  1.000899e+02  9.300220e+01
     vertex  7.717399e+01  1.000983e+02  9.700220e+01
   endloop
 endfacet
 facet normal  1.706451e-01  9.853326e-01  9.863684e-20
   outer loop
     vertex  7.725758e+01  1.000826e+02  9.700220e+01
     vertex  7.721567e+01  1.000899e+02  9.300220e+01
     vertex  7.721567e+01  1.000899e+02  9.700220e+01
   endloop
 endfacet
 facet normal  1.706451e-01  9.853326e-01  0.000000e+00
   outer loop
     vertex  7.725758e+01  1.000826e+02  9.700220e+01
     vertex  7.725758e+01  1.000826e+02  9.300220e+01
     vertex  7.721567e+01  1.000899e+02  9.300220e+01
   endloop
 endfacet
 facet normal  1.435492e-01  9.896432e-01  0.000000e+00
   outer loop
     vertex  7.725758e+01  1.000826e+02  9.700220e+01
     vertex  7.729966e+01  1.000765e+02  9.300220e+01
     vertex  7.725758e+01  1.000826e+02  9.300220e+01
   endloop
 endfacet
 facet normal  1.435492e-01  9.896432e-01  0.000000e+00
   outer loop
     vertex  7.729966e+01  1.000765e+02  9.700220e+01
     vertex  7.729966e+01  1.000765e+02  9.300220e+01
     vertex  7.725758e+01  1.000826e+02  9.700220e+01
   endloop
 endfacet
 facet normal  1.163452e-01  9.932088e-01  2.784187e-20
   outer loop
     vertex  7.734190e+01  1.000716e+02  9.700220e+01
     vertex  7.729966e+01  1.000765e+02  9.300220e+01
     vertex  7.729966e+01  1.000765e+02  9.700220e+01
   endloop
 endfacet
 facet normal  1.163452e-01  9.932088e-01  0.000000e+00
   outer loop
     vertex  7.734190e+01  1.000716e+02  9.700220e+01
     vertex  7.734190e+01  1.000716e+02  9.300220e+01
     vertex  7.729966e+01  1.000765e+02  9.300220e+01
   endloop
 endfacet
 facet normal  8.905371e-02  9.960268e-01 -1.855443e-20
   outer loop
     vertex  7.738426e+01  1.000678e+02  9.700220e+01
     vertex  7.734190e+01  1.000716e+02  9.300220e+01
     vertex  7.734190e+01  1.000716e+02  9.700220e+01
   endloop
 endfacet
 facet normal  8.905371e-02  9.960268e-01  0.000000e+00
   outer loop
     vertex  7.738426e+01  1.000678e+02  9.700220e+01
     vertex  7.738426e+01  1.000678e+02  9.300220e+01
     vertex  7.734190e+01  1.000716e+02  9.300220e+01
   endloop
 endfacet
 facet normal  6.169515e-02  9.980950e-01  2.056474e-20
   outer loop
     vertex  7.742670e+01  1.000652e+02  9.700220e+01
     vertex  7.738426e+01  1.000678e+02  9.300220e+01
     vertex  7.738426e+01  1.000678e+02  9.700220e+01
   endloop
 endfacet
 facet normal  6.169515e-02  9.980950e-01  0.000000e+00
   outer loop
     vertex  7.742670e+01  1.000652e+02  9.700220e+01
     vertex  7.742670e+01  1.000652e+02  9.300220e+01
     vertex  7.738426e+01  1.000678e+02  9.300220e+01
   endloop
 endfacet
 facet normal  3.429014e-02  9.994119e-01  3.538555e-20
   outer loop
     vertex  7.746921e+01  1.000637e+02  9.700220e+01
     vertex  7.742670e+01  1.000652e+02  9.300220e+01
     vertex  7.742670e+01  1.000652e+02  9.700220e+01
   endloop
 endfacet
 facet normal  3.429014e-02  9.994119e-01  0.000000e+00
   outer loop
     vertex  7.746921e+01  1.000637e+02  9.700220e+01
     vertex  7.746921e+01  1.000637e+02  9.300220e+01
     vertex  7.742670e+01  1.000652e+02  9.300220e+01
   endloop
 endfacet
 facet normal  6.859319e-03  9.999765e-01  0.000000e+00
   outer loop
     vertex  7.746921e+01  1.000637e+02  9.700220e+01
     vertex  7.751173e+01  1.000634e+02  9.300220e+01
     vertex  7.746921e+01  1.000637e+02  9.300220e+01
   endloop
 endfacet
 facet normal  6.859319e-03  9.999765e-01  0.000000e+00
   outer loop
     vertex  7.751173e+01  1.000634e+02  9.700220e+01
     vertex  7.751173e+01  1.000634e+02  9.300220e+01
     vertex  7.746921e+01  1.000637e+02  9.700220e+01
   endloop
 endfacet
 facet normal -2.057667e-02  9.997883e-01 -5.013684e-21
   outer loop
     vertex  7.755425e+01  1.000643e+02  9.700220e+01
     vertex  7.751173e+01  1.000634e+02  9.300220e+01
     vertex  7.751173e+01  1.000634e+02  9.700220e+01
   endloop
 endfacet
 facet normal -2.057667e-02  9.997883e-01  0.000000e+00
   outer loop
     vertex  7.755425e+01  1.000643e+02  9.700220e+01
     vertex  7.755425e+01  1.000643e+02  9.300220e+01
     vertex  7.751173e+01  1.000634e+02  9.300220e+01
   endloop
 endfacet
 facet normal -4.799716e-02  9.988475e-01  0.000000e+00
   outer loop
     vertex  7.759673e+01  1.000664e+02  9.700220e+01
     vertex  7.759673e+01  1.000664e+02  9.300220e+01
     vertex  7.755425e+01  1.000643e+02  9.300220e+01
   endloop
 endfacet
 facet normal -7.538152e-02  9.971548e-01  0.000000e+00
   outer loop
     vertex  7.759673e+01  1.000664e+02  9.700220e+01
     vertex  7.763913e+01  1.000696e+02  9.300220e+01
     vertex  7.759673e+01  1.000664e+02  9.300220e+01
   endloop
 endfacet
 facet normal -4.799716e-02  9.988475e-01 -3.174113e-20
   outer loop
     vertex  7.759673e+01  1.000664e+02  9.700220e+01
     vertex  7.755425e+01  1.000643e+02  9.300220e+01
     vertex  7.755425e+01  1.000643e+02  9.700220e+01
   endloop
 endfacet
 facet normal -7.538152e-02  9.971548e-01  0.000000e+00
   outer loop
     vertex  7.763913e+01  1.000696e+02  9.700220e+01
     vertex  7.763913e+01  1.000696e+02  9.300220e+01
     vertex  7.759673e+01  1.000664e+02  9.700220e+01
   endloop
 endfacet
 facet normal -1.027091e-01  9.947114e-01  0.000000e+00
   outer loop
     vertex  7.768144e+01  1.000739e+02  9.700220e+01
     vertex  7.768144e+01  1.000739e+02  9.300220e+01
     vertex  7.763913e+01  1.000696e+02  9.300220e+01
   endloop
 endfacet
 facet normal -1.027091e-01  9.947114e-01  4.273299e-20
   outer loop
     vertex  7.768144e+01  1.000739e+02  9.700220e+01
     vertex  7.763913e+01  1.000696e+02  9.300220e+01
     vertex  7.763913e+01  1.000696e+02  9.700220e+01
   endloop
 endfacet
 facet normal -1.299594e-01  9.915193e-01  0.000000e+00
   outer loop
     vertex  7.772360e+01  1.000795e+02  9.700220e+01
     vertex  7.772360e+01  1.000795e+02  9.300220e+01
     vertex  7.768144e+01  1.000739e+02  9.300220e+01
   endloop
 endfacet
 facet normal -1.299594e-01  9.915193e-01  3.673521e-20
   outer loop
     vertex  7.772360e+01  1.000795e+02  9.700220e+01
     vertex  7.768144e+01  1.000739e+02  9.300220e+01
     vertex  7.768144e+01  1.000739e+02  9.700220e+01
   endloop
 endfacet
 facet normal -1.571119e-01  9.875808e-01  0.000000e+00
   outer loop
     vertex  7.776560e+01  1.000861e+02  9.700220e+01
     vertex  7.776560e+01  1.000861e+02  9.300220e+01
     vertex  7.772360e+01  1.000795e+02  9.300220e+01
   endloop
 endfacet
 facet normal -1.571119e-01  9.875808e-01 -1.386779e-19
   outer loop
     vertex  7.776560e+01  1.000861e+02  9.700220e+01
     vertex  7.772360e+01  1.000795e+02  9.300220e+01
     vertex  7.772360e+01  1.000795e+02  9.700220e+01
   endloop
 endfacet
 facet normal -1.841461e-01  9.828989e-01  0.000000e+00
   outer loop
     vertex  7.780740e+01  1.000940e+02  9.700220e+01
     vertex  7.780740e+01  1.000940e+02  9.300220e+01
     vertex  7.776560e+01  1.000861e+02  9.300220e+01
   endloop
 endfacet
 facet normal -1.841461e-01  9.828989e-01  4.042182e-20
   outer loop
     vertex  7.780740e+01  1.000940e+02  9.700220e+01
     vertex  7.776560e+01  1.000861e+02  9.300220e+01
     vertex  7.776560e+01  1.000861e+02  9.700220e+01
   endloop
 endfacet
 facet normal -2.110417e-01  9.774771e-01  0.000000e+00
   outer loop
     vertex  7.784897e+01  1.001029e+02  9.700220e+01
     vertex  7.784897e+01  1.001029e+02  9.300220e+01
     vertex  7.780740e+01  1.000940e+02  9.300220e+01
   endloop
 endfacet
 facet normal -2.110417e-01  9.774771e-01  1.440788e-19
   outer loop
     vertex  7.784897e+01  1.001029e+02  9.700220e+01
     vertex  7.780740e+01  1.000940e+02  9.300220e+01
     vertex  7.780740e+01  1.000940e+02  9.700220e+01
   endloop
 endfacet
 facet normal -2.377784e-01  9.713194e-01  0.000000e+00
   outer loop
     vertex  7.789028e+01  1.001131e+02  9.700220e+01
     vertex  7.789028e+01  1.001131e+02  9.300220e+01
     vertex  7.784897e+01  1.001029e+02  9.300220e+01
   endloop
 endfacet
 facet normal -2.643362e-01  9.644306e-01  0.000000e+00
   outer loop
     vertex  7.789028e+01  1.001131e+02  9.700220e+01
     vertex  7.793129e+01  1.001243e+02  9.300220e+01
     vertex  7.789028e+01  1.001131e+02  9.300220e+01
   endloop
 endfacet
 facet normal -2.377784e-01  9.713194e-01 -1.098318e-19
   outer loop
     vertex  7.789028e+01  1.001131e+02  9.700220e+01
     vertex  7.784897e+01  1.001029e+02  9.300220e+01
     vertex  7.784897e+01  1.001029e+02  9.700220e+01
   endloop
 endfacet
 facet normal -2.643362e-01  9.644306e-01  0.000000e+00
   outer loop
     vertex  7.793129e+01  1.001243e+02  9.700220e+01
     vertex  7.793129e+01  1.001243e+02  9.300220e+01
     vertex  7.789028e+01  1.001131e+02  9.700220e+01
   endloop
 endfacet
 facet normal -2.906949e-01  9.568158e-01  0.000000e+00
   outer loop
     vertex  7.797198e+01  1.001367e+02  9.700220e+01
     vertex  7.797198e+01  1.001367e+02  9.300220e+01
     vertex  7.793129e+01  1.001243e+02  9.300220e+01
   endloop
 endfacet
 facet normal -3.168348e-01  9.484807e-01  0.000000e+00
   outer loop
     vertex  7.797198e+01  1.001367e+02  9.700220e+01
     vertex  7.801232e+01  1.001501e+02  9.300220e+01
     vertex  7.797198e+01  1.001367e+02  9.300220e+01
   endloop
 endfacet
 facet normal -2.906949e-01  9.568158e-01 -3.571238e-20
   outer loop
     vertex  7.797198e+01  1.001367e+02  9.700220e+01
     vertex  7.793129e+01  1.001243e+02  9.300220e+01
     vertex  7.793129e+01  1.001243e+02  9.700220e+01
   endloop
 endfacet
 facet normal -3.168348e-01  9.484807e-01  0.000000e+00
   outer loop
     vertex  7.801232e+01  1.001501e+02  9.700220e+01
     vertex  7.801232e+01  1.001501e+02  9.300220e+01
     vertex  7.797198e+01  1.001367e+02  9.700220e+01
   endloop
 endfacet
 facet normal -3.427362e-01  9.394317e-01  0.000000e+00
   outer loop
     vertex  7.805227e+01  1.001647e+02  9.700220e+01
     vertex  7.805227e+01  1.001647e+02  9.300220e+01
     vertex  7.801232e+01  1.001501e+02  9.300220e+01
   endloop
 endfacet
 facet normal -3.427362e-01  9.394317e-01  1.654177e-19
   outer loop
     vertex  7.805227e+01  1.001647e+02  9.700220e+01
     vertex  7.801232e+01  1.001501e+02  9.300220e+01
     vertex  7.801232e+01  1.001501e+02  9.700220e+01
   endloop
 endfacet
 facet normal -3.683796e-01  9.296754e-01  0.000000e+00
   outer loop
     vertex  7.809180e+01  1.001804e+02  9.700220e+01
     vertex  7.809180e+01  1.001804e+02  9.300220e+01
     vertex  7.805227e+01  1.001647e+02  9.300220e+01
   endloop
 endfacet
 facet normal -3.683796e-01  9.296754e-01 -2.847770e-19
   outer loop
     vertex  7.809180e+01  1.001804e+02  9.700220e+01
     vertex  7.805227e+01  1.001647e+02  9.300220e+01
     vertex  7.805227e+01  1.001647e+02  9.700220e+01
   endloop
 endfacet
 facet normal -3.937458e-01  9.192194e-01  9.435374e-20
   outer loop
     vertex  7.813089e+01  1.001971e+02  9.700220e+01
     vertex  7.809180e+01  1.001804e+02  9.300220e+01
     vertex  7.809180e+01  1.001804e+02  9.700220e+01
   endloop
 endfacet
 facet normal -3.937458e-01  9.192194e-01  0.000000e+00
   outer loop
     vertex  7.813089e+01  1.001971e+02  9.700220e+01
     vertex  7.813089e+01  1.001971e+02  9.300220e+01
     vertex  7.809180e+01  1.001804e+02  9.300220e+01
   endloop
 endfacet
 facet normal -4.188155e-01  9.080714e-01  1.023084e-19
   outer loop
     vertex  7.816951e+01  1.002149e+02  9.700220e+01
     vertex  7.813089e+01  1.001971e+02  9.300220e+01
     vertex  7.813089e+01  1.001971e+02  9.700220e+01
   endloop
 endfacet
 facet normal -4.188155e-01  9.080714e-01  0.000000e+00
   outer loop
     vertex  7.816951e+01  1.002149e+02  9.700220e+01
     vertex  7.816951e+01  1.002149e+02  9.300220e+01
     vertex  7.813089e+01  1.001971e+02  9.300220e+01
   endloop
 endfacet
 facet normal -4.435699e-01  8.962398e-01 -1.565861e-19
   outer loop
     vertex  7.820763e+01  1.002338e+02  9.700220e+01
     vertex  7.816951e+01  1.002149e+02  9.300220e+01
     vertex  7.816951e+01  1.002149e+02  9.700220e+01
   endloop
 endfacet
 facet normal -4.435699e-01  8.962398e-01  0.000000e+00
   outer loop
     vertex  7.820763e+01  1.002338e+02  9.700220e+01
     vertex  7.820763e+01  1.002338e+02  9.300220e+01
     vertex  7.816951e+01  1.002149e+02  9.300220e+01
   endloop
 endfacet
 facet normal -4.679904e-01  8.837335e-01 -1.825991e-19
   outer loop
     vertex  7.824521e+01  1.002537e+02  9.700220e+01
     vertex  7.820763e+01  1.002338e+02  9.300220e+01
     vertex  7.820763e+01  1.002338e+02  9.700220e+01
   endloop
 endfacet
 facet normal -4.679904e-01  8.837335e-01  0.000000e+00
   outer loop
     vertex  7.824521e+01  1.002537e+02  9.700220e+01
     vertex  7.824521e+01  1.002537e+02  9.300220e+01
     vertex  7.820763e+01  1.002338e+02  9.300220e+01
   endloop
 endfacet
 facet normal -4.920587e-01  8.705620e-01  0.000000e+00
   outer loop
     vertex  7.824521e+01  1.002537e+02  9.700220e+01
     vertex  7.828223e+01  1.002746e+02  9.300220e+01
     vertex  7.824521e+01  1.002537e+02  9.300220e+01
   endloop
 endfacet
 facet normal -4.920587e-01  8.705620e-01  0.000000e+00
   outer loop
     vertex  7.828223e+01  1.002746e+02  9.700220e+01
     vertex  7.828223e+01  1.002746e+02  9.300220e+01
     vertex  7.824521e+01  1.002537e+02  9.700220e+01
   endloop
 endfacet
 facet normal -5.157565e-01  8.567352e-01  0.000000e+00
   outer loop
     vertex  7.831866e+01  1.002966e+02  9.700220e+01
     vertex  7.831866e+01  1.002966e+02  9.300220e+01
     vertex  7.828223e+01  1.002746e+02  9.300220e+01
   endloop
 endfacet
 facet normal -5.157565e-01  8.567352e-01 -1.026873e-19
   outer loop
     vertex  7.831866e+01  1.002966e+02  9.700220e+01
     vertex  7.828223e+01  1.002746e+02  9.300220e+01
     vertex  7.828223e+01  1.002746e+02  9.700220e+01
   endloop
 endfacet
 facet normal -5.390661e-01  8.422635e-01  0.000000e+00
   outer loop
     vertex  7.835448e+01  1.003195e+02  9.700220e+01
     vertex  7.835448e+01  1.003195e+02  9.300220e+01
     vertex  7.831866e+01  1.002966e+02  9.300220e+01
   endloop
 endfacet
 facet normal -5.390661e-01  8.422635e-01  1.202382e-20
   outer loop
     vertex  7.835448e+01  1.003195e+02  9.700220e+01
     vertex  7.831866e+01  1.002966e+02  9.300220e+01
     vertex  7.831866e+01  1.002966e+02  9.700220e+01
   endloop
 endfacet
 facet normal -5.619699e-01  8.271577e-01  0.000000e+00
   outer loop
     vertex  7.838966e+01  1.003434e+02  9.700220e+01
     vertex  7.838966e+01  1.003434e+02  9.300220e+01
     vertex  7.835448e+01  1.003195e+02  9.300220e+01
   endloop
 endfacet
 facet normal -5.844507e-01  8.114292e-01  0.000000e+00
   outer loop
     vertex  7.838966e+01  1.003434e+02  9.700220e+01
     vertex  7.842417e+01  1.003682e+02  9.300220e+01
     vertex  7.838966e+01  1.003434e+02  9.300220e+01
   endloop
 endfacet
 facet normal -5.619699e-01  8.271577e-01  1.678093e-19
   outer loop
     vertex  7.838966e+01  1.003434e+02  9.700220e+01
     vertex  7.835448e+01  1.003195e+02  9.300220e+01
     vertex  7.835448e+01  1.003195e+02  9.700220e+01
   endloop
 endfacet
 facet normal -5.844507e-01  8.114292e-01  0.000000e+00
   outer loop
     vertex  7.842417e+01  1.003682e+02  9.700220e+01
     vertex  7.842417e+01  1.003682e+02  9.300220e+01
     vertex  7.838966e+01  1.003434e+02  9.700220e+01
   endloop
 endfacet
 facet normal -6.064915e-01  7.950900e-01  0.000000e+00
   outer loop
     vertex  7.845798e+01  1.003940e+02  9.700220e+01
     vertex  7.845798e+01  1.003940e+02  9.300220e+01
     vertex  7.842417e+01  1.003682e+02  9.300220e+01
   endloop
 endfacet
 facet normal -6.064915e-01  7.950900e-01 -1.608161e-20
   outer loop
     vertex  7.845798e+01  1.003940e+02  9.700220e+01
     vertex  7.842417e+01  1.003682e+02  9.300220e+01
     vertex  7.842417e+01  1.003682e+02  9.700220e+01
   endloop
 endfacet
 facet normal -6.280757e-01  7.781522e-01  0.000000e+00
   outer loop
     vertex  7.849107e+01  1.004207e+02  9.700220e+01
     vertex  7.849107e+01  1.004207e+02  9.300220e+01
     vertex  7.845798e+01  1.003940e+02  9.300220e+01
   endloop
 endfacet
 facet normal -6.280757e-01  7.781522e-01  2.377669e-20
   outer loop
     vertex  7.849107e+01  1.004207e+02  9.700220e+01
     vertex  7.845798e+01  1.003940e+02  9.300220e+01
     vertex  7.845798e+01  1.003940e+02  9.700220e+01
   endloop
 endfacet
 facet normal -6.491872e-01  7.606287e-01  0.000000e+00
   outer loop
     vertex  7.852342e+01  1.004483e+02  9.700220e+01
     vertex  7.852342e+01  1.004483e+02  9.300220e+01
     vertex  7.849107e+01  1.004207e+02  9.300220e+01
   endloop
 endfacet
 facet normal -6.491872e-01  7.606287e-01 -1.927268e-19
   outer loop
     vertex  7.852342e+01  1.004483e+02  9.700220e+01
     vertex  7.849107e+01  1.004207e+02  9.300220e+01
     vertex  7.849107e+01  1.004207e+02  9.700220e+01
   endloop
 endfacet
 facet normal -6.698100e-01  7.425325e-01  0.000000e+00
   outer loop
     vertex  7.855500e+01  1.004768e+02  9.700220e+01
     vertex  7.855500e+01  1.004768e+02  9.300220e+01
     vertex  7.852342e+01  1.004483e+02  9.300220e+01
   endloop
 endfacet
 facet normal -6.698100e-01  7.425325e-01  5.336717e-20
   outer loop
     vertex  7.855500e+01  1.004768e+02  9.700220e+01
     vertex  7.852342e+01  1.004483e+02  9.300220e+01
     vertex  7.852342e+01  1.004483e+02  9.700220e+01
   endloop
 endfacet
 facet normal -6.899286e-01  7.238775e-01  0.000000e+00
   outer loop
     vertex  7.858578e+01  1.005062e+02  9.700220e+01
     vertex  7.858578e+01  1.005062e+02  9.300220e+01
     vertex  7.855500e+01  1.004768e+02  9.300220e+01
   endloop
 endfacet
 facet normal -7.095278e-01  7.046775e-01  0.000000e+00
   outer loop
     vertex  7.858578e+01  1.005062e+02  9.700220e+01
     vertex  7.861575e+01  1.005363e+02  9.300220e+01
     vertex  7.858578e+01  1.005062e+02  9.300220e+01
   endloop
 endfacet
 facet normal -6.899286e-01  7.238775e-01  1.049324e-19
   outer loop
     vertex  7.858578e+01  1.005062e+02  9.700220e+01
     vertex  7.855500e+01  1.004768e+02  9.300220e+01
     vertex  7.855500e+01  1.004768e+02  9.700220e+01
   endloop
 endfacet
 facet normal -7.095278e-01  7.046775e-01  0.000000e+00
   outer loop
     vertex  7.861575e+01  1.005363e+02  9.700220e+01
     vertex  7.861575e+01  1.005363e+02  9.300220e+01
     vertex  7.858578e+01  1.005062e+02  9.700220e+01
   endloop
 endfacet
 facet normal -7.285929e-01  6.849470e-01  0.000000e+00
   outer loop
     vertex  7.864488e+01  1.005673e+02  9.700220e+01
     vertex  7.864488e+01  1.005673e+02  9.300220e+01
     vertex  7.861575e+01  1.005363e+02  9.300220e+01
   endloop
 endfacet
 facet normal -7.471095e-01  6.647010e-01  0.000000e+00
   outer loop
     vertex  7.864488e+01  1.005673e+02  9.700220e+01
     vertex  7.867314e+01  1.005991e+02  9.300220e+01
     vertex  7.864488e+01  1.005673e+02  9.300220e+01
   endloop
 endfacet
 facet normal -7.285929e-01  6.849470e-01 -1.419208e-19
   outer loop
     vertex  7.864488e+01  1.005673e+02  9.700220e+01
     vertex  7.861575e+01  1.005363e+02  9.300220e+01
     vertex  7.861575e+01  1.005363e+02  9.700220e+01
   endloop
 endfacet
 facet normal -7.471095e-01  6.647010e-01  0.000000e+00
   outer loop
     vertex  7.867314e+01  1.005991e+02  9.700220e+01
     vertex  7.867314e+01  1.005991e+02  9.300220e+01
     vertex  7.864488e+01  1.005673e+02  9.700220e+01
   endloop
 endfacet
 facet normal -7.650637e-01  6.439545e-01  0.000000e+00
   outer loop
     vertex  7.870053e+01  1.006316e+02  9.700220e+01
     vertex  7.870053e+01  1.006316e+02  9.300220e+01
     vertex  7.867314e+01  1.005991e+02  9.300220e+01
   endloop
 endfacet
 facet normal -7.650637e-01  6.439545e-01  2.991394e-19
   outer loop
     vertex  7.870053e+01  1.006316e+02  9.700220e+01
     vertex  7.867314e+01  1.005991e+02  9.300220e+01
     vertex  7.867314e+01  1.005991e+02  9.700220e+01
   endloop
 endfacet
 facet normal -7.824421e-01  6.227234e-01  0.000000e+00
   outer loop
     vertex  7.872701e+01  1.006649e+02  9.700220e+01
     vertex  7.872701e+01  1.006649e+02  9.300220e+01
     vertex  7.870053e+01  1.006316e+02  9.300220e+01
   endloop
 endfacet
 facet normal -7.824421e-01  6.227234e-01 -1.091472e-19
   outer loop
     vertex  7.872701e+01  1.006649e+02  9.700220e+01
     vertex  7.870053e+01  1.006316e+02  9.300220e+01
     vertex  7.870053e+01  1.006316e+02  9.700220e+01
   endloop
 endfacet
 facet normal -7.992314e-01  6.010234e-01  0.000000e+00
   outer loop
     vertex  7.875257e+01  1.006989e+02  9.700220e+01
     vertex  7.875257e+01  1.006989e+02  9.300220e+01
     vertex  7.872701e+01  1.006649e+02  9.300220e+01
   endloop
 endfacet
 facet normal -8.154191e-01  5.788711e-01  0.000000e+00
   outer loop
     vertex  7.875257e+01  1.006989e+02  9.700220e+01
     vertex  7.877719e+01  1.007336e+02  9.300220e+01
     vertex  7.875257e+01  1.006989e+02  9.300220e+01
   endloop
 endfacet
 facet normal -7.992314e-01  6.010234e-01  1.198119e-19
   outer loop
     vertex  7.875257e+01  1.006989e+02  9.700220e+01
     vertex  7.872701e+01  1.006649e+02  9.300220e+01
     vertex  7.872701e+01  1.006649e+02  9.700220e+01
   endloop
 endfacet
 facet normal -8.309929e-01  5.562829e-01  0.000000e+00
   outer loop
     vertex  7.877719e+01  1.007336e+02  9.700220e+01
     vertex  7.880085e+01  1.007689e+02  9.300220e+01
     vertex  7.877719e+01  1.007336e+02  9.300220e+01
   endloop
 endfacet
 facet normal -8.154191e-01  5.788711e-01  0.000000e+00
   outer loop
     vertex  7.877719e+01  1.007336e+02  9.700220e+01
     vertex  7.877719e+01  1.007336e+02  9.300220e+01
     vertex  7.875257e+01  1.006989e+02  9.700220e+01
   endloop
 endfacet
 facet normal -8.309929e-01  5.562829e-01  0.000000e+00
   outer loop
     vertex  7.880085e+01  1.007689e+02  9.700220e+01
     vertex  7.880085e+01  1.007689e+02  9.300220e+01
     vertex  7.877719e+01  1.007336e+02  9.700220e+01
   endloop
 endfacet
 facet normal -8.459413e-01  5.332761e-01  0.000000e+00
   outer loop
     vertex  7.882352e+01  1.008049e+02  9.700220e+01
     vertex  7.882352e+01  1.008049e+02  9.300220e+01
     vertex  7.880085e+01  1.007689e+02  9.300220e+01
   endloop
 endfacet
 facet normal -8.459413e-01  5.332761e-01  1.953042e-19
   outer loop
     vertex  7.882352e+01  1.008049e+02  9.700220e+01
     vertex  7.880085e+01  1.007689e+02  9.300220e+01
     vertex  7.880085e+01  1.007689e+02  9.700220e+01
   endloop
 endfacet
 facet normal -8.602528e-01  5.098678e-01  0.000000e+00
   outer loop
     vertex  7.884521e+01  1.008415e+02  9.700220e+01
     vertex  7.884521e+01  1.008415e+02  9.300220e+01
     vertex  7.882352e+01  1.008049e+02  9.300220e+01
   endloop
 endfacet
 facet normal -8.602528e-01  5.098678e-01 -1.020753e-19
   outer loop
     vertex  7.884521e+01  1.008415e+02  9.700220e+01
     vertex  7.882352e+01  1.008049e+02  9.300220e+01
     vertex  7.882352e+01  1.008049e+02  9.700220e+01
   endloop
 endfacet
 facet normal -8.739167e-01  4.860756e-01  0.000000e+00
   outer loop
     vertex  7.886588e+01  1.008786e+02  9.700220e+01
     vertex  7.886588e+01  1.008786e+02  9.300220e+01
     vertex  7.884521e+01  1.008415e+02  9.300220e+01
   endloop
 endfacet
 facet normal -8.739167e-01  4.860756e-01  2.394760e-19
   outer loop
     vertex  7.886588e+01  1.008786e+02  9.700220e+01
     vertex  7.884521e+01  1.008415e+02  9.300220e+01
     vertex  7.884521e+01  1.008415e+02  9.700220e+01
   endloop
 endfacet
 facet normal -8.869228e-01  4.619176e-01  6.919005e-20
   outer loop
     vertex  7.888552e+01  1.009164e+02  9.700220e+01
     vertex  7.886588e+01  1.008786e+02  9.300220e+01
     vertex  7.886588e+01  1.008786e+02  9.700220e+01
   endloop
 endfacet
 facet normal -8.869228e-01  4.619176e-01  0.000000e+00
   outer loop
     vertex  7.888552e+01  1.009164e+02  9.700220e+01
     vertex  7.888552e+01  1.009164e+02  9.300220e+01
     vertex  7.886588e+01  1.008786e+02  9.300220e+01
   endloop
 endfacet
 facet normal -8.992613e-01  4.374119e-01  0.000000e+00
   outer loop
     vertex  7.888552e+01  1.009164e+02  9.700220e+01
     vertex  7.890412e+01  1.009546e+02  9.300220e+01
     vertex  7.888552e+01  1.009164e+02  9.300220e+01
   endloop
 endfacet
 facet normal -8.992613e-01  4.374119e-01  0.000000e+00
   outer loop
     vertex  7.890412e+01  1.009546e+02  9.700220e+01
     vertex  7.890412e+01  1.009546e+02  9.300220e+01
     vertex  7.888552e+01  1.009164e+02  9.700220e+01
   endloop
 endfacet
 facet normal -9.109228e-01  4.125769e-01  8.970378e-20
   outer loop
     vertex  7.892167e+01  1.009933e+02  9.700220e+01
     vertex  7.890412e+01  1.009546e+02  9.300220e+01
     vertex  7.890412e+01  1.009546e+02  9.700220e+01
   endloop
 endfacet
 facet normal -9.109228e-01  4.125769e-01  0.000000e+00
   outer loop
     vertex  7.892167e+01  1.009933e+02  9.700220e+01
     vertex  7.892167e+01  1.009933e+02  9.300220e+01
     vertex  7.890412e+01  1.009546e+02  9.300220e+01
   endloop
 endfacet
 facet normal -9.218986e-01  3.874313e-01  0.000000e+00
   outer loop
     vertex  7.892167e+01  1.009933e+02  9.700220e+01
     vertex  7.893815e+01  1.010325e+02  9.300220e+01
     vertex  7.892167e+01  1.009933e+02  9.300220e+01
   endloop
 endfacet
 facet normal -9.218986e-01  3.874313e-01  0.000000e+00
   outer loop
     vertex  7.893815e+01  1.010325e+02  9.700220e+01
     vertex  7.893815e+01  1.010325e+02  9.300220e+01
     vertex  7.892167e+01  1.009933e+02  9.700220e+01
   endloop
 endfacet
 facet normal -9.321804e-01  3.619940e-01  0.000000e+00
   outer loop
     vertex  7.895354e+01  1.010722e+02  9.700220e+01
     vertex  7.895354e+01  1.010722e+02  9.300220e+01
     vertex  7.893815e+01  1.010325e+02  9.300220e+01
   endloop
 endfacet
 facet normal -9.417605e-01  3.362843e-01  0.000000e+00
   outer loop
     vertex  7.895354e+01  1.010722e+02  9.700220e+01
     vertex  7.896784e+01  1.011122e+02  9.300220e+01
     vertex  7.895354e+01  1.010722e+02  9.300220e+01
   endloop
 endfacet
 facet normal -9.321804e-01  3.619940e-01  7.665266e-20
   outer loop
     vertex  7.895354e+01  1.010722e+02  9.700220e+01
     vertex  7.893815e+01  1.010325e+02  9.300220e+01
     vertex  7.893815e+01  1.010325e+02  9.700220e+01
   endloop
 endfacet
 facet normal -9.417605e-01  3.362843e-01  0.000000e+00
   outer loop
     vertex  7.896784e+01  1.011122e+02  9.700220e+01
     vertex  7.896784e+01  1.011122e+02  9.300220e+01
     vertex  7.895354e+01  1.010722e+02  9.700220e+01
   endloop
 endfacet
 facet normal -9.506317e-01  3.103214e-01  1.356758e-19
   outer loop
     vertex  7.898104e+01  1.011527e+02  9.700220e+01
     vertex  7.896784e+01  1.011122e+02  9.300220e+01
     vertex  7.896784e+01  1.011122e+02  9.700220e+01
   endloop
 endfacet
 facet normal -9.506317e-01  3.103214e-01  0.000000e+00
   outer loop
     vertex  7.898104e+01  1.011527e+02  9.700220e+01
     vertex  7.898104e+01  1.011527e+02  9.300220e+01
     vertex  7.896784e+01  1.011122e+02  9.300220e+01
   endloop
 endfacet
 facet normal -9.587873e-01  2.841250e-01  0.000000e+00
   outer loop
     vertex  7.898104e+01  1.011527e+02  9.700220e+01
     vertex  7.899312e+01  1.011934e+02  9.300220e+01
     vertex  7.898104e+01  1.011527e+02  9.300220e+01
   endloop
 endfacet
 facet normal -9.587873e-01  2.841250e-01  0.000000e+00
   outer loop
     vertex  7.899312e+01  1.011934e+02  9.700220e+01
     vertex  7.899312e+01  1.011934e+02  9.300220e+01
     vertex  7.898104e+01  1.011527e+02  9.700220e+01
   endloop
 endfacet
 facet normal -9.662211e-01  2.577146e-01  1.386123e-19
   outer loop
     vertex  7.900408e+01  1.012345e+02  9.700220e+01
     vertex  7.899312e+01  1.011934e+02  9.300220e+01
     vertex  7.899312e+01  1.011934e+02  9.700220e+01
   endloop
 endfacet
 facet normal -9.662211e-01  2.577146e-01  0.000000e+00
   outer loop
     vertex  7.900408e+01  1.012345e+02  9.700220e+01
     vertex  7.900408e+01  1.012345e+02  9.300220e+01
     vertex  7.899312e+01  1.011934e+02  9.300220e+01
   endloop
 endfacet
 facet normal -9.729276e-01  2.311102e-01  0.000000e+00
   outer loop
     vertex  7.900408e+01  1.012345e+02  9.700220e+01
     vertex  7.901391e+01  1.012759e+02  9.300220e+01
     vertex  7.900408e+01  1.012345e+02  9.300220e+01
   endloop
 endfacet
 facet normal -9.729276e-01  2.311102e-01  0.000000e+00
   outer loop
     vertex  7.901391e+01  1.012759e+02  9.700220e+01
     vertex  7.901391e+01  1.012759e+02  9.300220e+01
     vertex  7.900408e+01  1.012345e+02  9.700220e+01
   endloop
 endfacet
 facet normal -9.789017e-01  2.043319e-01  5.650377e-22
   outer loop
     vertex  7.902260e+01  1.013175e+02  9.700220e+01
     vertex  7.901391e+01  1.012759e+02  9.300220e+01
     vertex  7.901391e+01  1.012759e+02  9.700220e+01
   endloop
 endfacet
 facet normal -9.789017e-01  2.043319e-01  0.000000e+00
   outer loop
     vertex  7.902260e+01  1.013175e+02  9.700220e+01
     vertex  7.902260e+01  1.013175e+02  9.300220e+01
     vertex  7.901391e+01  1.012759e+02  9.300220e+01
   endloop
 endfacet
 facet normal -9.841389e-01  1.773998e-01  8.031457e-20
   outer loop
     vertex  7.903014e+01  1.013594e+02  9.700220e+01
     vertex  7.902260e+01  1.013175e+02  9.300220e+01
     vertex  7.902260e+01  1.013175e+02  9.700220e+01
   endloop
 endfacet
 facet normal -9.841389e-01  1.773998e-01  0.000000e+00
   outer loop
     vertex  7.903014e+01  1.013594e+02  9.700220e+01
     vertex  7.903014e+01  1.013594e+02  9.300220e+01
     vertex  7.902260e+01  1.013175e+02  9.300220e+01
   endloop
 endfacet
 facet normal -9.886353e-01  1.503341e-01  0.000000e+00
   outer loop
     vertex  7.903014e+01  1.013594e+02  9.700220e+01
     vertex  7.903654e+01  1.014014e+02  9.300220e+01
     vertex  7.903014e+01  1.013594e+02  9.300220e+01
   endloop
 endfacet
 facet normal -9.886353e-01  1.503341e-01  0.000000e+00
   outer loop
     vertex  7.903654e+01  1.014014e+02  9.700220e+01
     vertex  7.903654e+01  1.014014e+02  9.300220e+01
     vertex  7.903014e+01  1.013594e+02  9.700220e+01
   endloop
 endfacet
 facet normal -9.923874e-01  1.231552e-01  0.000000e+00
   outer loop
     vertex  7.904177e+01  1.014436e+02  9.700220e+01
     vertex  7.904177e+01  1.014436e+02  9.300220e+01
     vertex  7.903654e+01  1.014014e+02  9.300220e+01
   endloop
 endfacet
 facet normal -9.923874e-01  1.231552e-01  1.245152e-20
   outer loop
     vertex  7.904177e+01  1.014436e+02  9.700220e+01
     vertex  7.903654e+01  1.014014e+02  9.300220e+01
     vertex  7.903654e+01  1.014014e+02  9.700220e+01
   endloop
 endfacet
 facet normal -9.953925e-01  9.588368e-02  0.000000e+00
   outer loop
     vertex  7.904585e+01  1.014860e+02  9.700220e+01
     vertex  7.904585e+01  1.014860e+02  9.300220e+01
     vertex  7.904177e+01  1.014436e+02  9.300220e+01
   endloop
 endfacet
 facet normal -9.953925e-01  9.588368e-02  3.005399e-20
   outer loop
     vertex  7.904585e+01  1.014860e+02  9.700220e+01
     vertex  7.904177e+01  1.014436e+02  9.300220e+01
     vertex  7.904177e+01  1.014436e+02  9.700220e+01
   endloop
 endfacet
 facet normal -9.976484e-01  6.853995e-02  0.000000e+00
   outer loop
     vertex  7.904877e+01  1.015284e+02  9.700220e+01
     vertex  7.904877e+01  1.015284e+02  9.300220e+01
     vertex  7.904585e+01  1.014860e+02  9.300220e+01
   endloop
 endfacet
 facet normal -9.976484e-01  6.853995e-02  3.406517e-20
   outer loop
     vertex  7.904877e+01  1.015284e+02  9.700220e+01
     vertex  7.904585e+01  1.014860e+02  9.300220e+01
     vertex  7.904585e+01  1.014860e+02  9.700220e+01
   endloop
 endfacet
 facet normal -9.991532e-01  4.114462e-02  0.000000e+00
   outer loop
     vertex  7.905052e+01  1.015709e+02  9.700220e+01
     vertex  7.905052e+01  1.015709e+02  9.300220e+01
     vertex  7.904877e+01  1.015284e+02  9.300220e+01
   endloop
 endfacet
 facet normal -9.991532e-01  4.114462e-02 -8.264057e-21
   outer loop
     vertex  7.905052e+01  1.015709e+02  9.700220e+01
     vertex  7.904877e+01  1.015284e+02  9.300220e+01
     vertex  7.904877e+01  1.015284e+02  9.700220e+01
   endloop
 endfacet
 facet normal -9.999059e-01  1.371831e-02  0.000000e+00
   outer loop
     vertex  7.905110e+01  1.016134e+02  9.700220e+01
     vertex  7.905110e+01  1.016134e+02  9.300220e+01
     vertex  7.905052e+01  1.015709e+02  9.300220e+01
   endloop
 endfacet
 facet normal -9.999059e-01  1.371831e-02  2.447536e-21
   outer loop
     vertex  7.905110e+01  1.016134e+02  9.700220e+01
     vertex  7.905052e+01  1.015709e+02  9.300220e+01
     vertex  7.905052e+01  1.015709e+02  9.700220e+01
   endloop
 endfacet
 facet normal  0.000000e+00  0.000000e+00 -1.000000e+00
   outer loop
     vertex  7.634308e+01  1.005831e+02  9.700220e+01
     vertex  7.640133e+01  1.005211e+02  9.700220e+01
     vertex  7.637178e+01  1.005517e+02  9.700220e+01
   endloop
 endfacet
 facet normal  0.000000e+00  0.000000e+00 -1.000000e+00
   outer loop
     vertex  7.649486e+01  1.004344e+02  9.700220e+01
     vertex  7.646289e+01  1.004625e+02  9.700220e+01
     vertex  7.643171e+01  1.004914e+02  9.700220e+01
   endloop
 endfacet
 facet normal  0.000000e+00  0.000000e+00 -1.000000e+00
   outer loop
     vertex  7.626229e+01  1.006818e+02  9.700220e+01
     vertex  7.631525e+01  1.006153e+02  9.700220e+01
     vertex  7.628831e+01  1.006482e+02  9.700220e+01
   endloop
 endfacet
 facet normal  0.000000e+00  0.000000e+00 -1.000000e+00
   outer loop
     vertex  7.626229e+01  1.006818e+02  9.700220e+01
     vertex  7.634308e+01  1.005831e+02  9.700220e+01
     vertex  7.631525e+01  1.006153e+02  9.700220e+01
   endloop
 endfacet
 facet normal  0.000000e+00  0.000000e+00 -1.000000e+00
   outer loop
     vertex  7.666555e+01  1.003079e+02  9.700220e+01
     vertex  7.663005e+01  1.003313e+02  9.700220e+01
     vertex  7.659520e+01  1.003557e+02  9.700220e+01
   endloop
 endfacet
 facet normal  0.000000e+00  0.000000e+00 -1.000000e+00
   outer loop
     vertex  7.677571e+01  1.002436e+02  9.700220e+01
     vertex  7.673841e+01  1.002640e+02  9.700220e+01
     vertex  7.670168e+01  1.002855e+02  9.700220e+01
   endloop
 endfacet
 facet normal  0.000000e+00  0.000000e+00 -1.000000e+00
   outer loop
     vertex  7.612637e+01  1.008974e+02  9.700220e+01
     vertex  7.616771e+01  1.008231e+02  9.700220e+01
     vertex  7.614653e+01  1.008600e+02  9.700220e+01
   endloop
 endfacet
 facet normal  0.000000e+00  0.000000e+00 -1.000000e+00
   outer loop
     vertex  7.685194e+01  1.002059e+02  9.700220e+01
     vertex  7.681357e+01  1.002242e+02  9.700220e+01
     vertex  7.677571e+01  1.002436e+02  9.700220e+01
   endloop
 endfacet
 facet normal  0.000000e+00  0.000000e+00 -1.000000e+00
   outer loop
     vertex  7.693011e+01  1.001724e+02  9.700220e+01
     vertex  7.689079e+01  1.001886e+02  9.700220e+01
     vertex  7.685194e+01  1.002059e+02  9.700220e+01
   endloop
 endfacet
 facet normal  0.000000e+00  0.000000e+00 -1.000000e+00
   outer loop
     vertex  7.696986e+01  1.001573e+02  9.700220e+01
     vertex  7.693011e+01  1.001724e+02  9.700220e+01
     vertex  7.685194e+01  1.002059e+02  9.700220e+01
   endloop
 endfacet
 facet normal  0.000000e+00  0.000000e+00 -1.000000e+00
   outer loop
     vertex  7.701001e+01  1.001433e+02  9.700220e+01
     vertex  7.670168e+01  1.002855e+02  9.700220e+01
     vertex  7.666555e+01  1.003079e+02  9.700220e+01
   endloop
 endfacet
 facet normal  0.000000e+00  0.000000e+00 -1.000000e+00
   outer loop
     vertex  7.701001e+01  1.001433e+02  9.700220e+01
     vertex  7.677571e+01  1.002436e+02  9.700220e+01
     vertex  7.670168e+01  1.002855e+02  9.700220e+01
   endloop
 endfacet
 facet normal  0.000000e+00  0.000000e+00 -1.000000e+00
   outer loop
     vertex  7.701001e+01  1.001433e+02  9.700220e+01
     vertex  7.685194e+01  1.002059e+02  9.700220e+01
     vertex  7.677571e+01  1.002436e+02  9.700220e+01
   endloop
 endfacet
 facet normal  0.000000e+00  0.000000e+00 -1.000000e+00
   outer loop
     vertex  7.701001e+01  1.001433e+02  9.700220e+01
     vertex  7.696986e+01  1.001573e+02  9.700220e+01
     vertex  7.685194e+01  1.002059e+02  9.700220e+01
   endloop
 endfacet
 facet normal  0.000000e+00  0.000000e+00 -1.000000e+00
   outer loop
     vertex  7.599306e+01  1.012552e+02  9.700220e+01
     vertex  7.601498e+01  1.011730e+02  9.700220e+01
     vertex  7.600346e+01  1.012139e+02  9.700220e+01
   endloop
 endfacet
 facet normal  0.000000e+00  0.000000e+00 -1.000000e+00
   outer loop
     vertex  7.599306e+01  1.012552e+02  9.700220e+01
     vertex  7.602762e+01  1.011324e+02  9.700220e+01
     vertex  7.601498e+01  1.011730e+02  9.700220e+01
   endloop
 endfacet
 facet normal  0.000000e+00  0.000000e+00 -1.000000e+00
   outer loop
     vertex  7.599306e+01  1.012552e+02  9.700220e+01
     vertex  7.604137e+01  1.010922e+02  9.700220e+01
     vertex  7.602762e+01  1.011324e+02  9.700220e+01
   endloop
 endfacet
 facet normal  0.000000e+00  0.000000e+00 -1.000000e+00
   outer loop
     vertex  7.599306e+01  1.012552e+02  9.700220e+01
     vertex  7.605622e+01  1.010523e+02  9.700220e+01
     vertex  7.604137e+01  1.010922e+02  9.700220e+01
   endloop
 endfacet
 facet normal  0.000000e+00  0.000000e+00 -1.000000e+00
   outer loop
     vertex  7.599306e+01  1.012552e+02  9.700220e+01
     vertex  7.607216e+01  1.010129e+02  9.700220e+01
     vertex  7.605622e+01  1.010523e+02  9.700220e+01
   endloop
 endfacet
 facet normal  0.000000e+00  0.000000e+00 -1.000000e+00
   outer loop
     vertex  7.599306e+01  1.012552e+02  9.700220e+01
     vertex  7.608917e+01  1.009739e+02  9.700220e+01
     vertex  7.607216e+01  1.010129e+02  9.700220e+01
   endloop
 endfacet
 facet normal  0.000000e+00  0.000000e+00 -1.000000e+00
   outer loop
     vertex  7.599306e+01  1.012552e+02  9.700220e+01
     vertex  7.610725e+01  1.009354e+02  9.700220e+01
     vertex  7.608917e+01  1.009739e+02  9.700220e+01
   endloop
 endfacet
 facet normal  0.000000e+00  0.000000e+00 -1.000000e+00
   outer loop
     vertex  7.599306e+01  1.012552e+02  9.700220e+01
     vertex  7.612637e+01  1.008974e+02  9.700220e+01
     vertex  7.610725e+01  1.009354e+02  9.700220e+01
   endloop
 endfacet
 facet normal  0.000000e+00  0.000000e+00 -1.000000e+00
   outer loop
     vertex  7.599306e+01  1.012552e+02  9.700220e+01
     vertex  7.618989e+01  1.007868e+02  9.700220e+01
     vertex  7.616771e+01  1.008231e+02  9.700220e+01
   endloop
 endfacet
 facet normal  0.000000e+00  0.000000e+00 -1.000000e+00
   outer loop
     vertex  7.599306e+01  1.012552e+02  9.700220e+01
     vertex  7.621306e+01  1.007512e+02  9.700220e+01
     vertex  7.618989e+01  1.007868e+02  9.700220e+01
   endloop
 endfacet
 facet normal  0.000000e+00  0.000000e+00 -1.000000e+00
   outer loop
     vertex  7.599306e+01  1.012552e+02  9.700220e+01
     vertex  7.616771e+01  1.008231e+02  9.700220e+01
     vertex  7.612637e+01  1.008974e+02  9.700220e+01
   endloop
 endfacet
 facet normal  0.000000e+00  0.000000e+00 -1.000000e+00
   outer loop
     vertex  7.717399e+01  1.000983e+02  9.700220e+01
     vertex  7.705052e+01  1.001303e+02  9.700220e+01
     vertex  7.701001e+01  1.001433e+02  9.700220e+01
   endloop
 endfacet
 facet normal  0.000000e+00  0.000000e+00 -1.000000e+00
   outer loop
     vertex  7.717399e+01  1.000983e+02  9.700220e+01
     vertex  7.709138e+01  1.001185e+02  9.700220e+01
     vertex  7.705052e+01  1.001303e+02  9.700220e+01
   endloop
 endfacet
 facet normal  0.000000e+00  0.000000e+00 -1.000000e+00
   outer loop
     vertex  7.717399e+01  1.000983e+02  9.700220e+01
     vertex  7.713254e+01  1.001079e+02  9.700220e+01
     vertex  7.709138e+01  1.001185e+02  9.700220e+01
   endloop
 endfacet
 facet normal  0.000000e+00  0.000000e+00 -1.000000e+00
   outer loop
     vertex  7.597568e+01  1.013384e+02  9.700220e+01
     vertex  7.599306e+01  1.012552e+02  9.700220e+01
     vertex  7.598380e+01  1.012967e+02  9.700220e+01
   endloop
 endfacet
 facet normal  0.000000e+00  0.000000e+00 -1.000000e+00
   outer loop
     vertex  7.729966e+01  1.000765e+02  9.700220e+01
     vertex  7.721567e+01  1.000899e+02  9.700220e+01
     vertex  7.717399e+01  1.000983e+02  9.700220e+01
   endloop
 endfacet
 facet normal  0.000000e+00  0.000000e+00 -1.000000e+00
   outer loop
     vertex  7.729966e+01  1.000765e+02  9.700220e+01
     vertex  7.725758e+01  1.000826e+02  9.700220e+01
     vertex  7.721567e+01  1.000899e+02  9.700220e+01
   endloop
 endfacet
 facet normal  0.000000e+00  0.000000e+00 -1.000000e+00
   outer loop
     vertex  7.596290e+01  1.014225e+02  9.700220e+01
     vertex  7.597568e+01  1.013384e+02  9.700220e+01
     vertex  7.596872e+01  1.013804e+02  9.700220e+01
   endloop
 endfacet
 facet normal  0.000000e+00  0.000000e+00 -1.000000e+00
   outer loop
     vertex  7.595475e+01  1.015072e+02  9.700220e+01
     vertex  7.596290e+01  1.014225e+02  9.700220e+01
     vertex  7.595824e+01  1.014648e+02  9.700220e+01
   endloop
 endfacet
 facet normal  0.000000e+00  0.000000e+00 -1.000000e+00
   outer loop
     vertex  7.746921e+01  1.000637e+02  9.700220e+01
     vertex  7.742670e+01  1.000652e+02  9.700220e+01
     vertex  7.738426e+01  1.000678e+02  9.700220e+01
   endloop
 endfacet
 facet normal  0.000000e+00  0.000000e+00 -1.000000e+00
   outer loop
     vertex  7.763913e+01  1.000696e+02  9.700220e+01
     vertex  7.759673e+01  1.000664e+02  9.700220e+01
     vertex  7.755425e+01  1.000643e+02  9.700220e+01
   endloop
 endfacet
 facet normal  0.000000e+00  0.000000e+00 -1.000000e+00
   outer loop
     vertex  7.595824e+01  1.017620e+02  9.700220e+01
     vertex  7.595241e+01  1.016772e+02  9.700220e+01
     vertex  7.595475e+01  1.017196e+02  9.700220e+01
   endloop
 endfacet
 facet normal  0.000000e+00  0.000000e+00 -1.000000e+00
   outer loop
     vertex  7.768144e+01  1.000739e+02  9.700220e+01
     vertex  7.746921e+01  1.000637e+02  9.700220e+01
     vertex  7.738426e+01  1.000678e+02  9.700220e+01
   endloop
 endfacet
 facet normal  0.000000e+00  0.000000e+00 -1.000000e+00
   outer loop
     vertex  7.768144e+01  1.000739e+02  9.700220e+01
     vertex  7.763913e+01  1.000696e+02  9.700220e+01
     vertex  7.755425e+01  1.000643e+02  9.700220e+01
   endloop
 endfacet
 facet normal -0.000000e+00  0.000000e+00 -1.000000e+00
   outer loop
     vertex  7.768144e+01  1.000739e+02  9.700220e+01
     vertex  7.734190e+01  1.000716e+02  9.700220e+01
     vertex  7.729966e+01  1.000765e+02  9.700220e+01
   endloop
 endfacet
 facet normal  0.000000e+00  0.000000e+00 -1.000000e+00
   outer loop
     vertex  7.768144e+01  1.000739e+02  9.700220e+01
     vertex  7.738426e+01  1.000678e+02  9.700220e+01
     vertex  7.734190e+01  1.000716e+02  9.700220e+01
   endloop
 endfacet
 facet normal  0.000000e+00  0.000000e+00 -1.000000e+00
   outer loop
     vertex  7.768144e+01  1.000739e+02  9.700220e+01
     vertex  7.751173e+01  1.000634e+02  9.700220e+01
     vertex  7.746921e+01  1.000637e+02  9.700220e+01
   endloop
 endfacet
 facet normal  0.000000e+00  0.000000e+00 -1.000000e+00
   outer loop
     vertex  7.768144e+01  1.000739e+02  9.700220e+01
     vertex  7.755425e+01  1.000643e+02  9.700220e+01
     vertex  7.751173e+01  1.000634e+02  9.700220e+01
   endloop
 endfacet
 facet normal  0.000000e+00  0.000000e+00 -1.000000e+00
   outer loop
     vertex  7.596872e+01  1.018464e+02  9.700220e+01
     vertex  7.595824e+01  1.017620e+02  9.700220e+01
     vertex  7.596290e+01  1.018043e+02  9.700220e+01
   endloop
 endfacet
 facet normal  0.000000e+00  0.000000e+00 -1.000000e+00
   outer loop
     vertex  7.780740e+01  1.000940e+02  9.700220e+01
     vertex  7.772360e+01  1.000795e+02  9.700220e+01
     vertex  7.768144e+01  1.000739e+02  9.700220e+01
   endloop
 endfacet
 facet normal  0.000000e+00  0.000000e+00 -1.000000e+00
   outer loop
     vertex  7.780740e+01  1.000940e+02  9.700220e+01
     vertex  7.776560e+01  1.000861e+02  9.700220e+01
     vertex  7.772360e+01  1.000795e+02  9.700220e+01
   endloop
 endfacet
 facet normal  0.000000e+00  0.000000e+00 -1.000000e+00
   outer loop
     vertex  7.598380e+01  1.019301e+02  9.700220e+01
     vertex  7.596872e+01  1.018464e+02  9.700220e+01
     vertex  7.597568e+01  1.018884e+02  9.700220e+01
   endloop
 endfacet
 facet normal  0.000000e+00  0.000000e+00 -1.000000e+00
   outer loop
     vertex  7.598380e+01  1.019301e+02  9.700220e+01
     vertex  7.595125e+01  1.016347e+02  9.700220e+01
     vertex  7.595241e+01  1.016772e+02  9.700220e+01
   endloop
 endfacet
 facet normal  0.000000e+00  0.000000e+00 -1.000000e+00
   outer loop
     vertex  7.598380e+01  1.019301e+02  9.700220e+01
     vertex  7.595241e+01  1.016772e+02  9.700220e+01
     vertex  7.595824e+01  1.017620e+02  9.700220e+01
   endloop
 endfacet
 facet normal  0.000000e+00  0.000000e+00 -1.000000e+00
   outer loop
     vertex  7.598380e+01  1.019301e+02  9.700220e+01
     vertex  7.595824e+01  1.017620e+02  9.700220e+01
     vertex  7.596872e+01  1.018464e+02  9.700220e+01
   endloop
 endfacet
 facet normal  0.000000e+00  0.000000e+00 -1.000000e+00
   outer loop
     vertex  7.784897e+01  1.001029e+02  9.700220e+01
     vertex  7.780740e+01  1.000940e+02  9.700220e+01
     vertex  7.768144e+01  1.000739e+02  9.700220e+01
   endloop
 endfacet
 facet normal  0.000000e+00  0.000000e+00 -1.000000e+00
   outer loop
     vertex  7.600346e+01  1.020129e+02  9.700220e+01
     vertex  7.598380e+01  1.019301e+02  9.700220e+01
     vertex  7.599306e+01  1.019716e+02  9.700220e+01
   endloop
 endfacet
 facet normal  0.000000e+00  0.000000e+00 -1.000000e+00
   outer loop
     vertex  7.601498e+01  1.020538e+02  9.700220e+01
     vertex  7.595125e+01  1.015921e+02  9.700220e+01
     vertex  7.595125e+01  1.016347e+02  9.700220e+01
   endloop
 endfacet
 facet normal  0.000000e+00  0.000000e+00 -1.000000e+00
   outer loop
     vertex  7.601498e+01  1.020538e+02  9.700220e+01
     vertex  7.595241e+01  1.015496e+02  9.700220e+01
     vertex  7.595125e+01  1.015921e+02  9.700220e+01
   endloop
 endfacet
 facet normal  0.000000e+00  0.000000e+00 -1.000000e+00
   outer loop
     vertex  7.601498e+01  1.020538e+02  9.700220e+01
     vertex  7.598380e+01  1.019301e+02  9.700220e+01
     vertex  7.600346e+01  1.020129e+02  9.700220e+01
   endloop
 endfacet
 facet normal  0.000000e+00  0.000000e+00 -1.000000e+00
   outer loop
     vertex  7.601498e+01  1.020538e+02  9.700220e+01
     vertex  7.595125e+01  1.016347e+02  9.700220e+01
     vertex  7.598380e+01  1.019301e+02  9.700220e+01
   endloop
 endfacet
 facet normal  0.000000e+00  0.000000e+00 -1.000000e+00
   outer loop
     vertex  7.797198e+01  1.001367e+02  9.700220e+01
     vertex  7.789028e+01  1.001131e+02  9.700220e+01
     vertex  7.784897e+01  1.001029e+02  9.700220e+01
   endloop
 endfacet
 facet normal  0.000000e+00  0.000000e+00 -1.000000e+00
   outer loop
     vertex  7.797198e+01  1.001367e+02  9.700220e+01
     vertex  7.793129e+01  1.001243e+02  9.700220e+01
     vertex  7.789028e+01  1.001131e+02  9.700220e+01
   endloop
 endfacet
 facet normal  0.000000e+00  0.000000e+00 -1.000000e+00
   outer loop
     vertex  7.604137e+01  1.021346e+02  9.700220e+01
     vertex  7.601498e+01  1.020538e+02  9.700220e+01
     vertex  7.602762e+01  1.020944e+02  9.700220e+01
   endloop
 endfacet
 facet normal  0.000000e+00  0.000000e+00 -1.000000e+00
   outer loop
     vertex  7.813089e+01  1.001971e+02  9.700220e+01
     vertex  7.805227e+01  1.001647e+02  9.700220e+01
     vertex  7.801232e+01  1.001501e+02  9.700220e+01
   endloop
 endfacet
 facet normal  0.000000e+00  0.000000e+00 -1.000000e+00
   outer loop
     vertex  7.813089e+01  1.001971e+02  9.700220e+01
     vertex  7.809180e+01  1.001804e+02  9.700220e+01
     vertex  7.805227e+01  1.001647e+02  9.700220e+01
   endloop
 endfacet
 facet normal  0.000000e+00  0.000000e+00 -1.000000e+00
   outer loop
     vertex  7.608917e+01  1.022529e+02  9.700220e+01
     vertex  7.605622e+01  1.021745e+02  9.700220e+01
     vertex  7.607216e+01  1.022139e+02  9.700220e+01
   endloop
 endfacet
 facet normal  0.000000e+00  0.000000e+00 -1.000000e+00
   outer loop
     vertex  7.816951e+01  1.002149e+02  9.700220e+01
     vertex  7.813089e+01  1.001971e+02  9.700220e+01
     vertex  7.801232e+01  1.001501e+02  9.700220e+01
   endloop
 endfacet
 facet normal  0.000000e+00  0.000000e+00 -1.000000e+00
   outer loop
     vertex  7.816951e+01  1.002149e+02  9.700220e+01
     vertex  7.801232e+01  1.001501e+02  9.700220e+01
     vertex  7.797198e+01  1.001367e+02  9.700220e+01
   endloop
 endfacet
 facet normal  0.000000e+00  0.000000e+00 -1.000000e+00
   outer loop
     vertex  7.816951e+01  1.002149e+02  9.700220e+01
     vertex  7.797198e+01  1.001367e+02  9.700220e+01
     vertex  7.784897e+01  1.001029e+02  9.700220e+01
   endloop
 endfacet
 facet normal  0.000000e+00  0.000000e+00 -1.000000e+00
   outer loop
     vertex  7.610725e+01  1.022914e+02  9.700220e+01
     vertex  7.604137e+01  1.021346e+02  9.700220e+01
     vertex  7.605622e+01  1.021745e+02  9.700220e+01
   endloop
 endfacet
 facet normal  0.000000e+00  0.000000e+00 -1.000000e+00
   outer loop
     vertex  7.610725e+01  1.022914e+02  9.700220e+01
     vertex  7.601498e+01  1.020538e+02  9.700220e+01
     vertex  7.604137e+01  1.021346e+02  9.700220e+01
   endloop
 endfacet
 facet normal  0.000000e+00  0.000000e+00 -1.000000e+00
   outer loop
     vertex  7.610725e+01  1.022914e+02  9.700220e+01
     vertex  7.605622e+01  1.021745e+02  9.700220e+01
     vertex  7.608917e+01  1.022529e+02  9.700220e+01
   endloop
 endfacet
 facet normal  0.000000e+00  0.000000e+00 -1.000000e+00
   outer loop
     vertex  7.614653e+01  1.023668e+02  9.700220e+01
     vertex  7.610725e+01  1.022914e+02  9.700220e+01
     vertex  7.612637e+01  1.023294e+02  9.700220e+01
   endloop
 endfacet
 facet normal  0.000000e+00  0.000000e+00 -1.000000e+00
   outer loop
     vertex  7.828223e+01  1.002746e+02  9.700220e+01
     vertex  7.824521e+01  1.002537e+02  9.700220e+01
     vertex  7.820763e+01  1.002338e+02  9.700220e+01
   endloop
 endfacet
 facet normal  0.000000e+00  0.000000e+00 -1.000000e+00
   outer loop
     vertex  7.831866e+01  1.002966e+02  9.700220e+01
     vertex  7.828223e+01  1.002746e+02  9.700220e+01
     vertex  7.820763e+01  1.002338e+02  9.700220e+01
   endloop
 endfacet
 facet normal  0.000000e+00  0.000000e+00 -1.000000e+00
   outer loop
     vertex  7.618989e+01  1.024400e+02  9.700220e+01
     vertex  7.614653e+01  1.023668e+02  9.700220e+01
     vertex  7.616771e+01  1.024037e+02  9.700220e+01
   endloop
 endfacet
 facet normal  0.000000e+00  0.000000e+00 -1.000000e+00
   outer loop
     vertex  7.835448e+01  1.003195e+02  9.700220e+01
     vertex  7.816951e+01  1.002149e+02  9.700220e+01
     vertex  7.784897e+01  1.001029e+02  9.700220e+01
   endloop
 endfacet
 facet normal  0.000000e+00  0.000000e+00 -1.000000e+00
   outer loop
     vertex  7.835448e+01  1.003195e+02  9.700220e+01
     vertex  7.768144e+01  1.000739e+02  9.700220e+01
     vertex  7.729966e+01  1.000765e+02  9.700220e+01
   endloop
 endfacet
 facet normal  0.000000e+00  0.000000e+00 -1.000000e+00
   outer loop
     vertex  7.835448e+01  1.003195e+02  9.700220e+01
     vertex  7.784897e+01  1.001029e+02  9.700220e+01
     vertex  7.768144e+01  1.000739e+02  9.700220e+01
   endloop
 endfacet
 facet normal  0.000000e+00  0.000000e+00 -1.000000e+00
   outer loop
     vertex  7.835448e+01  1.003195e+02  9.700220e+01
     vertex  7.820763e+01  1.002338e+02  9.700220e+01
     vertex  7.816951e+01  1.002149e+02  9.700220e+01
   endloop
 endfacet
 facet normal  0.000000e+00  0.000000e+00 -1.000000e+00
   outer loop
     vertex  7.835448e+01  1.003195e+02  9.700220e+01
     vertex  7.831866e+01  1.002966e+02  9.700220e+01
     vertex  7.820763e+01  1.002338e+02  9.700220e+01
   endloop
 endfacet
 facet normal  0.000000e+00  0.000000e+00 -1.000000e+00
   outer loop
     vertex  7.842417e+01  1.003682e+02  9.700220e+01
     vertex  7.838966e+01  1.003434e+02  9.700220e+01
     vertex  7.835448e+01  1.003195e+02  9.700220e+01
   endloop
 endfacet
 facet normal  0.000000e+00  0.000000e+00 -1.000000e+00
   outer loop
     vertex  7.626229e+01  1.025450e+02  9.700220e+01
     vertex  7.621306e+01  1.024756e+02  9.700220e+01
     vertex  7.623720e+01  1.025107e+02  9.700220e+01
   endloop
 endfacet
 facet normal  0.000000e+00  0.000000e+00 -1.000000e+00
   outer loop
     vertex  7.626229e+01  1.025450e+02  9.700220e+01
     vertex  7.618989e+01  1.024400e+02  9.700220e+01
     vertex  7.621306e+01  1.024756e+02  9.700220e+01
   endloop
 endfacet
 facet normal  0.000000e+00  0.000000e+00 -1.000000e+00
   outer loop
     vertex  7.849107e+01  1.004207e+02  9.700220e+01
     vertex  7.845798e+01  1.003940e+02  9.700220e+01
     vertex  7.842417e+01  1.003682e+02  9.700220e+01
   endloop
 endfacet
 facet normal  0.000000e+00  0.000000e+00 -1.000000e+00
   outer loop
     vertex  7.631525e+01  1.026115e+02  9.700220e+01
     vertex  7.618989e+01  1.024400e+02  9.700220e+01
     vertex  7.626229e+01  1.025450e+02  9.700220e+01
   endloop
 endfacet
 facet normal  0.000000e+00  0.000000e+00 -1.000000e+00
   outer loop
     vertex  7.631525e+01  1.026115e+02  9.700220e+01
     vertex  7.626229e+01  1.025450e+02  9.700220e+01
     vertex  7.628831e+01  1.025786e+02  9.700220e+01
   endloop
 endfacet
 facet normal  0.000000e+00  0.000000e+00 -1.000000e+00
   outer loop
     vertex  7.852342e+01  1.004483e+02  9.700220e+01
     vertex  7.849107e+01  1.004207e+02  9.700220e+01
     vertex  7.842417e+01  1.003682e+02  9.700220e+01
   endloop
 endfacet
 facet normal  0.000000e+00  0.000000e+00 -1.000000e+00
   outer loop
     vertex  7.852342e+01  1.004483e+02  9.700220e+01
     vertex  7.842417e+01  1.003682e+02  9.700220e+01
     vertex  7.835448e+01  1.003195e+02  9.700220e+01
   endloop
 endfacet
 facet normal  0.000000e+00  0.000000e+00 -1.000000e+00
   outer loop
     vertex  7.637178e+01  1.026751e+02  9.700220e+01
     vertex  7.631525e+01  1.026115e+02  9.700220e+01
     vertex  7.634308e+01  1.026437e+02  9.700220e+01
   endloop
 endfacet
 facet normal  0.000000e+00  0.000000e+00 -1.000000e+00
   outer loop
     vertex  7.858578e+01  1.005062e+02  9.700220e+01
     vertex  7.855500e+01  1.004768e+02  9.700220e+01
     vertex  7.852342e+01  1.004483e+02  9.700220e+01
   endloop
 endfacet
 facet normal  0.000000e+00  0.000000e+00 -1.000000e+00
   outer loop
     vertex  7.640133e+01  1.027057e+02  9.700220e+01
     vertex  7.599306e+01  1.012552e+02  9.700220e+01
     vertex  7.597568e+01  1.013384e+02  9.700220e+01
   endloop
 endfacet
 facet normal  0.000000e+00  0.000000e+00 -1.000000e+00
   outer loop
     vertex  7.640133e+01  1.027057e+02  9.700220e+01
     vertex  7.601498e+01  1.020538e+02  9.700220e+01
     vertex  7.610725e+01  1.022914e+02  9.700220e+01
   endloop
 endfacet
 facet normal  0.000000e+00  0.000000e+00 -1.000000e+00
   outer loop
     vertex  7.640133e+01  1.027057e+02  9.700220e+01
     vertex  7.595475e+01  1.015072e+02  9.700220e+01
     vertex  7.595241e+01  1.015496e+02  9.700220e+01
   endloop
 endfacet
 facet normal  0.000000e+00  0.000000e+00 -1.000000e+00
   outer loop
     vertex  7.640133e+01  1.027057e+02  9.700220e+01
     vertex  7.597568e+01  1.013384e+02  9.700220e+01
     vertex  7.596290e+01  1.014225e+02  9.700220e+01
   endloop
 endfacet
 facet normal  0.000000e+00  0.000000e+00 -1.000000e+00
   outer loop
     vertex  7.640133e+01  1.027057e+02  9.700220e+01
     vertex  7.614653e+01  1.023668e+02  9.700220e+01
     vertex  7.618989e+01  1.024400e+02  9.700220e+01
   endloop
 endfacet
 facet normal  0.000000e+00  0.000000e+00 -1.000000e+00
   outer loop
     vertex  7.640133e+01  1.027057e+02  9.700220e+01
     vertex  7.596290e+01  1.014225e+02  9.700220e+01
     vertex  7.595475e+01  1.015072e+02  9.700220e+01
   endloop
 endfacet
 facet normal  0.000000e+00  0.000000e+00 -1.000000e+00
   outer loop
     vertex  7.640133e+01  1.027057e+02  9.700220e+01
     vertex  7.623720e+01  1.007161e+02  9.700220e+01
     vertex  7.621306e+01  1.007512e+02  9.700220e+01
   endloop
 endfacet
 facet normal  0.000000e+00  0.000000e+00 -1.000000e+00
   outer loop
     vertex  7.640133e+01  1.027057e+02  9.700220e+01
     vertex  7.626229e+01  1.006818e+02  9.700220e+01
     vertex  7.623720e+01  1.007161e+02  9.700220e+01
   endloop
 endfacet
 facet normal  0.000000e+00  0.000000e+00 -1.000000e+00
   outer loop
     vertex  7.640133e+01  1.027057e+02  9.700220e+01
     vertex  7.631525e+01  1.026115e+02  9.700220e+01
     vertex  7.637178e+01  1.026751e+02  9.700220e+01
   endloop
 endfacet
 facet normal  0.000000e+00  0.000000e+00 -1.000000e+00
   outer loop
     vertex  7.640133e+01  1.027057e+02  9.700220e+01
     vertex  7.595241e+01  1.015496e+02  9.700220e+01
     vertex  7.601498e+01  1.020538e+02  9.700220e+01
   endloop
 endfacet
 facet normal  0.000000e+00  0.000000e+00 -1.000000e+00
   outer loop
     vertex  7.640133e+01  1.027057e+02  9.700220e+01
     vertex  7.618989e+01  1.024400e+02  9.700220e+01
     vertex  7.631525e+01  1.026115e+02  9.700220e+01
   endloop
 endfacet
 facet normal  0.000000e+00  0.000000e+00 -1.000000e+00
   outer loop
     vertex  7.640133e+01  1.027057e+02  9.700220e+01
     vertex  7.621306e+01  1.007512e+02  9.700220e+01
     vertex  7.599306e+01  1.012552e+02  9.700220e+01
   endloop
 endfacet
 facet normal  0.000000e+00  0.000000e+00 -1.000000e+00
   outer loop
     vertex  7.640133e+01  1.027057e+02  9.700220e+01
     vertex  7.610725e+01  1.022914e+02  9.700220e+01
     vertex  7.614653e+01  1.023668e+02  9.700220e+01
   endloop
 endfacet
 facet normal  0.000000e+00  0.000000e+00 -1.000000e+00
   outer loop
     vertex  7.864488e+01  1.005673e+02  9.700220e+01
     vertex  7.852342e+01  1.004483e+02  9.700220e+01
     vertex  7.835448e+01  1.003195e+02  9.700220e+01
   endloop
 endfacet
 facet normal  0.000000e+00  0.000000e+00 -1.000000e+00
   outer loop
     vertex  7.864488e+01  1.005673e+02  9.700220e+01
     vertex  7.858578e+01  1.005062e+02  9.700220e+01
     vertex  7.852342e+01  1.004483e+02  9.700220e+01
   endloop
 endfacet
 facet normal  0.000000e+00  0.000000e+00 -1.000000e+00
   outer loop
     vertex  7.864488e+01  1.005673e+02  9.700220e+01
     vertex  7.861575e+01  1.005363e+02  9.700220e+01
     vertex  7.858578e+01  1.005062e+02  9.700220e+01
   endloop
 endfacet
 facet normal  0.000000e+00  0.000000e+00 -1.000000e+00
   outer loop
     vertex  7.646289e+01  1.027643e+02  9.700220e+01
     vertex  7.640133e+01  1.027057e+02  9.700220e+01
     vertex  7.643171e+01  1.027354e+02  9.700220e+01
   endloop
 endfacet
 facet normal  0.000000e+00  0.000000e+00 -1.000000e+00
   outer loop
     vertex  7.867314e+01  1.005991e+02  9.700220e+01
     vertex  7.864488e+01  1.005673e+02  9.700220e+01
     vertex  7.835448e+01  1.003195e+02  9.700220e+01
   endloop
 endfacet
 facet normal  0.000000e+00  0.000000e+00 -1.000000e+00
   outer loop
     vertex  7.652758e+01  1.028195e+02  9.700220e+01
     vertex  7.646289e+01  1.027643e+02  9.700220e+01
     vertex  7.649486e+01  1.027924e+02  9.700220e+01
   endloop
 endfacet
 facet normal  0.000000e+00  0.000000e+00 -1.000000e+00
   outer loop
     vertex  7.872701e+01  1.006649e+02  9.700220e+01
     vertex  7.870053e+01  1.006316e+02  9.700220e+01
     vertex  7.867314e+01  1.005991e+02  9.700220e+01
   endloop
 endfacet
 facet normal  0.000000e+00  0.000000e+00 -1.000000e+00
   outer loop
     vertex  7.875257e+01  1.006989e+02  9.700220e+01
     vertex  7.872701e+01  1.006649e+02  9.700220e+01
     vertex  7.867314e+01  1.005991e+02  9.700220e+01
   endloop
 endfacet
 facet normal  0.000000e+00  0.000000e+00 -1.000000e+00
   outer loop
     vertex  7.659520e+01  1.028711e+02  9.700220e+01
     vertex  7.640133e+01  1.027057e+02  9.700220e+01
     vertex  7.646289e+01  1.027643e+02  9.700220e+01
   endloop
 endfacet
 facet normal  0.000000e+00  0.000000e+00 -1.000000e+00
   outer loop
     vertex  7.659520e+01  1.028711e+02  9.700220e+01
     vertex  7.646289e+01  1.027643e+02  9.700220e+01
     vertex  7.652758e+01  1.028195e+02  9.700220e+01
   endloop
 endfacet
 facet normal  0.000000e+00  0.000000e+00 -1.000000e+00
   outer loop
     vertex  7.659520e+01  1.028711e+02  9.700220e+01
     vertex  7.652758e+01  1.028195e+02  9.700220e+01
     vertex  7.656104e+01  1.028458e+02  9.700220e+01
   endloop
 endfacet
 facet normal  0.000000e+00  0.000000e+00 -1.000000e+00
   outer loop
     vertex  7.880085e+01  1.007689e+02  9.700220e+01
     vertex  7.877719e+01  1.007336e+02  9.700220e+01
     vertex  7.875257e+01  1.006989e+02  9.700220e+01
   endloop
 endfacet
 facet normal  0.000000e+00  0.000000e+00 -1.000000e+00
   outer loop
     vertex  7.670168e+01  1.029413e+02  9.700220e+01
     vertex  7.663005e+01  1.028955e+02  9.700220e+01
     vertex  7.666555e+01  1.029189e+02  9.700220e+01
   endloop
 endfacet
 facet normal  0.000000e+00  0.000000e+00 -1.000000e+00
   outer loop
     vertex  7.884521e+01  1.008415e+02  9.700220e+01
     vertex  7.882352e+01  1.008049e+02  9.700220e+01
     vertex  7.880085e+01  1.007689e+02  9.700220e+01
   endloop
 endfacet
 facet normal  0.000000e+00  0.000000e+00 -1.000000e+00
   outer loop
     vertex  7.884521e+01  1.008415e+02  9.700220e+01
     vertex  7.880085e+01  1.007689e+02  9.700220e+01
     vertex  7.875257e+01  1.006989e+02  9.700220e+01
   endloop
 endfacet
 facet normal  0.000000e+00  0.000000e+00 -1.000000e+00
   outer loop
     vertex  7.886588e+01  1.008786e+02  9.700220e+01
     vertex  7.884521e+01  1.008415e+02  9.700220e+01
     vertex  7.875257e+01  1.006989e+02  9.700220e+01
   endloop
 endfacet
 facet normal  0.000000e+00  0.000000e+00 -1.000000e+00
   outer loop
     vertex  7.677571e+01  1.029832e+02  9.700220e+01
     vertex  7.670168e+01  1.029413e+02  9.700220e+01
     vertex  7.673841e+01  1.029628e+02  9.700220e+01
   endloop
 endfacet
 facet normal  0.000000e+00  0.000000e+00 -1.000000e+00
   outer loop
     vertex  7.677571e+01  1.029832e+02  9.700220e+01
     vertex  7.663005e+01  1.028955e+02  9.700220e+01
     vertex  7.670168e+01  1.029413e+02  9.700220e+01
   endloop
 endfacet
 facet normal  0.000000e+00  0.000000e+00 -1.000000e+00
   outer loop
     vertex  7.888552e+01  1.009164e+02  9.700220e+01
     vertex  7.875257e+01  1.006989e+02  9.700220e+01
     vertex  7.867314e+01  1.005991e+02  9.700220e+01
   endloop
 endfacet
 facet normal  0.000000e+00  0.000000e+00 -1.000000e+00
   outer loop
     vertex  7.888552e+01  1.009164e+02  9.700220e+01
     vertex  7.886588e+01  1.008786e+02  9.700220e+01
     vertex  7.875257e+01  1.006989e+02  9.700220e+01
   endloop
 endfacet
 facet normal  0.000000e+00  0.000000e+00 -1.000000e+00
   outer loop
     vertex  7.681357e+01  1.030026e+02  9.700220e+01
     vertex  7.663005e+01  1.028955e+02  9.700220e+01
     vertex  7.677571e+01  1.029832e+02  9.700220e+01
   endloop
 endfacet
 facet normal  0.000000e+00  0.000000e+00 -1.000000e+00
   outer loop
     vertex  7.681357e+01  1.030026e+02  9.700220e+01
     vertex  7.640133e+01  1.027057e+02  9.700220e+01
     vertex  7.659520e+01  1.028711e+02  9.700220e+01
   endloop
 endfacet
 facet normal  0.000000e+00  0.000000e+00 -1.000000e+00
   outer loop
     vertex  7.681357e+01  1.030026e+02  9.700220e+01
     vertex  7.659520e+01  1.028711e+02  9.700220e+01
     vertex  7.663005e+01  1.028955e+02  9.700220e+01
   endloop
 endfacet
 facet normal  0.000000e+00  0.000000e+00 -1.000000e+00
   outer loop
     vertex  7.890412e+01  1.009546e+02  9.700220e+01
     vertex  7.888552e+01  1.009164e+02  9.700220e+01
     vertex  7.867314e+01  1.005991e+02  9.700220e+01
   endloop
 endfacet
 facet normal  0.000000e+00  0.000000e+00 -1.000000e+00
   outer loop
     vertex  7.892167e+01  1.009933e+02  9.700220e+01
     vertex  7.890412e+01  1.009546e+02  9.700220e+01
     vertex  7.867314e+01  1.005991e+02  9.700220e+01
   endloop
 endfacet
 facet normal  0.000000e+00  0.000000e+00 -1.000000e+00
   outer loop
     vertex  7.893815e+01  1.010325e+02  9.700220e+01
     vertex  7.892167e+01  1.009933e+02  9.700220e+01
     vertex  7.867314e+01  1.005991e+02  9.700220e+01
   endloop
 endfacet
 facet normal  0.000000e+00  0.000000e+00 -1.000000e+00
   outer loop
     vertex  7.693011e+01  1.030544e+02  9.700220e+01
     vertex  7.685194e+01  1.030209e+02  9.700220e+01
     vertex  7.689079e+01  1.030382e+02  9.700220e+01
   endloop
 endfacet
 facet normal  0.000000e+00  0.000000e+00 -1.000000e+00
   outer loop
     vertex  7.693011e+01  1.030544e+02  9.700220e+01
     vertex  7.681357e+01  1.030026e+02  9.700220e+01
     vertex  7.685194e+01  1.030209e+02  9.700220e+01
   endloop
 endfacet
 facet normal  0.000000e+00  0.000000e+00 -1.000000e+00
   outer loop
     vertex  7.895354e+01  1.010722e+02  9.700220e+01
     vertex  7.893815e+01  1.010325e+02  9.700220e+01
     vertex  7.867314e+01  1.005991e+02  9.700220e+01
   endloop
 endfacet
 facet normal  0.000000e+00  0.000000e+00 -1.000000e+00
   outer loop
     vertex  7.895354e+01  1.010722e+02  9.700220e+01
     vertex  7.867314e+01  1.005991e+02  9.700220e+01
     vertex  7.835448e+01  1.003195e+02  9.700220e+01
   endloop
 endfacet
 facet normal  0.000000e+00  0.000000e+00 -1.000000e+00
   outer loop
     vertex  7.696986e+01  1.030695e+02  9.700220e+01
     vertex  7.681357e+01  1.030026e+02  9.700220e+01
     vertex  7.693011e+01  1.030544e+02  9.700220e+01
   endloop
 endfacet
 facet normal  0.000000e+00  0.000000e+00 -1.000000e+00
   outer loop
     vertex  7.696986e+01  1.030695e+02  9.700220e+01
     vertex  7.640133e+01  1.027057e+02  9.700220e+01
     vertex  7.681357e+01  1.030026e+02  9.700220e+01
   endloop
 endfacet
 facet normal  0.000000e+00  0.000000e+00 -1.000000e+00
   outer loop
     vertex  7.898104e+01  1.011527e+02  9.700220e+01
     vertex  7.896784e+01  1.011122e+02  9.700220e+01
     vertex  7.895354e+01  1.010722e+02  9.700220e+01
   endloop
 endfacet
 facet normal  0.000000e+00  0.000000e+00 -1.000000e+00
   outer loop
     vertex  7.709138e+01  1.031083e+02  9.700220e+01
     vertex  7.701001e+01  1.030835e+02  9.700220e+01
     vertex  7.705052e+01  1.030965e+02  9.700220e+01
   endloop
 endfacet
 facet normal  0.000000e+00  0.000000e+00 -1.000000e+00
   outer loop
     vertex  7.709138e+01  1.031083e+02  9.700220e+01
     vertex  7.696986e+01  1.030695e+02  9.700220e+01
     vertex  7.701001e+01  1.030835e+02  9.700220e+01
   endloop
 endfacet
 facet normal  0.000000e+00  0.000000e+00 -1.000000e+00
   outer loop
     vertex  7.900408e+01  1.012345e+02  9.700220e+01
     vertex  7.899312e+01  1.011934e+02  9.700220e+01
     vertex  7.898104e+01  1.011527e+02  9.700220e+01
   endloop
 endfacet
 facet normal  0.000000e+00  0.000000e+00 -1.000000e+00
   outer loop
     vertex  7.900408e+01  1.012345e+02  9.700220e+01
     vertex  7.898104e+01  1.011527e+02  9.700220e+01
     vertex  7.895354e+01  1.010722e+02  9.700220e+01
   endloop
 endfacet
 facet normal  0.000000e+00  0.000000e+00 -1.000000e+00
   outer loop
     vertex  7.901391e+01  1.012759e+02  9.700220e+01
     vertex  7.900408e+01  1.012345e+02  9.700220e+01
     vertex  7.895354e+01  1.010722e+02  9.700220e+01
   endloop
 endfacet
 facet normal  0.000000e+00  0.000000e+00 -1.000000e+00
   outer loop
     vertex  7.717399e+01  1.031285e+02  9.700220e+01
     vertex  7.709138e+01  1.031083e+02  9.700220e+01
     vertex  7.713254e+01  1.031189e+02  9.700220e+01
   endloop
 endfacet
 facet normal  0.000000e+00  0.000000e+00 -1.000000e+00
   outer loop
     vertex  7.903014e+01  1.013594e+02  9.700220e+01
     vertex  7.902260e+01  1.013175e+02  9.700220e+01
     vertex  7.901391e+01  1.012759e+02  9.700220e+01
   endloop
 endfacet
 facet normal  0.000000e+00  0.000000e+00 -1.000000e+00
   outer loop
     vertex  7.729966e+01  1.031503e+02  9.700220e+01
     vertex  7.721567e+01  1.031369e+02  9.700220e+01
     vertex  7.725758e+01  1.031442e+02  9.700220e+01
   endloop
 endfacet
 facet normal  0.000000e+00  0.000000e+00 -1.000000e+00
   outer loop
     vertex  7.729966e+01  1.031503e+02  9.700220e+01
     vertex  7.717399e+01  1.031285e+02  9.700220e+01
     vertex  7.721567e+01  1.031369e+02  9.700220e+01
   endloop
 endfacet
 facet normal  0.000000e+00  0.000000e+00 -1.000000e+00
   outer loop
     vertex  7.734190e+01  1.031552e+02  9.700220e+01
     vertex  7.717399e+01  1.031285e+02  9.700220e+01
     vertex  7.729966e+01  1.031503e+02  9.700220e+01
   endloop
 endfacet
 facet normal  0.000000e+00  0.000000e+00 -1.000000e+00
   outer loop
     vertex  7.904585e+01  1.014860e+02  9.700220e+01
     vertex  7.901391e+01  1.012759e+02  9.700220e+01
     vertex  7.895354e+01  1.010722e+02  9.700220e+01
   endloop
 endfacet
 facet normal  0.000000e+00  0.000000e+00 -1.000000e+00
   outer loop
     vertex  7.904585e+01  1.014860e+02  9.700220e+01
     vertex  7.717399e+01  1.000983e+02  9.700220e+01
     vertex  7.701001e+01  1.001433e+02  9.700220e+01
   endloop
 endfacet
 facet normal  0.000000e+00  0.000000e+00 -1.000000e+00
   outer loop
     vertex  7.904585e+01  1.014860e+02  9.700220e+01
     vertex  7.729966e+01  1.000765e+02  9.700220e+01
     vertex  7.717399e+01  1.000983e+02  9.700220e+01
   endloop
 endfacet
 facet normal  0.000000e+00  0.000000e+00 -1.000000e+00
   outer loop
     vertex  7.904585e+01  1.014860e+02  9.700220e+01
     vertex  7.895354e+01  1.010722e+02  9.700220e+01
     vertex  7.835448e+01  1.003195e+02  9.700220e+01
   endloop
 endfacet
 facet normal  0.000000e+00  0.000000e+00 -1.000000e+00
   outer loop
     vertex  7.904585e+01  1.014860e+02  9.700220e+01
     vertex  7.903654e+01  1.014014e+02  9.700220e+01
     vertex  7.903014e+01  1.013594e+02  9.700220e+01
   endloop
 endfacet
 facet normal  0.000000e+00  0.000000e+00 -1.000000e+00
   outer loop
     vertex  7.904585e+01  1.014860e+02  9.700220e+01
     vertex  7.904177e+01  1.014436e+02  9.700220e+01
     vertex  7.903654e+01  1.014014e+02  9.700220e+01
   endloop
 endfacet
 facet normal  0.000000e+00  0.000000e+00 -1.000000e+00
   outer loop
     vertex  7.904585e+01  1.014860e+02  9.700220e+01
     vertex  7.649486e+01  1.004344e+02  9.700220e+01
     vertex  7.643171e+01  1.004914e+02  9.700220e+01
   endloop
 endfacet
 facet normal  0.000000e+00  0.000000e+00 -1.000000e+00
   outer loop
     vertex  7.904585e+01  1.014860e+02  9.700220e+01
     vertex  7.903014e+01  1.013594e+02  9.700220e+01
     vertex  7.901391e+01  1.012759e+02  9.700220e+01
   endloop
 endfacet
 facet normal  0.000000e+00  0.000000e+00 -1.000000e+00
   outer loop
     vertex  7.904585e+01  1.014860e+02  9.700220e+01
     vertex  7.652758e+01  1.004073e+02  9.700220e+01
     vertex  7.649486e+01  1.004344e+02  9.700220e+01
   endloop
 endfacet
 facet normal  0.000000e+00  0.000000e+00 -1.000000e+00
   outer loop
     vertex  7.904585e+01  1.014860e+02  9.700220e+01
     vertex  7.656104e+01  1.003810e+02  9.700220e+01
     vertex  7.652758e+01  1.004073e+02  9.700220e+01
   endloop
 endfacet
 facet normal  0.000000e+00  0.000000e+00 -1.000000e+00
   outer loop
     vertex  7.904585e+01  1.014860e+02  9.700220e+01
     vertex  7.659520e+01  1.003557e+02  9.700220e+01
     vertex  7.656104e+01  1.003810e+02  9.700220e+01
   endloop
 endfacet
 facet normal  0.000000e+00  0.000000e+00 -1.000000e+00
   outer loop
     vertex  7.904585e+01  1.014860e+02  9.700220e+01
     vertex  7.666555e+01  1.003079e+02  9.700220e+01
     vertex  7.659520e+01  1.003557e+02  9.700220e+01
   endloop
 endfacet
 facet normal  0.000000e+00  0.000000e+00 -1.000000e+00
   outer loop
     vertex  7.904585e+01  1.014860e+02  9.700220e+01
     vertex  7.701001e+01  1.001433e+02  9.700220e+01
     vertex  7.666555e+01  1.003079e+02  9.700220e+01
   endloop
 endfacet
 facet normal  0.000000e+00  0.000000e+00 -1.000000e+00
   outer loop
     vertex  7.904585e+01  1.014860e+02  9.700220e+01
     vertex  7.835448e+01  1.003195e+02  9.700220e+01
     vertex  7.729966e+01  1.000765e+02  9.700220e+01
   endloop
 endfacet
 facet normal  0.000000e+00  0.000000e+00 -1.000000e+00
   outer loop
     vertex  7.742670e+01  1.031616e+02  9.700220e+01
     vertex  7.734190e+01  1.031552e+02  9.700220e+01
     vertex  7.738426e+01  1.031590e+02  9.700220e+01
   endloop
 endfacet
 facet normal  0.000000e+00  0.000000e+00 -1.000000e+00
   outer loop
     vertex  7.905110e+01  1.016134e+02  9.700220e+01
     vertex  7.905052e+01  1.015709e+02  9.700220e+01
     vertex  7.904877e+01  1.015284e+02  9.700220e+01
   endloop
 endfacet
 facet normal  0.000000e+00  0.000000e+00 -1.000000e+00
   outer loop
     vertex  7.755425e+01  1.031625e+02  9.700220e+01
     vertex  7.746921e+01  1.031631e+02  9.700220e+01
     vertex  7.751173e+01  1.031634e+02  9.700220e+01
   endloop
 endfacet
 facet normal  0.000000e+00  0.000000e+00 -1.000000e+00
   outer loop
     vertex  7.904877e+01  1.016984e+02  9.700220e+01
     vertex  7.905052e+01  1.016559e+02  9.700220e+01
     vertex  7.905110e+01  1.016134e+02  9.700220e+01
   endloop
 endfacet
 facet normal  0.000000e+00 -0.000000e+00 -1.000000e+00
   outer loop
     vertex  7.904877e+01  1.016984e+02  9.700220e+01
     vertex  7.904877e+01  1.015284e+02  9.700220e+01
     vertex  7.904585e+01  1.014860e+02  9.700220e+01
   endloop
 endfacet
 facet normal  0.000000e+00  0.000000e+00 -1.000000e+00
   outer loop
     vertex  7.904877e+01  1.016984e+02  9.700220e+01
     vertex  7.905110e+01  1.016134e+02  9.700220e+01
     vertex  7.904877e+01  1.015284e+02  9.700220e+01
   endloop
 endfacet
 facet normal  0.000000e+00  0.000000e+00 -1.000000e+00
   outer loop
     vertex  7.904585e+01  1.017408e+02  9.700220e+01
     vertex  7.904877e+01  1.016984e+02  9.700220e+01
     vertex  7.904585e+01  1.014860e+02  9.700220e+01
   endloop
 endfacet
 facet normal  0.000000e+00  0.000000e+00 -1.000000e+00
   outer loop
     vertex  7.763913e+01  1.031572e+02  9.700220e+01
     vertex  7.755425e+01  1.031625e+02  9.700220e+01
     vertex  7.759673e+01  1.031604e+02  9.700220e+01
   endloop
 endfacet
 facet normal  0.000000e+00  0.000000e+00 -1.000000e+00
   outer loop
     vertex  7.903654e+01  1.018254e+02  9.700220e+01
     vertex  7.904177e+01  1.017832e+02  9.700220e+01
     vertex  7.904585e+01  1.017408e+02  9.700220e+01
   endloop
 endfacet
 facet normal  0.000000e+00  0.000000e+00 -1.000000e+00
   outer loop
     vertex  7.903654e+01  1.018254e+02  9.700220e+01
     vertex  7.904585e+01  1.017408e+02  9.700220e+01
     vertex  7.904585e+01  1.014860e+02  9.700220e+01
   endloop
 endfacet
 facet normal  0.000000e+00  0.000000e+00 -1.000000e+00
   outer loop
     vertex  7.772360e+01  1.031473e+02  9.700220e+01
     vertex  7.763913e+01  1.031572e+02  9.700220e+01
     vertex  7.768144e+01  1.031529e+02  9.700220e+01
   endloop
 endfacet
 facet normal  0.000000e+00  0.000000e+00 -1.000000e+00
   outer loop
     vertex  7.772360e+01  1.031473e+02  9.700220e+01
     vertex  7.746921e+01  1.031631e+02  9.700220e+01
     vertex  7.755425e+01  1.031625e+02  9.700220e+01
   endloop
 endfacet
 facet normal  0.000000e+00  0.000000e+00 -1.000000e+00
   outer loop
     vertex  7.772360e+01  1.031473e+02  9.700220e+01
     vertex  7.755425e+01  1.031625e+02  9.700220e+01
     vertex  7.763913e+01  1.031572e+02  9.700220e+01
   endloop
 endfacet
 facet normal  0.000000e+00  0.000000e+00 -1.000000e+00
   outer loop
     vertex  7.903014e+01  1.018674e+02  9.700220e+01
     vertex  7.903654e+01  1.018254e+02  9.700220e+01
     vertex  7.904585e+01  1.014860e+02  9.700220e+01
   endloop
 endfacet
 facet normal  0.000000e+00  0.000000e+00 -1.000000e+00
   outer loop
     vertex  7.776560e+01  1.031407e+02  9.700220e+01
     vertex  7.746921e+01  1.031631e+02  9.700220e+01
     vertex  7.772360e+01  1.031473e+02  9.700220e+01
   endloop
 endfacet
 facet normal  0.000000e+00  0.000000e+00 -1.000000e+00
   outer loop
     vertex  7.901391e+01  1.019509e+02  9.700220e+01
     vertex  7.902260e+01  1.019093e+02  9.700220e+01
     vertex  7.903014e+01  1.018674e+02  9.700220e+01
   endloop
 endfacet
 facet normal  0.000000e+00  0.000000e+00 -1.000000e+00
   outer loop
     vertex  7.901391e+01  1.019509e+02  9.700220e+01
     vertex  7.903014e+01  1.018674e+02  9.700220e+01
     vertex  7.904585e+01  1.014860e+02  9.700220e+01
   endloop
 endfacet
 facet normal  0.000000e+00  0.000000e+00 -1.000000e+00
   outer loop
     vertex  7.784897e+01  1.031239e+02  9.700220e+01
     vertex  7.776560e+01  1.031407e+02  9.700220e+01
     vertex  7.780740e+01  1.031328e+02  9.700220e+01
   endloop
 endfacet
 facet normal -0.000000e+00  0.000000e+00 -1.000000e+00
   outer loop
     vertex  7.793129e+01  1.031025e+02  9.700220e+01
     vertex  7.696986e+01  1.030695e+02  9.700220e+01
     vertex  7.709138e+01  1.031083e+02  9.700220e+01
   endloop
 endfacet
 facet normal  0.000000e+00  0.000000e+00 -1.000000e+00
   outer loop
     vertex  7.793129e+01  1.031025e+02  9.700220e+01
     vertex  7.709138e+01  1.031083e+02  9.700220e+01
     vertex  7.717399e+01  1.031285e+02  9.700220e+01
   endloop
 endfacet
 facet normal  0.000000e+00  0.000000e+00 -1.000000e+00
   outer loop
     vertex  7.793129e+01  1.031025e+02  9.700220e+01
     vertex  7.784897e+01  1.031239e+02  9.700220e+01
     vertex  7.789028e+01  1.031137e+02  9.700220e+01
   endloop
 endfacet
 facet normal  0.000000e+00  0.000000e+00 -1.000000e+00
   outer loop
     vertex  7.793129e+01  1.031025e+02  9.700220e+01
     vertex  7.776560e+01  1.031407e+02  9.700220e+01
     vertex  7.784897e+01  1.031239e+02  9.700220e+01
   endloop
 endfacet
 facet normal  0.000000e+00  0.000000e+00 -1.000000e+00
   outer loop
     vertex  7.793129e+01  1.031025e+02  9.700220e+01
     vertex  7.717399e+01  1.031285e+02  9.700220e+01
     vertex  7.734190e+01  1.031552e+02  9.700220e+01
   endloop
 endfacet
 facet normal  0.000000e+00  0.000000e+00 -1.000000e+00
   outer loop
     vertex  7.793129e+01  1.031025e+02  9.700220e+01
     vertex  7.742670e+01  1.031616e+02  9.700220e+01
     vertex  7.746921e+01  1.031631e+02  9.700220e+01
   endloop
 endfacet
 facet normal  0.000000e+00  0.000000e+00 -1.000000e+00
   outer loop
     vertex  7.793129e+01  1.031025e+02  9.700220e+01
     vertex  7.734190e+01  1.031552e+02  9.700220e+01
     vertex  7.742670e+01  1.031616e+02  9.700220e+01
   endloop
 endfacet
 facet normal  0.000000e+00  0.000000e+00 -1.000000e+00
   outer loop
     vertex  7.793129e+01  1.031025e+02  9.700220e+01
     vertex  7.746921e+01  1.031631e+02  9.700220e+01
     vertex  7.776560e+01  1.031407e+02  9.700220e+01
   endloop
 endfacet
 facet normal  0.000000e+00  0.000000e+00 -1.000000e+00
   outer loop
     vertex  7.896784e+01  1.021146e+02  9.700220e+01
     vertex  7.901391e+01  1.019509e+02  9.700220e+01
     vertex  7.904585e+01  1.014860e+02  9.700220e+01
   endloop
 endfacet
 facet normal  0.000000e+00  0.000000e+00 -1.000000e+00
   outer loop
     vertex  7.896784e+01  1.021146e+02  9.700220e+01
     vertex  7.900408e+01  1.019923e+02  9.700220e+01
     vertex  7.901391e+01  1.019509e+02  9.700220e+01
   endloop
 endfacet
 facet normal  0.000000e+00  0.000000e+00 -1.000000e+00
   outer loop
     vertex  7.896784e+01  1.021146e+02  9.700220e+01
     vertex  7.899312e+01  1.020334e+02  9.700220e+01
     vertex  7.900408e+01  1.019923e+02  9.700220e+01
   endloop
 endfacet
 facet normal  0.000000e+00  0.000000e+00 -1.000000e+00
   outer loop
     vertex  7.896784e+01  1.021146e+02  9.700220e+01
     vertex  7.898104e+01  1.020741e+02  9.700220e+01
     vertex  7.899312e+01  1.020334e+02  9.700220e+01
   endloop
 endfacet
 facet normal  0.000000e+00  0.000000e+00 -1.000000e+00
   outer loop
     vertex  7.805227e+01  1.030621e+02  9.700220e+01
     vertex  7.797198e+01  1.030901e+02  9.700220e+01
     vertex  7.801232e+01  1.030767e+02  9.700220e+01
   endloop
 endfacet
 facet normal  0.000000e+00  0.000000e+00 -1.000000e+00
   outer loop
     vertex  7.805227e+01  1.030621e+02  9.700220e+01
     vertex  7.793129e+01  1.031025e+02  9.700220e+01
     vertex  7.797198e+01  1.030901e+02  9.700220e+01
   endloop
 endfacet
 facet normal  0.000000e+00  0.000000e+00 -1.000000e+00
   outer loop
     vertex  7.893815e+01  1.021943e+02  9.700220e+01
     vertex  7.895354e+01  1.021546e+02  9.700220e+01
     vertex  7.896784e+01  1.021146e+02  9.700220e+01
   endloop
 endfacet
 facet normal  0.000000e+00  0.000000e+00 -1.000000e+00
   outer loop
     vertex  7.890412e+01  1.022722e+02  9.700220e+01
     vertex  7.892167e+01  1.022335e+02  9.700220e+01
     vertex  7.893815e+01  1.021943e+02  9.700220e+01
   endloop
 endfacet
 facet normal  0.000000e+00  0.000000e+00 -1.000000e+00
   outer loop
     vertex  7.890412e+01  1.022722e+02  9.700220e+01
     vertex  7.893815e+01  1.021943e+02  9.700220e+01
     vertex  7.896784e+01  1.021146e+02  9.700220e+01
   endloop
 endfacet
 facet normal  0.000000e+00  0.000000e+00 -1.000000e+00
   outer loop
     vertex  7.890412e+01  1.022722e+02  9.700220e+01
     vertex  7.896784e+01  1.021146e+02  9.700220e+01
     vertex  7.904585e+01  1.014860e+02  9.700220e+01
   endloop
 endfacet
 facet normal  0.000000e+00  0.000000e+00 -1.000000e+00
   outer loop
     vertex  7.816951e+01  1.030119e+02  9.700220e+01
     vertex  7.809180e+01  1.030464e+02  9.700220e+01
     vertex  7.813089e+01  1.030297e+02  9.700220e+01
   endloop
 endfacet
 facet normal  0.000000e+00  0.000000e+00 -1.000000e+00
   outer loop
     vertex  7.886588e+01  1.023482e+02  9.700220e+01
     vertex  7.888552e+01  1.023104e+02  9.700220e+01
     vertex  7.890412e+01  1.022722e+02  9.700220e+01
   endloop
 endfacet
 facet normal  0.000000e+00  0.000000e+00 -1.000000e+00
   outer loop
     vertex  7.824521e+01  1.029731e+02  9.700220e+01
     vertex  7.809180e+01  1.030464e+02  9.700220e+01
     vertex  7.816951e+01  1.030119e+02  9.700220e+01
   endloop
 endfacet
 facet normal  0.000000e+00  0.000000e+00 -1.000000e+00
   outer loop
     vertex  7.824521e+01  1.029731e+02  9.700220e+01
     vertex  7.816951e+01  1.030119e+02  9.700220e+01
     vertex  7.820763e+01  1.029930e+02  9.700220e+01
   endloop
 endfacet
 facet normal  0.000000e+00  0.000000e+00 -1.000000e+00
   outer loop
     vertex  7.824521e+01  1.029731e+02  9.700220e+01
     vertex  7.805227e+01  1.030621e+02  9.700220e+01
     vertex  7.809180e+01  1.030464e+02  9.700220e+01
   endloop
 endfacet
 facet normal  0.000000e+00  0.000000e+00 -1.000000e+00
   outer loop
     vertex  7.884521e+01  1.023853e+02  9.700220e+01
     vertex  7.886588e+01  1.023482e+02  9.700220e+01
     vertex  7.890412e+01  1.022722e+02  9.700220e+01
   endloop
 endfacet
 facet normal  0.000000e+00  0.000000e+00 -1.000000e+00
   outer loop
     vertex  7.882352e+01  1.024219e+02  9.700220e+01
     vertex  7.884521e+01  1.023853e+02  9.700220e+01
     vertex  7.890412e+01  1.022722e+02  9.700220e+01
   endloop
 endfacet
 facet normal  0.000000e+00  0.000000e+00 -1.000000e+00
   outer loop
     vertex  7.831866e+01  1.029302e+02  9.700220e+01
     vertex  7.824521e+01  1.029731e+02  9.700220e+01
     vertex  7.828223e+01  1.029522e+02  9.700220e+01
   endloop
 endfacet
 facet normal  0.000000e+00  0.000000e+00 -1.000000e+00
   outer loop
     vertex  7.835448e+01  1.029073e+02  9.700220e+01
     vertex  7.696986e+01  1.030695e+02  9.700220e+01
     vertex  7.793129e+01  1.031025e+02  9.700220e+01
   endloop
 endfacet
 facet normal  0.000000e+00  0.000000e+00 -1.000000e+00
   outer loop
     vertex  7.835448e+01  1.029073e+02  9.700220e+01
     vertex  7.793129e+01  1.031025e+02  9.700220e+01
     vertex  7.805227e+01  1.030621e+02  9.700220e+01
   endloop
 endfacet
 facet normal  0.000000e+00  0.000000e+00 -1.000000e+00
   outer loop
     vertex  7.835448e+01  1.029073e+02  9.700220e+01
     vertex  7.824521e+01  1.029731e+02  9.700220e+01
     vertex  7.831866e+01  1.029302e+02  9.700220e+01
   endloop
 endfacet
 facet normal  0.000000e+00  0.000000e+00 -1.000000e+00
   outer loop
     vertex  7.835448e+01  1.029073e+02  9.700220e+01
     vertex  7.805227e+01  1.030621e+02  9.700220e+01
     vertex  7.824521e+01  1.029731e+02  9.700220e+01
   endloop
 endfacet
 facet normal  0.000000e+00  0.000000e+00 -1.000000e+00
   outer loop
     vertex  7.877719e+01  1.024932e+02  9.700220e+01
     vertex  7.880085e+01  1.024579e+02  9.700220e+01
     vertex  7.882352e+01  1.024219e+02  9.700220e+01
   endloop
 endfacet
 facet normal  0.000000e+00  0.000000e+00 -1.000000e+00
   outer loop
     vertex  7.877719e+01  1.024932e+02  9.700220e+01
     vertex  7.882352e+01  1.024219e+02  9.700220e+01
     vertex  7.890412e+01  1.022722e+02  9.700220e+01
   endloop
 endfacet
 facet normal  0.000000e+00  0.000000e+00 -1.000000e+00
   outer loop
     vertex  7.875257e+01  1.025279e+02  9.700220e+01
     vertex  7.877719e+01  1.024932e+02  9.700220e+01
     vertex  7.890412e+01  1.022722e+02  9.700220e+01
   endloop
 endfacet
 facet normal  0.000000e+00  0.000000e+00 -1.000000e+00
   outer loop
     vertex  7.842417e+01  1.028586e+02  9.700220e+01
     vertex  7.835448e+01  1.029073e+02  9.700220e+01
     vertex  7.838966e+01  1.028834e+02  9.700220e+01
   endloop
 endfacet
 facet normal  0.000000e+00  0.000000e+00 -1.000000e+00
   outer loop
     vertex  7.849107e+01  1.028061e+02  9.700220e+01
     vertex  7.835448e+01  1.029073e+02  9.700220e+01
     vertex  7.842417e+01  1.028586e+02  9.700220e+01
   endloop
 endfacet
 facet normal  0.000000e+00  0.000000e+00 -1.000000e+00
   outer loop
     vertex  7.849107e+01  1.028061e+02  9.700220e+01
     vertex  7.842417e+01  1.028586e+02  9.700220e+01
     vertex  7.845798e+01  1.028328e+02  9.700220e+01
   endloop
 endfacet
 facet normal  0.000000e+00  0.000000e+00 -1.000000e+00
   outer loop
     vertex  7.867314e+01  1.026277e+02  9.700220e+01
     vertex  7.872701e+01  1.025619e+02  9.700220e+01
     vertex  7.875257e+01  1.025279e+02  9.700220e+01
   endloop
 endfacet
 facet normal  0.000000e+00  0.000000e+00 -1.000000e+00
   outer loop
     vertex  7.867314e+01  1.026277e+02  9.700220e+01
     vertex  7.870053e+01  1.025952e+02  9.700220e+01
     vertex  7.872701e+01  1.025619e+02  9.700220e+01
   endloop
 endfacet
 facet normal  0.000000e+00  0.000000e+00 -1.000000e+00
   outer loop
     vertex  7.852342e+01  1.027785e+02  9.700220e+01
     vertex  7.835448e+01  1.029073e+02  9.700220e+01
     vertex  7.849107e+01  1.028061e+02  9.700220e+01
   endloop
 endfacet
 facet normal  0.000000e+00  0.000000e+00 -1.000000e+00
   outer loop
     vertex  7.864488e+01  1.026595e+02  9.700220e+01
     vertex  7.867314e+01  1.026277e+02  9.700220e+01
     vertex  7.875257e+01  1.025279e+02  9.700220e+01
   endloop
 endfacet
 facet normal -0.000000e+00  0.000000e+00 -1.000000e+00
   outer loop
     vertex  7.858578e+01  1.027206e+02  9.700220e+01
     vertex  7.640133e+01  1.027057e+02  9.700220e+01
     vertex  7.696986e+01  1.030695e+02  9.700220e+01
   endloop
 endfacet
 facet normal  0.000000e+00  0.000000e+00 -1.000000e+00
   outer loop
     vertex  7.858578e+01  1.027206e+02  9.700220e+01
     vertex  7.861575e+01  1.026905e+02  9.700220e+01
     vertex  7.864488e+01  1.026595e+02  9.700220e+01
   endloop
 endfacet
 facet normal  0.000000e+00  0.000000e+00 -1.000000e+00
   outer loop
     vertex  7.858578e+01  1.027206e+02  9.700220e+01
     vertex  7.852342e+01  1.027785e+02  9.700220e+01
     vertex  7.855500e+01  1.027500e+02  9.700220e+01
   endloop
 endfacet
 facet normal  0.000000e+00  0.000000e+00 -1.000000e+00
   outer loop
     vertex  7.858578e+01  1.027206e+02  9.700220e+01
     vertex  7.626229e+01  1.006818e+02  9.700220e+01
     vertex  7.640133e+01  1.027057e+02  9.700220e+01
   endloop
 endfacet
 facet normal  0.000000e+00  0.000000e+00 -1.000000e+00
   outer loop
     vertex  7.858578e+01  1.027206e+02  9.700220e+01
     vertex  7.890412e+01  1.022722e+02  9.700220e+01
     vertex  7.904585e+01  1.014860e+02  9.700220e+01
   endloop
 endfacet
 facet normal  0.000000e+00  0.000000e+00 -1.000000e+00
   outer loop
     vertex  7.858578e+01  1.027206e+02  9.700220e+01
     vertex  7.640133e+01  1.005211e+02  9.700220e+01
     vertex  7.634308e+01  1.005831e+02  9.700220e+01
   endloop
 endfacet
 facet normal  0.000000e+00  0.000000e+00 -1.000000e+00
   outer loop
     vertex  7.858578e+01  1.027206e+02  9.700220e+01
     vertex  7.643171e+01  1.004914e+02  9.700220e+01
     vertex  7.640133e+01  1.005211e+02  9.700220e+01
   endloop
 endfacet
 facet normal  0.000000e+00 -0.000000e+00 -1.000000e+00
   outer loop
     vertex  7.858578e+01  1.027206e+02  9.700220e+01
     vertex  7.904585e+01  1.014860e+02  9.700220e+01
     vertex  7.643171e+01  1.004914e+02  9.700220e+01
   endloop
 endfacet
 facet normal  0.000000e+00  0.000000e+00 -1.000000e+00
   outer loop
     vertex  7.858578e+01  1.027206e+02  9.700220e+01
     vertex  7.634308e+01  1.005831e+02  9.700220e+01
     vertex  7.626229e+01  1.006818e+02  9.700220e+01
   endloop
 endfacet
 facet normal  0.000000e+00  0.000000e+00 -1.000000e+00
   outer loop
     vertex  7.858578e+01  1.027206e+02  9.700220e+01
     vertex  7.875257e+01  1.025279e+02  9.700220e+01
     vertex  7.890412e+01  1.022722e+02  9.700220e+01
   endloop
 endfacet
 facet normal  0.000000e+00  0.000000e+00 -1.000000e+00
   outer loop
     vertex  7.858578e+01  1.027206e+02  9.700220e+01
     vertex  7.696986e+01  1.030695e+02  9.700220e+01
     vertex  7.835448e+01  1.029073e+02  9.700220e+01
   endloop
 endfacet
 facet normal  0.000000e+00  0.000000e+00 -1.000000e+00
   outer loop
     vertex  7.858578e+01  1.027206e+02  9.700220e+01
     vertex  7.864488e+01  1.026595e+02  9.700220e+01
     vertex  7.875257e+01  1.025279e+02  9.700220e+01
   endloop
 endfacet
 facet normal  0.000000e+00  0.000000e+00 -1.000000e+00
   outer loop
     vertex  7.858578e+01  1.027206e+02  9.700220e+01
     vertex  7.835448e+01  1.029073e+02  9.700220e+01
     vertex  7.852342e+01  1.027785e+02  9.700220e+01
   endloop
 endfacet
 facet normal  0.000000e+00  0.000000e+00  1.000000e+00
   outer loop
     vertex  7.634308e+01  1.005831e+02  9.300220e+01
     vertex  7.637178e+01  1.005517e+02  9.300220e+01
     vertex  7.640133e+01  1.005211e+02  9.300220e+01
   endloop
 endfacet
 facet normal  0.000000e+00  0.000000e+00  1.000000e+00
   outer loop
     vertex  7.649486e+01  1.004344e+02  9.300220e+01
     vertex  7.643171e+01  1.004914e+02  9.300220e+01
     vertex  7.646289e+01  1.004625e+02  9.300220e+01
   endloop
 endfacet
 facet normal  0.000000e+00  0.000000e+00  1.000000e+00
   outer loop
     vertex  7.626229e+01  1.006818e+02  9.300220e+01
     vertex  7.628831e+01  1.006482e+02  9.300220e+01
     vertex  7.631525e+01  1.006153e+02  9.300220e+01
   endloop
 endfacet
 facet normal  0.000000e+00  0.000000e+00  1.000000e+00
   outer loop
     vertex  7.626229e+01  1.006818e+02  9.300220e+01
     vertex  7.631525e+01  1.006153e+02  9.300220e+01
     vertex  7.634308e+01  1.005831e+02  9.300220e+01
   endloop
 endfacet
 facet normal  0.000000e+00  0.000000e+00  1.000000e+00
   outer loop
     vertex  7.666555e+01  1.003079e+02  9.300220e+01
     vertex  7.659520e+01  1.003557e+02  9.300220e+01
     vertex  7.663005e+01  1.003313e+02  9.300220e+01
   endloop
 endfacet
 facet normal  0.000000e+00  0.000000e+00  1.000000e+00
   outer loop
     vertex  7.677571e+01  1.002436e+02  9.300220e+01
     vertex  7.670168e+01  1.002855e+02  9.300220e+01
     vertex  7.673841e+01  1.002640e+02  9.300220e+01
   endloop
 endfacet
 facet normal  0.000000e+00  0.000000e+00  1.000000e+00
   outer loop
     vertex  7.612637e+01  1.008974e+02  9.300220e+01
     vertex  7.614653e+01  1.008600e+02  9.300220e+01
     vertex  7.616771e+01  1.008231e+02  9.300220e+01
   endloop
 endfacet
 facet normal  0.000000e+00  0.000000e+00  1.000000e+00
   outer loop
     vertex  7.685194e+01  1.002059e+02  9.300220e+01
     vertex  7.677571e+01  1.002436e+02  9.300220e+01
     vertex  7.681357e+01  1.002242e+02  9.300220e+01
   endloop
 endfacet
 facet normal  0.000000e+00  0.000000e+00  1.000000e+00
   outer loop
     vertex  7.693011e+01  1.001724e+02  9.300220e+01
     vertex  7.685194e+01  1.002059e+02  9.300220e+01
     vertex  7.689079e+01  1.001886e+02  9.300220e+01
   endloop
 endfacet
 facet normal  0.000000e+00  0.000000e+00  1.000000e+00
   outer loop
     vertex  7.696986e+01  1.001573e+02  9.300220e+01
     vertex  7.685194e+01  1.002059e+02  9.300220e+01
     vertex  7.693011e+01  1.001724e+02  9.300220e+01
   endloop
 endfacet
 facet normal  0.000000e+00  0.000000e+00  1.000000e+00
   outer loop
     vertex  7.701001e+01  1.001433e+02  9.300220e+01
     vertex  7.666555e+01  1.003079e+02  9.300220e+01
     vertex  7.670168e+01  1.002855e+02  9.300220e+01
   endloop
 endfacet
 facet normal  0.000000e+00  0.000000e+00  1.000000e+00
   outer loop
     vertex  7.701001e+01  1.001433e+02  9.300220e+01
     vertex  7.670168e+01  1.002855e+02  9.300220e+01
     vertex  7.677571e+01  1.002436e+02  9.300220e+01
   endloop
 endfacet
 facet normal  0.000000e+00  0.000000e+00  1.000000e+00
   outer loop
     vertex  7.701001e+01  1.001433e+02  9.300220e+01
     vertex  7.677571e+01  1.002436e+02  9.300220e+01
     vertex  7.685194e+01  1.002059e+02  9.300220e+01
   endloop
 endfacet
 facet normal  0.000000e+00  0.000000e+00  1.000000e+00
   outer loop
     vertex  7.701001e+01  1.001433e+02  9.300220e+01
     vertex  7.685194e+01  1.002059e+02  9.300220e+01
     vertex  7.696986e+01  1.001573e+02  9.300220e+01
   endloop
 endfacet
 facet normal  0.000000e+00  0.000000e+00  1.000000e+00
   outer loop
     vertex  7.599306e+01  1.012552e+02  9.300220e+01
     vertex  7.600346e+01  1.012139e+02  9.300220e+01
     vertex  7.601498e+01  1.011730e+02  9.300220e+01
   endloop
 endfacet
 facet normal  0.000000e+00  0.000000e+00  1.000000e+00
   outer loop
     vertex  7.599306e+01  1.012552e+02  9.300220e+01
     vertex  7.601498e+01  1.011730e+02  9.300220e+01
     vertex  7.602762e+01  1.011324e+02  9.300220e+01
   endloop
 endfacet
 facet normal  0.000000e+00  0.000000e+00  1.000000e+00
   outer loop
     vertex  7.599306e+01  1.012552e+02  9.300220e+01
     vertex  7.602762e+01  1.011324e+02  9.300220e+01
     vertex  7.604137e+01  1.010922e+02  9.300220e+01
   endloop
 endfacet
 facet normal  0.000000e+00  0.000000e+00  1.000000e+00
   outer loop
     vertex  7.599306e+01  1.012552e+02  9.300220e+01
     vertex  7.604137e+01  1.010922e+02  9.300220e+01
     vertex  7.605622e+01  1.010523e+02  9.300220e+01
   endloop
 endfacet
 facet normal  0.000000e+00  0.000000e+00  1.000000e+00
   outer loop
     vertex  7.599306e+01  1.012552e+02  9.300220e+01
     vertex  7.605622e+01  1.010523e+02  9.300220e+01
     vertex  7.607216e+01  1.010129e+02  9.300220e+01
   endloop
 endfacet
 facet normal  0.000000e+00  0.000000e+00  1.000000e+00
   outer loop
     vertex  7.599306e+01  1.012552e+02  9.300220e+01
     vertex  7.607216e+01  1.010129e+02  9.300220e+01
     vertex  7.608917e+01  1.009739e+02  9.300220e+01
   endloop
 endfacet
 facet normal  0.000000e+00  0.000000e+00  1.000000e+00
   outer loop
     vertex  7.599306e+01  1.012552e+02  9.300220e+01
     vertex  7.608917e+01  1.009739e+02  9.300220e+01
     vertex  7.610725e+01  1.009354e+02  9.300220e+01
   endloop
 endfacet
 facet normal  0.000000e+00  0.000000e+00  1.000000e+00
   outer loop
     vertex  7.599306e+01  1.012552e+02  9.300220e+01
     vertex  7.610725e+01  1.009354e+02  9.300220e+01
     vertex  7.612637e+01  1.008974e+02  9.300220e+01
   endloop
 endfacet
 facet normal  0.000000e+00  0.000000e+00  1.000000e+00
   outer loop
     vertex  7.599306e+01  1.012552e+02  9.300220e+01
     vertex  7.616771e+01  1.008231e+02  9.300220e+01
     vertex  7.618989e+01  1.007868e+02  9.300220e+01
   endloop
 endfacet
 facet normal  0.000000e+00  0.000000e+00  1.000000e+00
   outer loop
     vertex  7.599306e+01  1.012552e+02  9.300220e+01
     vertex  7.618989e+01  1.007868e+02  9.300220e+01
     vertex  7.621306e+01  1.007512e+02  9.300220e+01
   endloop
 endfacet
 facet normal  0.000000e+00  0.000000e+00  1.000000e+00
   outer loop
     vertex  7.599306e+01  1.012552e+02  9.300220e+01
     vertex  7.612637e+01  1.008974e+02  9.300220e+01
     vertex  7.616771e+01  1.008231e+02  9.300220e+01
   endloop
 endfacet
 facet normal  0.000000e+00  0.000000e+00  1.000000e+00
   outer loop
     vertex  7.717399e+01  1.000983e+02  9.300220e+01
     vertex  7.701001e+01  1.001433e+02  9.300220e+01
     vertex  7.705052e+01  1.001303e+02  9.300220e+01
   endloop
 endfacet
 facet normal  0.000000e+00  0.000000e+00  1.000000e+00
   outer loop
     vertex  7.717399e+01  1.000983e+02  9.300220e+01
     vertex  7.705052e+01  1.001303e+02  9.300220e+01
     vertex  7.709138e+01  1.001185e+02  9.300220e+01
   endloop
 endfacet
 facet normal  0.000000e+00  0.000000e+00  1.000000e+00
   outer loop
     vertex  7.717399e+01  1.000983e+02  9.300220e+01
     vertex  7.709138e+01  1.001185e+02  9.300220e+01
     vertex  7.713254e+01  1.001079e+02  9.300220e+01
   endloop
 endfacet
 facet normal  0.000000e+00  0.000000e+00  1.000000e+00
   outer loop
     vertex  7.597568e+01  1.013384e+02  9.300220e+01
     vertex  7.598380e+01  1.012967e+02  9.300220e+01
     vertex  7.599306e+01  1.012552e+02  9.300220e+01
   endloop
 endfacet
 facet normal  0.000000e+00  0.000000e+00  1.000000e+00
   outer loop
     vertex  7.729966e+01  1.000765e+02  9.300220e+01
     vertex  7.717399e+01  1.000983e+02  9.300220e+01
     vertex  7.721567e+01  1.000899e+02  9.300220e+01
   endloop
 endfacet
 facet normal  0.000000e+00  0.000000e+00  1.000000e+00
   outer loop
     vertex  7.729966e+01  1.000765e+02  9.300220e+01
     vertex  7.721567e+01  1.000899e+02  9.300220e+01
     vertex  7.725758e+01  1.000826e+02  9.300220e+01
   endloop
 endfacet
 facet normal  0.000000e+00  0.000000e+00  1.000000e+00
   outer loop
     vertex  7.596290e+01  1.014225e+02  9.300220e+01
     vertex  7.596872e+01  1.013804e+02  9.300220e+01
     vertex  7.597568e+01  1.013384e+02  9.300220e+01
   endloop
 endfacet
 facet normal  0.000000e+00  0.000000e+00  1.000000e+00
   outer loop
     vertex  7.595475e+01  1.015072e+02  9.300220e+01
     vertex  7.595824e+01  1.014648e+02  9.300220e+01
     vertex  7.596290e+01  1.014225e+02  9.300220e+01
   endloop
 endfacet
 facet normal  0.000000e+00  0.000000e+00  1.000000e+00
   outer loop
     vertex  7.746921e+01  1.000637e+02  9.300220e+01
     vertex  7.738426e+01  1.000678e+02  9.300220e+01
     vertex  7.742670e+01  1.000652e+02  9.300220e+01
   endloop
 endfacet
 facet normal  0.000000e+00  0.000000e+00  1.000000e+00
   outer loop
     vertex  7.763913e+01  1.000696e+02  9.300220e+01
     vertex  7.755425e+01  1.000643e+02  9.300220e+01
     vertex  7.759673e+01  1.000664e+02  9.300220e+01
   endloop
 endfacet
 facet normal  0.000000e+00  0.000000e+00  1.000000e+00
   outer loop
     vertex  7.595824e+01  1.017620e+02  9.300220e+01
     vertex  7.595475e+01  1.017196e+02  9.300220e+01
     vertex  7.595241e+01  1.016772e+02  9.300220e+01
   endloop
 endfacet
 facet normal  0.000000e+00  0.000000e+00  1.000000e+00
   outer loop
     vertex  7.768144e+01  1.000739e+02  9.300220e+01
     vertex  7.738426e+01  1.000678e+02  9.300220e+01
     vertex  7.746921e+01  1.000637e+02  9.300220e+01
   endloop
 endfacet
 facet normal  0.000000e+00  0.000000e+00  1.000000e+00
   outer loop
     vertex  7.768144e+01  1.000739e+02  9.300220e+01
     vertex  7.755425e+01  1.000643e+02  9.300220e+01
     vertex  7.763913e+01  1.000696e+02  9.300220e+01
   endloop
 endfacet
 facet normal  0.000000e+00  0.000000e+00  1.000000e+00
   outer loop
     vertex  7.768144e+01  1.000739e+02  9.300220e+01
     vertex  7.729966e+01  1.000765e+02  9.300220e+01
     vertex  7.734190e+01  1.000716e+02  9.300220e+01
   endloop
 endfacet
 facet normal  0.000000e+00  0.000000e+00  1.000000e+00
   outer loop
     vertex  7.768144e+01  1.000739e+02  9.300220e+01
     vertex  7.734190e+01  1.000716e+02  9.300220e+01
     vertex  7.738426e+01  1.000678e+02  9.300220e+01
   endloop
 endfacet
 facet normal  0.000000e+00  0.000000e+00  1.000000e+00
   outer loop
     vertex  7.768144e+01  1.000739e+02  9.300220e+01
     vertex  7.746921e+01  1.000637e+02  9.300220e+01
     vertex  7.751173e+01  1.000634e+02  9.300220e+01
   endloop
 endfacet
 facet normal  0.000000e+00  0.000000e+00  1.000000e+00
   outer loop
     vertex  7.768144e+01  1.000739e+02  9.300220e+01
     vertex  7.751173e+01  1.000634e+02  9.300220e+01
     vertex  7.755425e+01  1.000643e+02  9.300220e+01
   endloop
 endfacet
 facet normal  0.000000e+00  0.000000e+00  1.000000e+00
   outer loop
     vertex  7.596872e+01  1.018464e+02  9.300220e+01
     vertex  7.596290e+01  1.018043e+02  9.300220e+01
     vertex  7.595824e+01  1.017620e+02  9.300220e+01
   endloop
 endfacet
 facet normal  0.000000e+00  0.000000e+00  1.000000e+00
   outer loop
     vertex  7.780740e+01  1.000940e+02  9.300220e+01
     vertex  7.768144e+01  1.000739e+02  9.300220e+01
     vertex  7.772360e+01  1.000795e+02  9.300220e+01
   endloop
 endfacet
 facet normal  0.000000e+00  0.000000e+00  1.000000e+00
   outer loop
     vertex  7.780740e+01  1.000940e+02  9.300220e+01
     vertex  7.772360e+01  1.000795e+02  9.300220e+01
     vertex  7.776560e+01  1.000861e+02  9.300220e+01
   endloop
 endfacet
 facet normal  0.000000e+00  0.000000e+00  1.000000e+00
   outer loop
     vertex  7.598380e+01  1.019301e+02  9.300220e+01
     vertex  7.597568e+01  1.018884e+02  9.300220e+01
     vertex  7.596872e+01  1.018464e+02  9.300220e+01
   endloop
 endfacet
 facet normal  0.000000e+00  0.000000e+00  1.000000e+00
   outer loop
     vertex  7.598380e+01  1.019301e+02  9.300220e+01
     vertex  7.595241e+01  1.016772e+02  9.300220e+01
     vertex  7.595125e+01  1.016347e+02  9.300220e+01
   endloop
 endfacet
 facet normal  0.000000e+00  0.000000e+00  1.000000e+00
   outer loop
     vertex  7.598380e+01  1.019301e+02  9.300220e+01
     vertex  7.595824e+01  1.017620e+02  9.300220e+01
     vertex  7.595241e+01  1.016772e+02  9.300220e+01
   endloop
 endfacet
 facet normal  0.000000e+00  0.000000e+00  1.000000e+00
   outer loop
     vertex  7.598380e+01  1.019301e+02  9.300220e+01
     vertex  7.596872e+01  1.018464e+02  9.300220e+01
     vertex  7.595824e+01  1.017620e+02  9.300220e+01
   endloop
 endfacet
 facet normal  0.000000e+00  0.000000e+00  1.000000e+00
   outer loop
     vertex  7.784897e+01  1.001029e+02  9.300220e+01
     vertex  7.768144e+01  1.000739e+02  9.300220e+01
     vertex  7.780740e+01  1.000940e+02  9.300220e+01
   endloop
 endfacet
 facet normal  0.000000e+00  0.000000e+00  1.000000e+00
   outer loop
     vertex  7.600346e+01  1.020129e+02  9.300220e+01
     vertex  7.599306e+01  1.019716e+02  9.300220e+01
     vertex  7.598380e+01  1.019301e+02  9.300220e+01
   endloop
 endfacet
 facet normal  0.000000e+00  0.000000e+00  1.000000e+00
   outer loop
     vertex  7.601498e+01  1.020538e+02  9.300220e+01
     vertex  7.595125e+01  1.016347e+02  9.300220e+01
     vertex  7.595125e+01  1.015921e+02  9.300220e+01
   endloop
 endfacet
 facet normal  0.000000e+00  0.000000e+00  1.000000e+00
   outer loop
     vertex  7.601498e+01  1.020538e+02  9.300220e+01
     vertex  7.595125e+01  1.015921e+02  9.300220e+01
     vertex  7.595241e+01  1.015496e+02  9.300220e+01
   endloop
 endfacet
 facet normal  0.000000e+00  0.000000e+00  1.000000e+00
   outer loop
     vertex  7.601498e+01  1.020538e+02  9.300220e+01
     vertex  7.600346e+01  1.020129e+02  9.300220e+01
     vertex  7.598380e+01  1.019301e+02  9.300220e+01
   endloop
 endfacet
 facet normal  0.000000e+00  0.000000e+00  1.000000e+00
   outer loop
     vertex  7.601498e+01  1.020538e+02  9.300220e+01
     vertex  7.598380e+01  1.019301e+02  9.300220e+01
     vertex  7.595125e+01  1.016347e+02  9.300220e+01
   endloop
 endfacet
 facet normal  0.000000e+00  0.000000e+00  1.000000e+00
   outer loop
     vertex  7.797198e+01  1.001367e+02  9.300220e+01
     vertex  7.784897e+01  1.001029e+02  9.300220e+01
     vertex  7.789028e+01  1.001131e+02  9.300220e+01
   endloop
 endfacet
 facet normal  0.000000e+00  0.000000e+00  1.000000e+00
   outer loop
     vertex  7.797198e+01  1.001367e+02  9.300220e+01
     vertex  7.789028e+01  1.001131e+02  9.300220e+01
     vertex  7.793129e+01  1.001243e+02  9.300220e+01
   endloop
 endfacet
 facet normal  0.000000e+00  0.000000e+00  1.000000e+00
   outer loop
     vertex  7.604137e+01  1.021346e+02  9.300220e+01
     vertex  7.602762e+01  1.020944e+02  9.300220e+01
     vertex  7.601498e+01  1.020538e+02  9.300220e+01
   endloop
 endfacet
 facet normal  0.000000e+00  0.000000e+00  1.000000e+00
   outer loop
     vertex  7.813089e+01  1.001971e+02  9.300220e+01
     vertex  7.801232e+01  1.001501e+02  9.300220e+01
     vertex  7.805227e+01  1.001647e+02  9.300220e+01
   endloop
 endfacet
 facet normal  0.000000e+00  0.000000e+00  1.000000e+00
   outer loop
     vertex  7.813089e+01  1.001971e+02  9.300220e+01
     vertex  7.805227e+01  1.001647e+02  9.300220e+01
     vertex  7.809180e+01  1.001804e+02  9.300220e+01
   endloop
 endfacet
 facet normal  0.000000e+00  0.000000e+00  1.000000e+00
   outer loop
     vertex  7.608917e+01  1.022529e+02  9.300220e+01
     vertex  7.607216e+01  1.022139e+02  9.300220e+01
     vertex  7.605622e+01  1.021745e+02  9.300220e+01
   endloop
 endfacet
 facet normal  0.000000e+00  0.000000e+00  1.000000e+00
   outer loop
     vertex  7.816951e+01  1.002149e+02  9.300220e+01
     vertex  7.801232e+01  1.001501e+02  9.300220e+01
     vertex  7.813089e+01  1.001971e+02  9.300220e+01
   endloop
 endfacet
 facet normal  0.000000e+00  0.000000e+00  1.000000e+00
   outer loop
     vertex  7.816951e+01  1.002149e+02  9.300220e+01
     vertex  7.797198e+01  1.001367e+02  9.300220e+01
     vertex  7.801232e+01  1.001501e+02  9.300220e+01
   endloop
 endfacet
 facet normal  0.000000e+00  0.000000e+00  1.000000e+00
   outer loop
     vertex  7.816951e+01  1.002149e+02  9.300220e+01
     vertex  7.784897e+01  1.001029e+02  9.300220e+01
     vertex  7.797198e+01  1.001367e+02  9.300220e+01
   endloop
 endfacet
 facet normal  0.000000e+00  0.000000e+00  1.000000e+00
   outer loop
     vertex  7.610725e+01  1.022914e+02  9.300220e+01
     vertex  7.605622e+01  1.021745e+02  9.300220e+01
     vertex  7.604137e+01  1.021346e+02  9.300220e+01
   endloop
 endfacet
 facet normal  0.000000e+00  0.000000e+00  1.000000e+00
   outer loop
     vertex  7.610725e+01  1.022914e+02  9.300220e+01
     vertex  7.604137e+01  1.021346e+02  9.300220e+01
     vertex  7.601498e+01  1.020538e+02  9.300220e+01
   endloop
 endfacet
 facet normal  0.000000e+00  0.000000e+00  1.000000e+00
   outer loop
     vertex  7.610725e+01  1.022914e+02  9.300220e+01
     vertex  7.608917e+01  1.022529e+02  9.300220e+01
     vertex  7.605622e+01  1.021745e+02  9.300220e+01
   endloop
 endfacet
 facet normal  0.000000e+00  0.000000e+00  1.000000e+00
   outer loop
     vertex  7.614653e+01  1.023668e+02  9.300220e+01
     vertex  7.612637e+01  1.023294e+02  9.300220e+01
     vertex  7.610725e+01  1.022914e+02  9.300220e+01
   endloop
 endfacet
 facet normal  0.000000e+00  0.000000e+00  1.000000e+00
   outer loop
     vertex  7.828223e+01  1.002746e+02  9.300220e+01
     vertex  7.820763e+01  1.002338e+02  9.300220e+01
     vertex  7.824521e+01  1.002537e+02  9.300220e+01
   endloop
 endfacet
 facet normal  0.000000e+00  0.000000e+00  1.000000e+00
   outer loop
     vertex  7.831866e+01  1.002966e+02  9.300220e+01
     vertex  7.820763e+01  1.002338e+02  9.300220e+01
     vertex  7.828223e+01  1.002746e+02  9.300220e+01
   endloop
 endfacet
 facet normal  0.000000e+00  0.000000e+00  1.000000e+00
   outer loop
     vertex  7.618989e+01  1.024400e+02  9.300220e+01
     vertex  7.616771e+01  1.024037e+02  9.300220e+01
     vertex  7.614653e+01  1.023668e+02  9.300220e+01
   endloop
 endfacet
 facet normal  0.000000e+00  0.000000e+00  1.000000e+00
   outer loop
     vertex  7.835448e+01  1.003195e+02  9.300220e+01
     vertex  7.784897e+01  1.001029e+02  9.300220e+01
     vertex  7.816951e+01  1.002149e+02  9.300220e+01
   endloop
 endfacet
 facet normal  0.000000e+00  0.000000e+00  1.000000e+00
   outer loop
     vertex  7.835448e+01  1.003195e+02  9.300220e+01
     vertex  7.729966e+01  1.000765e+02  9.300220e+01
     vertex  7.768144e+01  1.000739e+02  9.300220e+01
   endloop
 endfacet
 facet normal  0.000000e+00  0.000000e+00  1.000000e+00
   outer loop
     vertex  7.835448e+01  1.003195e+02  9.300220e+01
     vertex  7.768144e+01  1.000739e+02  9.300220e+01
     vertex  7.784897e+01  1.001029e+02  9.300220e+01
   endloop
 endfacet
 facet normal  0.000000e+00  0.000000e+00  1.000000e+00
   outer loop
     vertex  7.835448e+01  1.003195e+02  9.300220e+01
     vertex  7.816951e+01  1.002149e+02  9.300220e+01
     vertex  7.820763e+01  1.002338e+02  9.300220e+01
   endloop
 endfacet
 facet normal  0.000000e+00  0.000000e+00  1.000000e+00
   outer loop
     vertex  7.835448e+01  1.003195e+02  9.300220e+01
     vertex  7.820763e+01  1.002338e+02  9.300220e+01
     vertex  7.831866e+01  1.002966e+02  9.300220e+01
   endloop
 endfacet
 facet normal  0.000000e+00  0.000000e+00  1.000000e+00
   outer loop
     vertex  7.842417e+01  1.003682e+02  9.300220e+01
     vertex  7.835448e+01  1.003195e+02  9.300220e+01
     vertex  7.838966e+01  1.003434e+02  9.300220e+01
   endloop
 endfacet
 facet normal  0.000000e+00  0.000000e+00  1.000000e+00
   outer loop
     vertex  7.626229e+01  1.025450e+02  9.300220e+01
     vertex  7.623720e+01  1.025107e+02  9.300220e+01
     vertex  7.621306e+01  1.024756e+02  9.300220e+01
   endloop
 endfacet
 facet normal  0.000000e+00  0.000000e+00  1.000000e+00
   outer loop
     vertex  7.626229e+01  1.025450e+02  9.300220e+01
     vertex  7.621306e+01  1.024756e+02  9.300220e+01
     vertex  7.618989e+01  1.024400e+02  9.300220e+01
   endloop
 endfacet
 facet normal  0.000000e+00  0.000000e+00  1.000000e+00
   outer loop
     vertex  7.849107e+01  1.004207e+02  9.300220e+01
     vertex  7.842417e+01  1.003682e+02  9.300220e+01
     vertex  7.845798e+01  1.003940e+02  9.300220e+01
   endloop
 endfacet
 facet normal  0.000000e+00  0.000000e+00  1.000000e+00
   outer loop
     vertex  7.631525e+01  1.026115e+02  9.300220e+01
     vertex  7.626229e+01  1.025450e+02  9.300220e+01
     vertex  7.618989e+01  1.024400e+02  9.300220e+01
   endloop
 endfacet
 facet normal  0.000000e+00  0.000000e+00  1.000000e+00
   outer loop
     vertex  7.631525e+01  1.026115e+02  9.300220e+01
     vertex  7.628831e+01  1.025786e+02  9.300220e+01
     vertex  7.626229e+01  1.025450e+02  9.300220e+01
   endloop
 endfacet
 facet normal  0.000000e+00  0.000000e+00  1.000000e+00
   outer loop
     vertex  7.852342e+01  1.004483e+02  9.300220e+01
     vertex  7.842417e+01  1.003682e+02  9.300220e+01
     vertex  7.849107e+01  1.004207e+02  9.300220e+01
   endloop
 endfacet
 facet normal  0.000000e+00  0.000000e+00  1.000000e+00
   outer loop
     vertex  7.852342e+01  1.004483e+02  9.300220e+01
     vertex  7.835448e+01  1.003195e+02  9.300220e+01
     vertex  7.842417e+01  1.003682e+02  9.300220e+01
   endloop
 endfacet
 facet normal  0.000000e+00  0.000000e+00  1.000000e+00
   outer loop
     vertex  7.637178e+01  1.026751e+02  9.300220e+01
     vertex  7.634308e+01  1.026437e+02  9.300220e+01
     vertex  7.631525e+01  1.026115e+02  9.300220e+01
   endloop
 endfacet
 facet normal  0.000000e+00  0.000000e+00  1.000000e+00
   outer loop
     vertex  7.858578e+01  1.005062e+02  9.300220e+01
     vertex  7.852342e+01  1.004483e+02  9.300220e+01
     vertex  7.855500e+01  1.004768e+02  9.300220e+01
   endloop
 endfacet
 facet normal  0.000000e+00  0.000000e+00  1.000000e+00
   outer loop
     vertex  7.640133e+01  1.027057e+02  9.300220e+01
     vertex  7.597568e+01  1.013384e+02  9.300220e+01
     vertex  7.599306e+01  1.012552e+02  9.300220e+01
   endloop
 endfacet
 facet normal  0.000000e+00  0.000000e+00  1.000000e+00
   outer loop
     vertex  7.640133e+01  1.027057e+02  9.300220e+01
     vertex  7.610725e+01  1.022914e+02  9.300220e+01
     vertex  7.601498e+01  1.020538e+02  9.300220e+01
   endloop
 endfacet
 facet normal  0.000000e+00  0.000000e+00  1.000000e+00
   outer loop
     vertex  7.640133e+01  1.027057e+02  9.300220e+01
     vertex  7.595241e+01  1.015496e+02  9.300220e+01
     vertex  7.595475e+01  1.015072e+02  9.300220e+01
   endloop
 endfacet
 facet normal  0.000000e+00  0.000000e+00  1.000000e+00
   outer loop
     vertex  7.640133e+01  1.027057e+02  9.300220e+01
     vertex  7.596290e+01  1.014225e+02  9.300220e+01
     vertex  7.597568e+01  1.013384e+02  9.300220e+01
   endloop
 endfacet
 facet normal  0.000000e+00  0.000000e+00  1.000000e+00
   outer loop
     vertex  7.640133e+01  1.027057e+02  9.300220e+01
     vertex  7.618989e+01  1.024400e+02  9.300220e+01
     vertex  7.614653e+01  1.023668e+02  9.300220e+01
   endloop
 endfacet
 facet normal  0.000000e+00  0.000000e+00  1.000000e+00
   outer loop
     vertex  7.640133e+01  1.027057e+02  9.300220e+01
     vertex  7.595475e+01  1.015072e+02  9.300220e+01
     vertex  7.596290e+01  1.014225e+02  9.300220e+01
   endloop
 endfacet
 facet normal  0.000000e+00  0.000000e+00  1.000000e+00
   outer loop
     vertex  7.640133e+01  1.027057e+02  9.300220e+01
     vertex  7.621306e+01  1.007512e+02  9.300220e+01
     vertex  7.623720e+01  1.007161e+02  9.300220e+01
   endloop
 endfacet
 facet normal  0.000000e+00  0.000000e+00  1.000000e+00
   outer loop
     vertex  7.640133e+01  1.027057e+02  9.300220e+01
     vertex  7.623720e+01  1.007161e+02  9.300220e+01
     vertex  7.626229e+01  1.006818e+02  9.300220e+01
   endloop
 endfacet
 facet normal  0.000000e+00  0.000000e+00  1.000000e+00
   outer loop
     vertex  7.640133e+01  1.027057e+02  9.300220e+01
     vertex  7.637178e+01  1.026751e+02  9.300220e+01
     vertex  7.631525e+01  1.026115e+02  9.300220e+01
   endloop
 endfacet
 facet normal  0.000000e+00  0.000000e+00  1.000000e+00
   outer loop
     vertex  7.640133e+01  1.027057e+02  9.300220e+01
     vertex  7.601498e+01  1.020538e+02  9.300220e+01
     vertex  7.595241e+01  1.015496e+02  9.300220e+01
   endloop
 endfacet
 facet normal  0.000000e+00  0.000000e+00  1.000000e+00
   outer loop
     vertex  7.640133e+01  1.027057e+02  9.300220e+01
     vertex  7.631525e+01  1.026115e+02  9.300220e+01
     vertex  7.618989e+01  1.024400e+02  9.300220e+01
   endloop
 endfacet
 facet normal  0.000000e+00  0.000000e+00  1.000000e+00
   outer loop
     vertex  7.640133e+01  1.027057e+02  9.300220e+01
     vertex  7.599306e+01  1.012552e+02  9.300220e+01
     vertex  7.621306e+01  1.007512e+02  9.300220e+01
   endloop
 endfacet
 facet normal  0.000000e+00  0.000000e+00  1.000000e+00
   outer loop
     vertex  7.640133e+01  1.027057e+02  9.300220e+01
     vertex  7.614653e+01  1.023668e+02  9.300220e+01
     vertex  7.610725e+01  1.022914e+02  9.300220e+01
   endloop
 endfacet
 facet normal  0.000000e+00  0.000000e+00  1.000000e+00
   outer loop
     vertex  7.864488e+01  1.005673e+02  9.300220e+01
     vertex  7.835448e+01  1.003195e+02  9.300220e+01
     vertex  7.852342e+01  1.004483e+02  9.300220e+01
   endloop
 endfacet
 facet normal  0.000000e+00  0.000000e+00  1.000000e+00
   outer loop
     vertex  7.864488e+01  1.005673e+02  9.300220e+01
     vertex  7.852342e+01  1.004483e+02  9.300220e+01
     vertex  7.858578e+01  1.005062e+02  9.300220e+01
   endloop
 endfacet
 facet normal  0.000000e+00  0.000000e+00  1.000000e+00
   outer loop
     vertex  7.864488e+01  1.005673e+02  9.300220e+01
     vertex  7.858578e+01  1.005062e+02  9.300220e+01
     vertex  7.861575e+01  1.005363e+02  9.300220e+01
   endloop
 endfacet
 facet normal  0.000000e+00  0.000000e+00  1.000000e+00
   outer loop
     vertex  7.646289e+01  1.027643e+02  9.300220e+01
     vertex  7.643171e+01  1.027354e+02  9.300220e+01
     vertex  7.640133e+01  1.027057e+02  9.300220e+01
   endloop
 endfacet
 facet normal  0.000000e+00  0.000000e+00  1.000000e+00
   outer loop
     vertex  7.867314e+01  1.005991e+02  9.300220e+01
     vertex  7.835448e+01  1.003195e+02  9.300220e+01
     vertex  7.864488e+01  1.005673e+02  9.300220e+01
   endloop
 endfacet
 facet normal  0.000000e+00  0.000000e+00  1.000000e+00
   outer loop
     vertex  7.652758e+01  1.028195e+02  9.300220e+01
     vertex  7.649486e+01  1.027924e+02  9.300220e+01
     vertex  7.646289e+01  1.027643e+02  9.300220e+01
   endloop
 endfacet
 facet normal  0.000000e+00  0.000000e+00  1.000000e+00
   outer loop
     vertex  7.872701e+01  1.006649e+02  9.300220e+01
     vertex  7.867314e+01  1.005991e+02  9.300220e+01
     vertex  7.870053e+01  1.006316e+02  9.300220e+01
   endloop
 endfacet
 facet normal  0.000000e+00  0.000000e+00  1.000000e+00
   outer loop
     vertex  7.875257e+01  1.006989e+02  9.300220e+01
     vertex  7.867314e+01  1.005991e+02  9.300220e+01
     vertex  7.872701e+01  1.006649e+02  9.300220e+01
   endloop
 endfacet
 facet normal  0.000000e+00  0.000000e+00  1.000000e+00
   outer loop
     vertex  7.659520e+01  1.028711e+02  9.300220e+01
     vertex  7.646289e+01  1.027643e+02  9.300220e+01
     vertex  7.640133e+01  1.027057e+02  9.300220e+01
   endloop
 endfacet
 facet normal  0.000000e+00  0.000000e+00  1.000000e+00
   outer loop
     vertex  7.659520e+01  1.028711e+02  9.300220e+01
     vertex  7.652758e+01  1.028195e+02  9.300220e+01
     vertex  7.646289e+01  1.027643e+02  9.300220e+01
   endloop
 endfacet
 facet normal  0.000000e+00  0.000000e+00  1.000000e+00
   outer loop
     vertex  7.659520e+01  1.028711e+02  9.300220e+01
     vertex  7.656104e+01  1.028458e+02  9.300220e+01
     vertex  7.652758e+01  1.028195e+02  9.300220e+01
   endloop
 endfacet
 facet normal  0.000000e+00  0.000000e+00  1.000000e+00
   outer loop
     vertex  7.880085e+01  1.007689e+02  9.300220e+01
     vertex  7.875257e+01  1.006989e+02  9.300220e+01
     vertex  7.877719e+01  1.007336e+02  9.300220e+01
   endloop
 endfacet
 facet normal  0.000000e+00  0.000000e+00  1.000000e+00
   outer loop
     vertex  7.670168e+01  1.029413e+02  9.300220e+01
     vertex  7.666555e+01  1.029189e+02  9.300220e+01
     vertex  7.663005e+01  1.028955e+02  9.300220e+01
   endloop
 endfacet
 facet normal  0.000000e+00  0.000000e+00  1.000000e+00
   outer loop
     vertex  7.884521e+01  1.008415e+02  9.300220e+01
     vertex  7.880085e+01  1.007689e+02  9.300220e+01
     vertex  7.882352e+01  1.008049e+02  9.300220e+01
   endloop
 endfacet
 facet normal  0.000000e+00  0.000000e+00  1.000000e+00
   outer loop
     vertex  7.884521e+01  1.008415e+02  9.300220e+01
     vertex  7.875257e+01  1.006989e+02  9.300220e+01
     vertex  7.880085e+01  1.007689e+02  9.300220e+01
   endloop
 endfacet
 facet normal  0.000000e+00  0.000000e+00  1.000000e+00
   outer loop
     vertex  7.886588e+01  1.008786e+02  9.300220e+01
     vertex  7.875257e+01  1.006989e+02  9.300220e+01
     vertex  7.884521e+01  1.008415e+02  9.300220e+01
   endloop
 endfacet
 facet normal  0.000000e+00  0.000000e+00  1.000000e+00
   outer loop
     vertex  7.677571e+01  1.029832e+02  9.300220e+01
     vertex  7.673841e+01  1.029628e+02  9.300220e+01
     vertex  7.670168e+01  1.029413e+02  9.300220e+01
   endloop
 endfacet
 facet normal  0.000000e+00  0.000000e+00  1.000000e+00
   outer loop
     vertex  7.677571e+01  1.029832e+02  9.300220e+01
     vertex  7.670168e+01  1.029413e+02  9.300220e+01
     vertex  7.663005e+01  1.028955e+02  9.300220e+01
   endloop
 endfacet
 facet normal  0.000000e+00  0.000000e+00  1.000000e+00
   outer loop
     vertex  7.888552e+01  1.009164e+02  9.300220e+01
     vertex  7.867314e+01  1.005991e+02  9.300220e+01
     vertex  7.875257e+01  1.006989e+02  9.300220e+01
   endloop
 endfacet
 facet normal  0.000000e+00  0.000000e+00  1.000000e+00
   outer loop
     vertex  7.888552e+01  1.009164e+02  9.300220e+01
     vertex  7.875257e+01  1.006989e+02  9.300220e+01
     vertex  7.886588e+01  1.008786e+02  9.300220e+01
   endloop
 endfacet
 facet normal  0.000000e+00  0.000000e+00  1.000000e+00
   outer loop
     vertex  7.681357e+01  1.030026e+02  9.300220e+01
     vertex  7.677571e+01  1.029832e+02  9.300220e+01
     vertex  7.663005e+01  1.028955e+02  9.300220e+01
   endloop
 endfacet
 facet normal  0.000000e+00  0.000000e+00  1.000000e+00
   outer loop
     vertex  7.681357e+01  1.030026e+02  9.300220e+01
     vertex  7.659520e+01  1.028711e+02  9.300220e+01
     vertex  7.640133e+01  1.027057e+02  9.300220e+01
   endloop
 endfacet
 facet normal  0.000000e+00  0.000000e+00  1.000000e+00
   outer loop
     vertex  7.681357e+01  1.030026e+02  9.300220e+01
     vertex  7.663005e+01  1.028955e+02  9.300220e+01
     vertex  7.659520e+01  1.028711e+02  9.300220e+01
   endloop
 endfacet
 facet normal  0.000000e+00  0.000000e+00  1.000000e+00
   outer loop
     vertex  7.890412e+01  1.009546e+02  9.300220e+01
     vertex  7.867314e+01  1.005991e+02  9.300220e+01
     vertex  7.888552e+01  1.009164e+02  9.300220e+01
   endloop
 endfacet
 facet normal  0.000000e+00  0.000000e+00  1.000000e+00
   outer loop
     vertex  7.892167e+01  1.009933e+02  9.300220e+01
     vertex  7.867314e+01  1.005991e+02  9.300220e+01
     vertex  7.890412e+01  1.009546e+02  9.300220e+01
   endloop
 endfacet
 facet normal  0.000000e+00  0.000000e+00  1.000000e+00
   outer loop
     vertex  7.893815e+01  1.010325e+02  9.300220e+01
     vertex  7.867314e+01  1.005991e+02  9.300220e+01
     vertex  7.892167e+01  1.009933e+02  9.300220e+01
   endloop
 endfacet
 facet normal  0.000000e+00  0.000000e+00  1.000000e+00
   outer loop
     vertex  7.693011e+01  1.030544e+02  9.300220e+01
     vertex  7.689079e+01  1.030382e+02  9.300220e+01
     vertex  7.685194e+01  1.030209e+02  9.300220e+01
   endloop
 endfacet
 facet normal  0.000000e+00  0.000000e+00  1.000000e+00
   outer loop
     vertex  7.693011e+01  1.030544e+02  9.300220e+01
     vertex  7.685194e+01  1.030209e+02  9.300220e+01
     vertex  7.681357e+01  1.030026e+02  9.300220e+01
   endloop
 endfacet
 facet normal  0.000000e+00  0.000000e+00  1.000000e+00
   outer loop
     vertex  7.895354e+01  1.010722e+02  9.300220e+01
     vertex  7.867314e+01  1.005991e+02  9.300220e+01
     vertex  7.893815e+01  1.010325e+02  9.300220e+01
   endloop
 endfacet
 facet normal  0.000000e+00  0.000000e+00  1.000000e+00
   outer loop
     vertex  7.895354e+01  1.010722e+02  9.300220e+01
     vertex  7.835448e+01  1.003195e+02  9.300220e+01
     vertex  7.867314e+01  1.005991e+02  9.300220e+01
   endloop
 endfacet
 facet normal  0.000000e+00  0.000000e+00  1.000000e+00
   outer loop
     vertex  7.696986e+01  1.030695e+02  9.300220e+01
     vertex  7.693011e+01  1.030544e+02  9.300220e+01
     vertex  7.681357e+01  1.030026e+02  9.300220e+01
   endloop
 endfacet
 facet normal  0.000000e+00  0.000000e+00  1.000000e+00
   outer loop
     vertex  7.696986e+01  1.030695e+02  9.300220e+01
     vertex  7.681357e+01  1.030026e+02  9.300220e+01
     vertex  7.640133e+01  1.027057e+02  9.300220e+01
   endloop
 endfacet
 facet normal  0.000000e+00  0.000000e+00  1.000000e+00
   outer loop
     vertex  7.898104e+01  1.011527e+02  9.300220e+01
     vertex  7.895354e+01  1.010722e+02  9.300220e+01
     vertex  7.896784e+01  1.011122e+02  9.300220e+01
   endloop
 endfacet
 facet normal  0.000000e+00  0.000000e+00  1.000000e+00
   outer loop
     vertex  7.709138e+01  1.031083e+02  9.300220e+01
     vertex  7.705052e+01  1.030965e+02  9.300220e+01
     vertex  7.701001e+01  1.030835e+02  9.300220e+01
   endloop
 endfacet
 facet normal  0.000000e+00  0.000000e+00  1.000000e+00
   outer loop
     vertex  7.709138e+01  1.031083e+02  9.300220e+01
     vertex  7.701001e+01  1.030835e+02  9.300220e+01
     vertex  7.696986e+01  1.030695e+02  9.300220e+01
   endloop
 endfacet
 facet normal  0.000000e+00  0.000000e+00  1.000000e+00
   outer loop
     vertex  7.900408e+01  1.012345e+02  9.300220e+01
     vertex  7.898104e+01  1.011527e+02  9.300220e+01
     vertex  7.899312e+01  1.011934e+02  9.300220e+01
   endloop
 endfacet
 facet normal  0.000000e+00  0.000000e+00  1.000000e+00
   outer loop
     vertex  7.900408e+01  1.012345e+02  9.300220e+01
     vertex  7.895354e+01  1.010722e+02  9.300220e+01
     vertex  7.898104e+01  1.011527e+02  9.300220e+01
   endloop
 endfacet
 facet normal  0.000000e+00  0.000000e+00  1.000000e+00
   outer loop
     vertex  7.901391e+01  1.012759e+02  9.300220e+01
     vertex  7.895354e+01  1.010722e+02  9.300220e+01
     vertex  7.900408e+01  1.012345e+02  9.300220e+01
   endloop
 endfacet
 facet normal  0.000000e+00  0.000000e+00  1.000000e+00
   outer loop
     vertex  7.717399e+01  1.031285e+02  9.300220e+01
     vertex  7.713254e+01  1.031189e+02  9.300220e+01
     vertex  7.709138e+01  1.031083e+02  9.300220e+01
   endloop
 endfacet
 facet normal  0.000000e+00  0.000000e+00  1.000000e+00
   outer loop
     vertex  7.903014e+01  1.013594e+02  9.300220e+01
     vertex  7.901391e+01  1.012759e+02  9.300220e+01
     vertex  7.902260e+01  1.013175e+02  9.300220e+01
   endloop
 endfacet
 facet normal  0.000000e+00  0.000000e+00  1.000000e+00
   outer loop
     vertex  7.729966e+01  1.031503e+02  9.300220e+01
     vertex  7.725758e+01  1.031442e+02  9.300220e+01
     vertex  7.721567e+01  1.031369e+02  9.300220e+01
   endloop
 endfacet
 facet normal  0.000000e+00  0.000000e+00  1.000000e+00
   outer loop
     vertex  7.729966e+01  1.031503e+02  9.300220e+01
     vertex  7.721567e+01  1.031369e+02  9.300220e+01
     vertex  7.717399e+01  1.031285e+02  9.300220e+01
   endloop
 endfacet
 facet normal  0.000000e+00  0.000000e+00  1.000000e+00
   outer loop
     vertex  7.734190e+01  1.031552e+02  9.300220e+01
     vertex  7.729966e+01  1.031503e+02  9.300220e+01
     vertex  7.717399e+01  1.031285e+02  9.300220e+01
   endloop
 endfacet
 facet normal  0.000000e+00  0.000000e+00  1.000000e+00
   outer loop
     vertex  7.904585e+01  1.014860e+02  9.300220e+01
     vertex  7.895354e+01  1.010722e+02  9.300220e+01
     vertex  7.901391e+01  1.012759e+02  9.300220e+01
   endloop
 endfacet
 facet normal  0.000000e+00  0.000000e+00  1.000000e+00
   outer loop
     vertex  7.904585e+01  1.014860e+02  9.300220e+01
     vertex  7.701001e+01  1.001433e+02  9.300220e+01
     vertex  7.717399e+01  1.000983e+02  9.300220e+01
   endloop
 endfacet
 facet normal  0.000000e+00  0.000000e+00  1.000000e+00
   outer loop
     vertex  7.904585e+01  1.014860e+02  9.300220e+01
     vertex  7.717399e+01  1.000983e+02  9.300220e+01
     vertex  7.729966e+01  1.000765e+02  9.300220e+01
   endloop
 endfacet
 facet normal  0.000000e+00  0.000000e+00  1.000000e+00
   outer loop
     vertex  7.904585e+01  1.014860e+02  9.300220e+01
     vertex  7.835448e+01  1.003195e+02  9.300220e+01
     vertex  7.895354e+01  1.010722e+02  9.300220e+01
   endloop
 endfacet
 facet normal  0.000000e+00  0.000000e+00  1.000000e+00
   outer loop
     vertex  7.904585e+01  1.014860e+02  9.300220e+01
     vertex  7.903014e+01  1.013594e+02  9.300220e+01
     vertex  7.903654e+01  1.014014e+02  9.300220e+01
   endloop
 endfacet
 facet normal  0.000000e+00  0.000000e+00  1.000000e+00
   outer loop
     vertex  7.904585e+01  1.014860e+02  9.300220e+01
     vertex  7.903654e+01  1.014014e+02  9.300220e+01
     vertex  7.904177e+01  1.014436e+02  9.300220e+01
   endloop
 endfacet
 facet normal  0.000000e+00  0.000000e+00  1.000000e+00
   outer loop
     vertex  7.904585e+01  1.014860e+02  9.300220e+01
     vertex  7.643171e+01  1.004914e+02  9.300220e+01
     vertex  7.649486e+01  1.004344e+02  9.300220e+01
   endloop
 endfacet
 facet normal  0.000000e+00  0.000000e+00  1.000000e+00
   outer loop
     vertex  7.904585e+01  1.014860e+02  9.300220e+01
     vertex  7.901391e+01  1.012759e+02  9.300220e+01
     vertex  7.903014e+01  1.013594e+02  9.300220e+01
   endloop
 endfacet
 facet normal  0.000000e+00  0.000000e+00  1.000000e+00
   outer loop
     vertex  7.904585e+01  1.014860e+02  9.300220e+01
     vertex  7.649486e+01  1.004344e+02  9.300220e+01
     vertex  7.652758e+01  1.004073e+02  9.300220e+01
   endloop
 endfacet
 facet normal  0.000000e+00  0.000000e+00  1.000000e+00
   outer loop
     vertex  7.904585e+01  1.014860e+02  9.300220e+01
     vertex  7.652758e+01  1.004073e+02  9.300220e+01
     vertex  7.656104e+01  1.003810e+02  9.300220e+01
   endloop
 endfacet
 facet normal  0.000000e+00  0.000000e+00  1.000000e+00
   outer loop
     vertex  7.904585e+01  1.014860e+02  9.300220e+01
     vertex  7.656104e+01  1.003810e+02  9.300220e+01
     vertex  7.659520e+01  1.003557e+02  9.300220e+01
   endloop
 endfacet
 facet normal  0.000000e+00  0.000000e+00  1.000000e+00
   outer loop
     vertex  7.904585e+01  1.014860e+02  9.300220e+01
     vertex  7.659520e+01  1.003557e+02  9.300220e+01
     vertex  7.666555e+01  1.003079e+02  9.300220e+01
   endloop
 endfacet
 facet normal  0.000000e+00  0.000000e+00  1.000000e+00
   outer loop
     vertex  7.904585e+01  1.014860e+02  9.300220e+01
     vertex  7.666555e+01  1.003079e+02  9.300220e+01
     vertex  7.701001e+01  1.001433e+02  9.300220e+01
   endloop
 endfacet
 facet normal  0.000000e+00  0.000000e+00  1.000000e+00
   outer loop
     vertex  7.904585e+01  1.014860e+02  9.300220e+01
     vertex  7.729966e+01  1.000765e+02  9.300220e+01
     vertex  7.835448e+01  1.003195e+02  9.300220e+01
   endloop
 endfacet
 facet normal  0.000000e+00  0.000000e+00  1.000000e+00
   outer loop
     vertex  7.742670e+01  1.031616e+02  9.300220e+01
     vertex  7.738426e+01  1.031590e+02  9.300220e+01
     vertex  7.734190e+01  1.031552e+02  9.300220e+01
   endloop
 endfacet
 facet normal  0.000000e+00  0.000000e+00  1.000000e+00
   outer loop
     vertex  7.905110e+01  1.016134e+02  9.300220e+01
     vertex  7.904877e+01  1.015284e+02  9.300220e+01
     vertex  7.905052e+01  1.015709e+02  9.300220e+01
   endloop
 endfacet
 facet normal  0.000000e+00  0.000000e+00  1.000000e+00
   outer loop
     vertex  7.755425e+01  1.031625e+02  9.300220e+01
     vertex  7.751173e+01  1.031634e+02  9.300220e+01
     vertex  7.746921e+01  1.031631e+02  9.300220e+01
   endloop
 endfacet
 facet normal  0.000000e+00  0.000000e+00  1.000000e+00
   outer loop
     vertex  7.904877e+01  1.016984e+02  9.300220e+01
     vertex  7.905110e+01  1.016134e+02  9.300220e+01
     vertex  7.905052e+01  1.016559e+02  9.300220e+01
   endloop
 endfacet
 facet normal  0.000000e+00  0.000000e+00  1.000000e+00
   outer loop
     vertex  7.904877e+01  1.016984e+02  9.300220e+01
     vertex  7.904585e+01  1.014860e+02  9.300220e+01
     vertex  7.904877e+01  1.015284e+02  9.300220e+01
   endloop
 endfacet
 facet normal  0.000000e+00  0.000000e+00  1.000000e+00
   outer loop
     vertex  7.904877e+01  1.016984e+02  9.300220e+01
     vertex  7.904877e+01  1.015284e+02  9.300220e+01
     vertex  7.905110e+01  1.016134e+02  9.300220e+01
   endloop
 endfacet
 facet normal  0.000000e+00  0.000000e+00  1.000000e+00
   outer loop
     vertex  7.904585e+01  1.017408e+02  9.300220e+01
     vertex  7.904585e+01  1.014860e+02  9.300220e+01
     vertex  7.904877e+01  1.016984e+02  9.300220e+01
   endloop
 endfacet
 facet normal  0.000000e+00  0.000000e+00  1.000000e+00
   outer loop
     vertex  7.763913e+01  1.031572e+02  9.300220e+01
     vertex  7.759673e+01  1.031604e+02  9.300220e+01
     vertex  7.755425e+01  1.031625e+02  9.300220e+01
   endloop
 endfacet
 facet normal  0.000000e+00  0.000000e+00  1.000000e+00
   outer loop
     vertex  7.903654e+01  1.018254e+02  9.300220e+01
     vertex  7.904585e+01  1.017408e+02  9.300220e+01
     vertex  7.904177e+01  1.017832e+02  9.300220e+01
   endloop
 endfacet
 facet normal  0.000000e+00  0.000000e+00  1.000000e+00
   outer loop
     vertex  7.903654e+01  1.018254e+02  9.300220e+01
     vertex  7.904585e+01  1.014860e+02  9.300220e+01
     vertex  7.904585e+01  1.017408e+02  9.300220e+01
   endloop
 endfacet
 facet normal  0.000000e+00  0.000000e+00  1.000000e+00
   outer loop
     vertex  7.772360e+01  1.031473e+02  9.300220e+01
     vertex  7.768144e+01  1.031529e+02  9.300220e+01
     vertex  7.763913e+01  1.031572e+02  9.300220e+01
   endloop
 endfacet
 facet normal  0.000000e+00  0.000000e+00  1.000000e+00
   outer loop
     vertex  7.772360e+01  1.031473e+02  9.300220e+01
     vertex  7.755425e+01  1.031625e+02  9.300220e+01
     vertex  7.746921e+01  1.031631e+02  9.300220e+01
   endloop
 endfacet
 facet normal  0.000000e+00  0.000000e+00  1.000000e+00
   outer loop
     vertex  7.772360e+01  1.031473e+02  9.300220e+01
     vertex  7.763913e+01  1.031572e+02  9.300220e+01
     vertex  7.755425e+01  1.031625e+02  9.300220e+01
   endloop
 endfacet
 facet normal  0.000000e+00  0.000000e+00  1.000000e+00
   outer loop
     vertex  7.903014e+01  1.018674e+02  9.300220e+01
     vertex  7.904585e+01  1.014860e+02  9.300220e+01
     vertex  7.903654e+01  1.018254e+02  9.300220e+01
   endloop
 endfacet
 facet normal  0.000000e+00  0.000000e+00  1.000000e+00
   outer loop
     vertex  7.776560e+01  1.031407e+02  9.300220e+01
     vertex  7.772360e+01  1.031473e+02  9.300220e+01
     vertex  7.746921e+01  1.031631e+02  9.300220e+01
   endloop
 endfacet
 facet normal  0.000000e+00  0.000000e+00  1.000000e+00
   outer loop
     vertex  7.901391e+01  1.019509e+02  9.300220e+01
     vertex  7.903014e+01  1.018674e+02  9.300220e+01
     vertex  7.902260e+01  1.019093e+02  9.300220e+01
   endloop
 endfacet
 facet normal  0.000000e+00  0.000000e+00  1.000000e+00
   outer loop
     vertex  7.901391e+01  1.019509e+02  9.300220e+01
     vertex  7.904585e+01  1.014860e+02  9.300220e+01
     vertex  7.903014e+01  1.018674e+02  9.300220e+01
   endloop
 endfacet
 facet normal  0.000000e+00  0.000000e+00  1.000000e+00
   outer loop
     vertex  7.784897e+01  1.031239e+02  9.300220e+01
     vertex  7.780740e+01  1.031328e+02  9.300220e+01
     vertex  7.776560e+01  1.031407e+02  9.300220e+01
   endloop
 endfacet
 facet normal  0.000000e+00  0.000000e+00  1.000000e+00
   outer loop
     vertex  7.793129e+01  1.031025e+02  9.300220e+01
     vertex  7.709138e+01  1.031083e+02  9.300220e+01
     vertex  7.696986e+01  1.030695e+02  9.300220e+01
   endloop
 endfacet
 facet normal  0.000000e+00  0.000000e+00  1.000000e+00
   outer loop
     vertex  7.793129e+01  1.031025e+02  9.300220e+01
     vertex  7.717399e+01  1.031285e+02  9.300220e+01
     vertex  7.709138e+01  1.031083e+02  9.300220e+01
   endloop
 endfacet
 facet normal  0.000000e+00  0.000000e+00  1.000000e+00
   outer loop
     vertex  7.793129e+01  1.031025e+02  9.300220e+01
     vertex  7.789028e+01  1.031137e+02  9.300220e+01
     vertex  7.784897e+01  1.031239e+02  9.300220e+01
   endloop
 endfacet
 facet normal  0.000000e+00  0.000000e+00  1.000000e+00
   outer loop
     vertex  7.793129e+01  1.031025e+02  9.300220e+01
     vertex  7.784897e+01  1.031239e+02  9.300220e+01
     vertex  7.776560e+01  1.031407e+02  9.300220e+01
   endloop
 endfacet
 facet normal  0.000000e+00  0.000000e+00  1.000000e+00
   outer loop
     vertex  7.793129e+01  1.031025e+02  9.300220e+01
     vertex  7.734190e+01  1.031552e+02  9.300220e+01
     vertex  7.717399e+01  1.031285e+02  9.300220e+01
   endloop
 endfacet
 facet normal  0.000000e+00  0.000000e+00  1.000000e+00
   outer loop
     vertex  7.793129e+01  1.031025e+02  9.300220e+01
     vertex  7.746921e+01  1.031631e+02  9.300220e+01
     vertex  7.742670e+01  1.031616e+02  9.300220e+01
   endloop
 endfacet
 facet normal  0.000000e+00  0.000000e+00  1.000000e+00
   outer loop
     vertex  7.793129e+01  1.031025e+02  9.300220e+01
     vertex  7.742670e+01  1.031616e+02  9.300220e+01
     vertex  7.734190e+01  1.031552e+02  9.300220e+01
   endloop
 endfacet
 facet normal  0.000000e+00  0.000000e+00  1.000000e+00
   outer loop
     vertex  7.793129e+01  1.031025e+02  9.300220e+01
     vertex  7.776560e+01  1.031407e+02  9.300220e+01
     vertex  7.746921e+01  1.031631e+02  9.300220e+01
   endloop
 endfacet
 facet normal  0.000000e+00  0.000000e+00  1.000000e+00
   outer loop
     vertex  7.896784e+01  1.021146e+02  9.300220e+01
     vertex  7.904585e+01  1.014860e+02  9.300220e+01
     vertex  7.901391e+01  1.019509e+02  9.300220e+01
   endloop
 endfacet
 facet normal  0.000000e+00  0.000000e+00  1.000000e+00
   outer loop
     vertex  7.896784e+01  1.021146e+02  9.300220e+01
     vertex  7.901391e+01  1.019509e+02  9.300220e+01
     vertex  7.900408e+01  1.019923e+02  9.300220e+01
   endloop
 endfacet
 facet normal  0.000000e+00  0.000000e+00  1.000000e+00
   outer loop
     vertex  7.896784e+01  1.021146e+02  9.300220e+01
     vertex  7.900408e+01  1.019923e+02  9.300220e+01
     vertex  7.899312e+01  1.020334e+02  9.300220e+01
   endloop
 endfacet
 facet normal  0.000000e+00  0.000000e+00  1.000000e+00
   outer loop
     vertex  7.896784e+01  1.021146e+02  9.300220e+01
     vertex  7.899312e+01  1.020334e+02  9.300220e+01
     vertex  7.898104e+01  1.020741e+02  9.300220e+01
   endloop
 endfacet
 facet normal  0.000000e+00  0.000000e+00  1.000000e+00
   outer loop
     vertex  7.805227e+01  1.030621e+02  9.300220e+01
     vertex  7.801232e+01  1.030767e+02  9.300220e+01
     vertex  7.797198e+01  1.030901e+02  9.300220e+01
   endloop
 endfacet
 facet normal  0.000000e+00  0.000000e+00  1.000000e+00
   outer loop
     vertex  7.805227e+01  1.030621e+02  9.300220e+01
     vertex  7.797198e+01  1.030901e+02  9.300220e+01
     vertex  7.793129e+01  1.031025e+02  9.300220e+01
   endloop
 endfacet
 facet normal  0.000000e+00  0.000000e+00  1.000000e+00
   outer loop
     vertex  7.893815e+01  1.021943e+02  9.300220e+01
     vertex  7.896784e+01  1.021146e+02  9.300220e+01
     vertex  7.895354e+01  1.021546e+02  9.300220e+01
   endloop
 endfacet
 facet normal  0.000000e+00  0.000000e+00  1.000000e+00
   outer loop
     vertex  7.890412e+01  1.022722e+02  9.300220e+01
     vertex  7.893815e+01  1.021943e+02  9.300220e+01
     vertex  7.892167e+01  1.022335e+02  9.300220e+01
   endloop
 endfacet
 facet normal  0.000000e+00  0.000000e+00  1.000000e+00
   outer loop
     vertex  7.890412e+01  1.022722e+02  9.300220e+01
     vertex  7.896784e+01  1.021146e+02  9.300220e+01
     vertex  7.893815e+01  1.021943e+02  9.300220e+01
   endloop
 endfacet
 facet normal  0.000000e+00  0.000000e+00  1.000000e+00
   outer loop
     vertex  7.890412e+01  1.022722e+02  9.300220e+01
     vertex  7.904585e+01  1.014860e+02  9.300220e+01
     vertex  7.896784e+01  1.021146e+02  9.300220e+01
   endloop
 endfacet
 facet normal  0.000000e+00  0.000000e+00  1.000000e+00
   outer loop
     vertex  7.816951e+01  1.030119e+02  9.300220e+01
     vertex  7.813089e+01  1.030297e+02  9.300220e+01
     vertex  7.809180e+01  1.030464e+02  9.300220e+01
   endloop
 endfacet
 facet normal  0.000000e+00  0.000000e+00  1.000000e+00
   outer loop
     vertex  7.886588e+01  1.023482e+02  9.300220e+01
     vertex  7.890412e+01  1.022722e+02  9.300220e+01
     vertex  7.888552e+01  1.023104e+02  9.300220e+01
   endloop
 endfacet
 facet normal  0.000000e+00  0.000000e+00  1.000000e+00
   outer loop
     vertex  7.824521e+01  1.029731e+02  9.300220e+01
     vertex  7.816951e+01  1.030119e+02  9.300220e+01
     vertex  7.809180e+01  1.030464e+02  9.300220e+01
   endloop
 endfacet
 facet normal  0.000000e+00  0.000000e+00  1.000000e+00
   outer loop
     vertex  7.824521e+01  1.029731e+02  9.300220e+01
     vertex  7.820763e+01  1.029930e+02  9.300220e+01
     vertex  7.816951e+01  1.030119e+02  9.300220e+01
   endloop
 endfacet
 facet normal  0.000000e+00  0.000000e+00  1.000000e+00
   outer loop
     vertex  7.824521e+01  1.029731e+02  9.300220e+01
     vertex  7.809180e+01  1.030464e+02  9.300220e+01
     vertex  7.805227e+01  1.030621e+02  9.300220e+01
   endloop
 endfacet
 facet normal  0.000000e+00  0.000000e+00  1.000000e+00
   outer loop
     vertex  7.884521e+01  1.023853e+02  9.300220e+01
     vertex  7.890412e+01  1.022722e+02  9.300220e+01
     vertex  7.886588e+01  1.023482e+02  9.300220e+01
   endloop
 endfacet
 facet normal  0.000000e+00  0.000000e+00  1.000000e+00
   outer loop
     vertex  7.882352e+01  1.024219e+02  9.300220e+01
     vertex  7.890412e+01  1.022722e+02  9.300220e+01
     vertex  7.884521e+01  1.023853e+02  9.300220e+01
   endloop
 endfacet
 facet normal  0.000000e+00  0.000000e+00  1.000000e+00
   outer loop
     vertex  7.831866e+01  1.029302e+02  9.300220e+01
     vertex  7.828223e+01  1.029522e+02  9.300220e+01
     vertex  7.824521e+01  1.029731e+02  9.300220e+01
   endloop
 endfacet
 facet normal  0.000000e+00  0.000000e+00  1.000000e+00
   outer loop
     vertex  7.835448e+01  1.029073e+02  9.300220e+01
     vertex  7.793129e+01  1.031025e+02  9.300220e+01
     vertex  7.696986e+01  1.030695e+02  9.300220e+01
   endloop
 endfacet
 facet normal  0.000000e+00  0.000000e+00  1.000000e+00
   outer loop
     vertex  7.835448e+01  1.029073e+02  9.300220e+01
     vertex  7.805227e+01  1.030621e+02  9.300220e+01
     vertex  7.793129e+01  1.031025e+02  9.300220e+01
   endloop
 endfacet
 facet normal  0.000000e+00  0.000000e+00  1.000000e+00
   outer loop
     vertex  7.835448e+01  1.029073e+02  9.300220e+01
     vertex  7.831866e+01  1.029302e+02  9.300220e+01
     vertex  7.824521e+01  1.029731e+02  9.300220e+01
   endloop
 endfacet
 facet normal  0.000000e+00  0.000000e+00  1.000000e+00
   outer loop
     vertex  7.835448e+01  1.029073e+02  9.300220e+01
     vertex  7.824521e+01  1.029731e+02  9.300220e+01
     vertex  7.805227e+01  1.030621e+02  9.300220e+01
   endloop
 endfacet
 facet normal  0.000000e+00  0.000000e+00  1.000000e+00
   outer loop
     vertex  7.877719e+01  1.024932e+02  9.300220e+01
     vertex  7.882352e+01  1.024219e+02  9.300220e+01
     vertex  7.880085e+01  1.024579e+02  9.300220e+01
   endloop
 endfacet
 facet normal  0.000000e+00  0.000000e+00  1.000000e+00
   outer loop
     vertex  7.877719e+01  1.024932e+02  9.300220e+01
     vertex  7.890412e+01  1.022722e+02  9.300220e+01
     vertex  7.882352e+01  1.024219e+02  9.300220e+01
   endloop
 endfacet
 facet normal  0.000000e+00  0.000000e+00  1.000000e+00
   outer loop
     vertex  7.875257e+01  1.025279e+02  9.300220e+01
     vertex  7.890412e+01  1.022722e+02  9.300220e+01
     vertex  7.877719e+01  1.024932e+02  9.300220e+01
   endloop
 endfacet
 facet normal  0.000000e+00  0.000000e+00  1.000000e+00
   outer loop
     vertex  7.842417e+01  1.028586e+02  9.300220e+01
     vertex  7.838966e+01  1.028834e+02  9.300220e+01
     vertex  7.835448e+01  1.029073e+02  9.300220e+01
   endloop
 endfacet
 facet normal  0.000000e+00  0.000000e+00  1.000000e+00
   outer loop
     vertex  7.849107e+01  1.028061e+02  9.300220e+01
     vertex  7.842417e+01  1.028586e+02  9.300220e+01
     vertex  7.835448e+01  1.029073e+02  9.300220e+01
   endloop
 endfacet
 facet normal  0.000000e+00  0.000000e+00  1.000000e+00
   outer loop
     vertex  7.849107e+01  1.028061e+02  9.300220e+01
     vertex  7.845798e+01  1.028328e+02  9.300220e+01
     vertex  7.842417e+01  1.028586e+02  9.300220e+01
   endloop
 endfacet
 facet normal  0.000000e+00  0.000000e+00  1.000000e+00
   outer loop
     vertex  7.867314e+01  1.026277e+02  9.300220e+01
     vertex  7.875257e+01  1.025279e+02  9.300220e+01
     vertex  7.872701e+01  1.025619e+02  9.300220e+01
   endloop
 endfacet
 facet normal  0.000000e+00  0.000000e+00  1.000000e+00
   outer loop
     vertex  7.867314e+01  1.026277e+02  9.300220e+01
     vertex  7.872701e+01  1.025619e+02  9.300220e+01
     vertex  7.870053e+01  1.025952e+02  9.300220e+01
   endloop
 endfacet
 facet normal  0.000000e+00  0.000000e+00  1.000000e+00
   outer loop
     vertex  7.852342e+01  1.027785e+02  9.300220e+01
     vertex  7.849107e+01  1.028061e+02  9.300220e+01
     vertex  7.835448e+01  1.029073e+02  9.300220e+01
   endloop
 endfacet
 facet normal  0.000000e+00  0.000000e+00  1.000000e+00
   outer loop
     vertex  7.864488e+01  1.026595e+02  9.300220e+01
     vertex  7.875257e+01  1.025279e+02  9.300220e+01
     vertex  7.867314e+01  1.026277e+02  9.300220e+01
   endloop
 endfacet
 facet normal  0.000000e+00  0.000000e+00  1.000000e+00
   outer loop
     vertex  7.858578e+01  1.027206e+02  9.300220e+01
     vertex  7.696986e+01  1.030695e+02  9.300220e+01
     vertex  7.640133e+01  1.027057e+02  9.300220e+01
   endloop
 endfacet
 facet normal  0.000000e+00  0.000000e+00  1.000000e+00
   outer loop
     vertex  7.858578e+01  1.027206e+02  9.300220e+01
     vertex  7.864488e+01  1.026595e+02  9.300220e+01
     vertex  7.861575e+01  1.026905e+02  9.300220e+01
   endloop
 endfacet
 facet normal  0.000000e+00  0.000000e+00  1.000000e+00
   outer loop
     vertex  7.858578e+01  1.027206e+02  9.300220e+01
     vertex  7.855500e+01  1.027500e+02  9.300220e+01
     vertex  7.852342e+01  1.027785e+02  9.300220e+01
   endloop
 endfacet
 facet normal  0.000000e+00  0.000000e+00  1.000000e+00
   outer loop
     vertex  7.858578e+01  1.027206e+02  9.300220e+01
     vertex  7.640133e+01  1.027057e+02  9.300220e+01
     vertex  7.626229e+01  1.006818e+02  9.300220e+01
   endloop
 endfacet
 facet normal  0.000000e+00  0.000000e+00  1.000000e+00
   outer loop
     vertex  7.858578e+01  1.027206e+02  9.300220e+01
     vertex  7.904585e+01  1.014860e+02  9.300220e+01
     vertex  7.890412e+01  1.022722e+02  9.300220e+01
   endloop
 endfacet
 facet normal  0.000000e+00  0.000000e+00  1.000000e+00
   outer loop
     vertex  7.858578e+01  1.027206e+02  9.300220e+01
     vertex  7.634308e+01  1.005831e+02  9.300220e+01
     vertex  7.640133e+01  1.005211e+02  9.300220e+01
   endloop
 endfacet
 facet normal  0.000000e+00  0.000000e+00  1.000000e+00
   outer loop
     vertex  7.858578e+01  1.027206e+02  9.300220e+01
     vertex  7.640133e+01  1.005211e+02  9.300220e+01
     vertex  7.643171e+01  1.004914e+02  9.300220e+01
   endloop
 endfacet
 facet normal  0.000000e+00  0.000000e+00  1.000000e+00
   outer loop
     vertex  7.858578e+01  1.027206e+02  9.300220e+01
     vertex  7.643171e+01  1.004914e+02  9.300220e+01
     vertex  7.904585e+01  1.014860e+02  9.300220e+01
   endloop
 endfacet
 facet normal  0.000000e+00  0.000000e+00  1.000000e+00
   outer loop
     vertex  7.858578e+01  1.027206e+02  9.300220e+01
     vertex  7.626229e+01  1.006818e+02  9.300220e+01
     vertex  7.634308e+01  1.005831e+02  9.300220e+01
   endloop
 endfacet
 facet normal  0.000000e+00  0.000000e+00  1.000000e+00
   outer loop
     vertex  7.858578e+01  1.027206e+02  9.300220e+01
     vertex  7.890412e+01  1.022722e+02  9.300220e+01
     vertex  7.875257e+01  1.025279e+02  9.300220e+01
   endloop
 endfacet
 facet normal  0.000000e+00  0.000000e+00  1.000000e+00
   outer loop
     vertex  7.858578e+01  1.027206e+02  9.300220e+01
     vertex  7.835448e+01  1.029073e+02  9.300220e+01
     vertex  7.696986e+01  1.030695e+02  9.300220e+01
   endloop
 endfacet
 facet normal  0.000000e+00  0.000000e+00  1.000000e+00
   outer loop
     vertex  7.858578e+01  1.027206e+02  9.300220e+01
     vertex  7.875257e+01  1.025279e+02  9.300220e+01
     vertex  7.864488e+01  1.026595e+02  9.300220e+01
   endloop
 endfacet
 facet normal  0.000000e+00  0.000000e+00  1.000000e+00
   outer loop
     vertex  7.858578e+01  1.027206e+02  9.300220e+01
     vertex  7.852342e+01  1.027785e+02  9.300220e+01
     vertex  7.835448e+01  1.029073e+02  9.300220e+01
   endloop
 endfacet
endsolid
